image_path,text_prompt
./dataset/00000001.jpg,football field
./dataset/00000002.jpg,football field
./dataset/00000003.jpg,football field
./dataset/00000004.jpg,football field
./dataset/00000005.jpg,football field
./dataset/00000006.jpg,football field
./dataset/00000007.jpg,football field
./dataset/00000008.jpg,football field
./dataset/00000009.jpg,football field
./dataset/00000010.jpg,football field
./dataset/00000011.jpg,football field
./dataset/00000012.jpg,football field
./dataset/00000013.jpg,football field
./dataset/00000014.jpg,football field
./dataset/00000015.jpg,football field
./dataset/00000016.jpg,football field
./dataset/00000017.jpg,football field
./dataset/00000018.jpg,football field
./dataset/00000019.jpg,football field
./dataset/00000020.jpg,football field
./dataset/00000021.jpg,football field
./dataset/00000022.jpg,football field
./dataset/00000023.jpg,football field
./dataset/00000024.jpg,football field
./dataset/00000025.jpg,football field
./dataset/00000026.jpg,football field
./dataset/00000027.jpg,football field
./dataset/00000028.jpg,football field
./dataset/00000029.jpg,football field
./dataset/00000030.jpg,football field
./dataset/00000031.jpg,football field
./dataset/00000032.jpg,football field
./dataset/00000033.jpg,football field
./dataset/00000034.jpg,football field
./dataset/00000035.jpg,football field
./dataset/00000036.jpg,football field
./dataset/00000037.jpg,football field
./dataset/00000038.jpg,football field
./dataset/00000039.jpg,football field
./dataset/00000040.jpg,football field
./dataset/00000041.jpg,football field
./dataset/00000042.jpg,football field
./dataset/00000043.jpg,football field
./dataset/00000044.jpg,football field
./dataset/00000045.jpg,football field
./dataset/00000046.jpg,football field
./dataset/00000047.jpg,football field
./dataset/00000048.jpg,football field
./dataset/00000049.jpg,football field
./dataset/00000050.jpg,football field
./dataset/00000051.jpg,football field
./dataset/00000052.jpg,football field
./dataset/00000053.jpg,football field
./dataset/00000054.jpg,football field
./dataset/00000055.jpg,football field
./dataset/00000056.jpg,football field
./dataset/00000057.jpg,football field
./dataset/00000058.jpg,football field
./dataset/00000059.jpg,football field
./dataset/00000060.jpg,football field
./dataset/00000061.jpg,football field
./dataset/00000062.jpg,football field
./dataset/00000063.jpg,football field
./dataset/00000064.jpg,football field
./dataset/00000065.jpg,football field
./dataset/00000066.jpg,football field
./dataset/00000067.jpg,football field
./dataset/00000068.jpg,football field
./dataset/00000069.jpg,football field
./dataset/00000070.jpg,football field
./dataset/00000071.jpg,football field
./dataset/00000072.jpg,football field
./dataset/00000073.jpg,football field
./dataset/00000074.jpg,football field
./dataset/00000075.jpg,football field
./dataset/00000076.jpg,football field
./dataset/00000077.jpg,football field
./dataset/00000078.jpg,football field
./dataset/00000079.jpg,football field
./dataset/00000080.jpg,football field
./dataset/00000081.jpg,football field
./dataset/00000082.jpg,football field
./dataset/00000083.jpg,football field
./dataset/00000084.jpg,football field
./dataset/00000085.jpg,football field
./dataset/00000086.jpg,football field
./dataset/00000087.jpg,football field
./dataset/00000088.jpg,football field
./dataset/00000089.jpg,football field
./dataset/00000090.jpg,football field
./dataset/00000091.jpg,football field
./dataset/00000092.jpg,football field
./dataset/00000093.jpg,football field
./dataset/00000094.jpg,football field
./dataset/00000095.jpg,football field
./dataset/00000096.jpg,football field
./dataset/00000097.jpg,football field
./dataset/00000098.jpg,football field
./dataset/00000099.jpg,football field
./dataset/00000100.jpg,football field
./dataset/00000101.jpg,football field
./dataset/00000102.jpg,football field
./dataset/00000103.jpg,football field
./dataset/00000104.jpg,football field
./dataset/00000105.jpg,football field
./dataset/00000106.jpg,football field
./dataset/00000107.jpg,football field
./dataset/00000108.jpg,football field
./dataset/00000109.jpg,football field
./dataset/00000110.jpg,football field
./dataset/00000111.jpg,football field
./dataset/00000112.jpg,football field
./dataset/00000113.jpg,football field
./dataset/00000114.jpg,football field
./dataset/00000115.jpg,football field
./dataset/00000116.jpg,football field
./dataset/00000117.jpg,football field
./dataset/00000118.jpg,football field
./dataset/00000119.jpg,football field
./dataset/00000120.jpg,football field
./dataset/00000121.jpg,football field
./dataset/00000122.jpg,football field
./dataset/00000123.jpg,football field
./dataset/00000124.jpg,football field
./dataset/00000125.jpg,football field
./dataset/00000126.jpg,football field
./dataset/00000127.jpg,football field
./dataset/00000128.jpg,football field
./dataset/00000129.jpg,football field
./dataset/00000130.jpg,football field
./dataset/00000131.jpg,football field
./dataset/00000132.jpg,football field
./dataset/00000133.jpg,football field
./dataset/00000134.jpg,football field
./dataset/00000135.jpg,football field
./dataset/00000136.jpg,football field
./dataset/00000137.jpg,football field
./dataset/00000138.jpg,football field
./dataset/00000139.jpg,football field
./dataset/00000140.jpg,football field
./dataset/00000141.jpg,football field
./dataset/00000142.jpg,football field
./dataset/00000143.jpg,football field
./dataset/00000144.jpg,football field
./dataset/00000145.jpg,football field
./dataset/00000146.jpg,football field
./dataset/00000147.jpg,football field
./dataset/00000148.jpg,football field
./dataset/00000149.jpg,football field
./dataset/00000150.jpg,football field
./dataset/00000151.jpg,football field
./dataset/00000152.jpg,football field
./dataset/00000153.jpg,football field
./dataset/00000154.jpg,football field
./dataset/00000155.jpg,football field
./dataset/00000156.jpg,football field
./dataset/00000157.jpg,football field
./dataset/00000158.jpg,football field
./dataset/00000159.jpg,football field
./dataset/00000160.jpg,football field
./dataset/00000161.jpg,football field
./dataset/00000162.jpg,football field
./dataset/00000163.jpg,football field
./dataset/00000164.jpg,football field
./dataset/00000165.jpg,football field
./dataset/00000166.jpg,football field
./dataset/00000167.jpg,football field
./dataset/00000168.jpg,football field
./dataset/00000169.jpg,football field
./dataset/00000170.jpg,football field
./dataset/00000171.jpg,football field
./dataset/00000172.jpg,football field
./dataset/00000173.jpg,football field
./dataset/00000174.jpg,football field
./dataset/00000175.jpg,football field
./dataset/00000176.jpg,football field
./dataset/00000177.jpg,football field
./dataset/00000178.jpg,football field
./dataset/00000179.jpg,football field
./dataset/00000180.jpg,football field
./dataset/00000181.jpg,football field
./dataset/00000182.jpg,football field
./dataset/00000183.jpg,football field
./dataset/00000184.jpg,football field
./dataset/00000185.jpg,football field
./dataset/00000186.jpg,football field
./dataset/00000187.jpg,football field
./dataset/00000188.jpg,football field
./dataset/00000189.jpg,football field
./dataset/00000190.jpg,football field
./dataset/00000191.jpg,football field
./dataset/00000192.jpg,football field
./dataset/00000193.jpg,football field
./dataset/00000194.jpg,football field
./dataset/00000195.jpg,football field
./dataset/00000196.jpg,football field
./dataset/00000197.jpg,football field
./dataset/00000198.jpg,football field
./dataset/00000199.jpg,football field
./dataset/00000200.jpg,football field
./dataset/00000201.jpg,football field
./dataset/00000202.jpg,football field
./dataset/00000203.jpg,football field
./dataset/00000204.jpg,football field
./dataset/00000205.jpg,football field
./dataset/00000206.jpg,football field
./dataset/00000207.jpg,football field
./dataset/00000208.jpg,football field
./dataset/00000209.jpg,football field
./dataset/00000210.jpg,football field
./dataset/00000211.jpg,football field
./dataset/00000212.jpg,football field
./dataset/00000213.jpg,football field
./dataset/00000214.jpg,football field
./dataset/00000215.jpg,football field
./dataset/00000216.jpg,football field
./dataset/00000217.jpg,football field
./dataset/00000218.jpg,football field
./dataset/00000219.jpg,football field
./dataset/00000220.jpg,football field
./dataset/00000221.jpg,football field
./dataset/00000222.jpg,football field
./dataset/00000223.jpg,football field
./dataset/00000224.jpg,football field
./dataset/00000225.jpg,football field
./dataset/00000226.jpg,football field
./dataset/00000227.jpg,football field
./dataset/00000228.jpg,football field
./dataset/00000229.jpg,football field
./dataset/00000230.jpg,football field
./dataset/00000231.jpg,football field
./dataset/00000232.jpg,football field
./dataset/00000233.jpg,football field
./dataset/00000234.jpg,football field
./dataset/00000235.jpg,football field
./dataset/00000236.jpg,football field
./dataset/00000237.jpg,football field
./dataset/00000238.jpg,football field
./dataset/00000239.jpg,football field
./dataset/00000240.jpg,football field
./dataset/00000241.jpg,football field
./dataset/00000242.jpg,football field
./dataset/00000243.jpg,football field
./dataset/00000244.jpg,football field
./dataset/00000245.jpg,football field
./dataset/00000246.jpg,football field
./dataset/00000247.jpg,football field
./dataset/00000248.jpg,football field
./dataset/00000249.jpg,football field
./dataset/00000250.jpg,football field
./dataset/00000251.jpg,football field
./dataset/00000252.jpg,football field
./dataset/00000253.jpg,football field
./dataset/00000254.jpg,football field
./dataset/00000255.jpg,football field
./dataset/00000256.jpg,football field
./dataset/00000257.jpg,football field
./dataset/00000258.jpg,football field
./dataset/00000259.jpg,football field
./dataset/00000260.jpg,football field
./dataset/00000261.jpg,football field
./dataset/00000262.jpg,football field
./dataset/00000263.jpg,football field
./dataset/00000264.jpg,football field
./dataset/00000265.jpg,football field
./dataset/00000266.jpg,football field
./dataset/00000267.jpg,football field
./dataset/00000268.jpg,football field
./dataset/00000269.jpg,football field
./dataset/00000270.jpg,football field
./dataset/00000271.jpg,football field
./dataset/00000272.jpg,football field
./dataset/00000273.jpg,football field
./dataset/00000274.jpg,football field
./dataset/00000275.jpg,football field
./dataset/00000276.jpg,football field
./dataset/00000277.jpg,football field
./dataset/00000278.jpg,football field
./dataset/00000279.jpg,football field
./dataset/00000280.jpg,football field
./dataset/00000281.jpg,football field
./dataset/00000282.jpg,football field
./dataset/00000283.jpg,football field
./dataset/00000284.jpg,football field
./dataset/00000285.jpg,football field
./dataset/00000286.jpg,football field
./dataset/00000287.jpg,football field
./dataset/00000288.jpg,football field
./dataset/00000289.jpg,football field
./dataset/00000290.jpg,football field
./dataset/00000291.jpg,football field
./dataset/00000292.jpg,football field
./dataset/00000293.jpg,football field
./dataset/00000294.jpg,football field
./dataset/00000295.jpg,football field
./dataset/00000296.jpg,football field
./dataset/00000297.jpg,football field
./dataset/00000298.jpg,football field
./dataset/00000299.jpg,football field
./dataset/00000300.jpg,football field
./dataset/00000301.jpg,football field
./dataset/00000302.jpg,football field
./dataset/00000303.jpg,football field
./dataset/00000304.jpg,football field
./dataset/00000305.jpg,football field
./dataset/00000306.jpg,football field
./dataset/00000307.jpg,football field
./dataset/00000308.jpg,football field
./dataset/00000309.jpg,football field
./dataset/00000310.jpg,football field
./dataset/00000311.jpg,football field
./dataset/00000312.jpg,football field
./dataset/00000313.jpg,football field
./dataset/00000314.jpg,football field
./dataset/00000315.jpg,football field
./dataset/00000316.jpg,football field
./dataset/00000317.jpg,football field
./dataset/00000318.jpg,football field
./dataset/00000319.jpg,football field
./dataset/00000320.jpg,football field
./dataset/00000321.jpg,football field
./dataset/00000322.jpg,football field
./dataset/00000323.jpg,football field
./dataset/00000324.jpg,football field
./dataset/00000325.jpg,football field
./dataset/00000326.jpg,football field
./dataset/00000327.jpg,football field
./dataset/00000328.jpg,football field
./dataset/00000329.jpg,football field
./dataset/00000330.jpg,football field
./dataset/00000331.jpg,football field
./dataset/00000332.jpg,football field
./dataset/00000333.jpg,football field
./dataset/00000334.jpg,football field
./dataset/00000335.jpg,football field
./dataset/00000336.jpg,football field
./dataset/00000337.jpg,football field
./dataset/00000338.jpg,football field
./dataset/00000339.jpg,football field
./dataset/00000340.jpg,football field
./dataset/00000341.jpg,football field
./dataset/00000342.jpg,football field
./dataset/00000343.jpg,football field
./dataset/00000344.jpg,football field
./dataset/00000345.jpg,football field
./dataset/00000346.jpg,football field
./dataset/00000347.jpg,football field
./dataset/00000348.jpg,football field
./dataset/00000349.jpg,football field
./dataset/00000350.jpg,football field
./dataset/00000351.jpg,football field
./dataset/00000352.jpg,football field
./dataset/00000353.jpg,football field
./dataset/00000354.jpg,football field
./dataset/00000355.jpg,football field
./dataset/00000356.jpg,football field
./dataset/00000357.jpg,football field
./dataset/00000358.jpg,football field
./dataset/00000359.jpg,football field
./dataset/00000360.jpg,football field
./dataset/00000361.jpg,football field
./dataset/00000362.jpg,football field
./dataset/00000363.jpg,football field
./dataset/00000364.jpg,football field
./dataset/00000365.jpg,football field
./dataset/00000366.jpg,football field
./dataset/00000367.jpg,football field
./dataset/00000368.jpg,football field
./dataset/00000369.jpg,football field
./dataset/00000370.jpg,football field
./dataset/00000371.jpg,football field
./dataset/00000372.jpg,football field
./dataset/00000373.jpg,football field
./dataset/00000374.jpg,football field
./dataset/00000375.jpg,football field
./dataset/00000376.jpg,football field
./dataset/00000377.jpg,football field
./dataset/00000378.jpg,football field
./dataset/00000379.jpg,football field
./dataset/00000380.jpg,football field
./dataset/00000381.jpg,football field
./dataset/00000382.jpg,football field
./dataset/00000383.jpg,football field
./dataset/00000384.jpg,football field
./dataset/00000385.jpg,football field
./dataset/00000386.jpg,football field
./dataset/00000387.jpg,football field
./dataset/00000388.jpg,football field
./dataset/00000389.jpg,football field
./dataset/00000390.jpg,football field
./dataset/00000391.jpg,football field
./dataset/00000392.jpg,football field
./dataset/00000393.jpg,football field
./dataset/00000394.jpg,football field
./dataset/00000395.jpg,football field
./dataset/00000396.jpg,football field
./dataset/00000397.jpg,football field
./dataset/00000398.jpg,football field
./dataset/00000399.jpg,football field
./dataset/00000400.jpg,football field
./dataset/00000401.jpg,football field
./dataset/00000402.jpg,football field
./dataset/00000403.jpg,football field
./dataset/00000404.jpg,football field
./dataset/00000405.jpg,football field
./dataset/00000406.jpg,football field
./dataset/00000407.jpg,football field
./dataset/00000408.jpg,football field
./dataset/00000409.jpg,football field
./dataset/00000410.jpg,football field
./dataset/00000411.jpg,football field
./dataset/00000412.jpg,football field
./dataset/00000413.jpg,football field
./dataset/00000414.jpg,football field
./dataset/00000415.jpg,football field
./dataset/00000416.jpg,football field
./dataset/00000417.jpg,football field
./dataset/00000418.jpg,football field
./dataset/00000419.jpg,football field
./dataset/00000420.jpg,football field
./dataset/00000421.jpg,football field
./dataset/00000422.jpg,football field
./dataset/00000423.jpg,football field
./dataset/00000424.jpg,football field
./dataset/00000425.jpg,football field
./dataset/00000426.jpg,football field
./dataset/00000427.jpg,football field
./dataset/00000428.jpg,football field
./dataset/00000429.jpg,football field
./dataset/00000430.jpg,football field
./dataset/00000431.jpg,football field
./dataset/00000432.jpg,football field
./dataset/00000433.jpg,football field
./dataset/00000434.jpg,football field
./dataset/00000435.jpg,football field
./dataset/00000436.jpg,football field
./dataset/00000437.jpg,football field
./dataset/00000438.jpg,football field
./dataset/00000439.jpg,football field
./dataset/00000440.jpg,football field
./dataset/00000441.jpg,football field
./dataset/00000442.jpg,football field
./dataset/00000443.jpg,football field
./dataset/00000444.jpg,football field
./dataset/00000445.jpg,football field
./dataset/00000446.jpg,football field
./dataset/00000447.jpg,football field
./dataset/00000448.jpg,football field
./dataset/00000449.jpg,football field
./dataset/00000450.jpg,football field
./dataset/00000451.jpg,football field
./dataset/00000452.jpg,football field
./dataset/00000453.jpg,football field
./dataset/00000454.jpg,football field
./dataset/00000455.jpg,football field
./dataset/00000456.jpg,football field
./dataset/00000457.jpg,football field
./dataset/00000458.jpg,football field
./dataset/00000459.jpg,football field
./dataset/00000460.jpg,football field
./dataset/00000461.jpg,football field
./dataset/00000462.jpg,football field
./dataset/00000463.jpg,football field
./dataset/00000464.jpg,football field
./dataset/00000465.jpg,football field
./dataset/00000466.jpg,football field
./dataset/00000467.jpg,football field
./dataset/00000468.jpg,football field
./dataset/00000469.jpg,football field
./dataset/00000470.jpg,football field
./dataset/00000471.jpg,football field
./dataset/00000472.jpg,football field
./dataset/00000473.jpg,football field
./dataset/00000474.jpg,football field
./dataset/00000475.jpg,football field
./dataset/00000476.jpg,football field
./dataset/00000477.jpg,football field
./dataset/00000478.jpg,football field
./dataset/00000479.jpg,football field
./dataset/00000480.jpg,football field
./dataset/00000481.jpg,football field
./dataset/00000482.jpg,football field
./dataset/00000483.jpg,football field
./dataset/00000484.jpg,football field
./dataset/00000485.jpg,football field
./dataset/00000486.jpg,football field
./dataset/00000487.jpg,football field
./dataset/00000488.jpg,football field
./dataset/00000489.jpg,football field
./dataset/00000490.jpg,football field
./dataset/00000491.jpg,football field
./dataset/00000492.jpg,football field
./dataset/00000493.jpg,football field
./dataset/00000494.jpg,football field
./dataset/00000495.jpg,football field
./dataset/00000496.jpg,football field
./dataset/00000497.jpg,football field
./dataset/00000498.jpg,football field
./dataset/00000499.jpg,football field
./dataset/00000500.jpg,football field
./dataset/00000501.jpg,football field
./dataset/00000502.jpg,football field
./dataset/00000503.jpg,football field
./dataset/00000504.jpg,football field
./dataset/00000505.jpg,football field
./dataset/00000506.jpg,football field
./dataset/00000507.jpg,football field
./dataset/00000508.jpg,football field
./dataset/00000509.jpg,football field
./dataset/00000510.jpg,football field
./dataset/00000511.jpg,football field
./dataset/00000512.jpg,football field
./dataset/00000513.jpg,football field
./dataset/00000514.jpg,football field
./dataset/00000515.jpg,football field
./dataset/00000516.jpg,football field
./dataset/00000517.jpg,football field
./dataset/00000518.jpg,football field
./dataset/00000519.jpg,football field
./dataset/00000520.jpg,football field
./dataset/00000521.jpg,football field
./dataset/00000522.jpg,football field
./dataset/00000523.jpg,football field
./dataset/00000524.jpg,football field
./dataset/00000525.jpg,football field
./dataset/00000526.jpg,football field
./dataset/00000527.jpg,football field
./dataset/00000528.jpg,football field
./dataset/00000529.jpg,football field
./dataset/00000530.jpg,football field
./dataset/00000531.jpg,football field
./dataset/00000532.jpg,football field
./dataset/00000533.jpg,football field
./dataset/00000534.jpg,football field
./dataset/00000535.jpg,football field
./dataset/00000536.jpg,football field
./dataset/00000537.jpg,football field
./dataset/00000538.jpg,football field
./dataset/00000539.jpg,football field
./dataset/00000540.jpg,football field
./dataset/00000541.jpg,football field
./dataset/00000542.jpg,football field
./dataset/00000543.jpg,football field
./dataset/00000544.jpg,football field
./dataset/00000545.jpg,football field
./dataset/00000546.jpg,football field
./dataset/00000547.jpg,football field
./dataset/00000548.jpg,football field
./dataset/00000549.jpg,football field
./dataset/00000550.jpg,football field
./dataset/00000551.jpg,football field
./dataset/00000552.jpg,football field
./dataset/00000553.jpg,football field
./dataset/00000554.jpg,football field
./dataset/00000555.jpg,football field
./dataset/00000556.jpg,football field
./dataset/00000557.jpg,football field
./dataset/00000558.jpg,football field
./dataset/00000559.jpg,football field
./dataset/00000560.jpg,football field
./dataset/00000561.jpg,football field
./dataset/00000562.jpg,football field
./dataset/00000563.jpg,football field
./dataset/00000564.jpg,football field
./dataset/00000565.jpg,football field
./dataset/00000566.jpg,football field
./dataset/00000567.jpg,football field
./dataset/00000568.jpg,football field
./dataset/00000569.jpg,football field
./dataset/00000570.jpg,football field
./dataset/00000571.jpg,football field
./dataset/00000572.jpg,football field
./dataset/00000573.jpg,football field
./dataset/00000574.jpg,football field
./dataset/00000575.jpg,football field
./dataset/00000576.jpg,football field
./dataset/00000577.jpg,football field
./dataset/00000578.jpg,football field
./dataset/00000579.jpg,football field
./dataset/00000580.jpg,football field
./dataset/00000581.jpg,football field
./dataset/00000582.jpg,football field
./dataset/00000583.jpg,football field
./dataset/00000584.jpg,football field
./dataset/00000585.jpg,football field
./dataset/00000586.jpg,football field
./dataset/00000587.jpg,football field
./dataset/00000588.jpg,football field
./dataset/00000589.jpg,football field
./dataset/00000590.jpg,football field
./dataset/00000591.jpg,football field
./dataset/00000592.jpg,football field
./dataset/00000593.jpg,football field
./dataset/00000594.jpg,football field
./dataset/00000595.jpg,football field
./dataset/00000596.jpg,football field
./dataset/00000597.jpg,football field
./dataset/00000598.jpg,football field
./dataset/00000599.jpg,football field
./dataset/00000600.jpg,football field
./dataset/00000601.jpg,football field
./dataset/00000602.jpg,football field
./dataset/00000603.jpg,football field
./dataset/00000604.jpg,football field
./dataset/00000605.jpg,football field
./dataset/00000606.jpg,football field
./dataset/00000607.jpg,football field
./dataset/00000608.jpg,football field
./dataset/00000609.jpg,football field
./dataset/00000610.jpg,football field
./dataset/00000611.jpg,football field
./dataset/00000612.jpg,football field
./dataset/00000613.jpg,football field
./dataset/00000614.jpg,football field
./dataset/00000615.jpg,football field
./dataset/00000616.jpg,football field
./dataset/00000617.jpg,football field
./dataset/00000618.jpg,football field
./dataset/00000619.jpg,football field
./dataset/00000620.jpg,football field
./dataset/00000621.jpg,football field
./dataset/00000622.jpg,football field
./dataset/00000623.jpg,football field
./dataset/00000624.jpg,football field
./dataset/00000625.jpg,football field
./dataset/00000626.jpg,football field
./dataset/00000627.jpg,football field
./dataset/00000628.jpg,football field
./dataset/00000629.jpg,football field
./dataset/00000630.jpg,football field
./dataset/00000631.jpg,football field
./dataset/00000632.jpg,football field
./dataset/00000633.jpg,football field
./dataset/00000634.jpg,football field
./dataset/00000635.jpg,football field
./dataset/00000636.jpg,football field
./dataset/00000637.jpg,football field
./dataset/00000638.jpg,football field
./dataset/00000639.jpg,football field
./dataset/00000640.jpg,football field
./dataset/00000641.jpg,football field
./dataset/00000642.jpg,football field
./dataset/00000643.jpg,football field
./dataset/00000644.jpg,football field
./dataset/00000645.jpg,football field
./dataset/00000646.jpg,football field
./dataset/00000647.jpg,football field
./dataset/00000648.jpg,football field
./dataset/00000649.jpg,football field
./dataset/00000650.jpg,football field
./dataset/00000651.jpg,football field
./dataset/00000652.jpg,football field
./dataset/00000653.jpg,football field
./dataset/00000654.jpg,football field
./dataset/00000655.jpg,football field
./dataset/00000656.jpg,football field
./dataset/00000657.jpg,football field
./dataset/00000658.jpg,football field
./dataset/00000659.jpg,football field
./dataset/00000660.jpg,football field
./dataset/00000661.jpg,football field
./dataset/00000662.jpg,football field
./dataset/00000663.jpg,football field
./dataset/00000664.jpg,football field
./dataset/00000665.jpg,football field
./dataset/00000666.jpg,football field
./dataset/00000667.jpg,football field
./dataset/00000668.jpg,football field
./dataset/00000669.jpg,football field
./dataset/00000670.jpg,football field
./dataset/00000671.jpg,football field
./dataset/00000672.jpg,football field
./dataset/00000673.jpg,football field
./dataset/00000674.jpg,football field
./dataset/00000675.jpg,football field
./dataset/00000676.jpg,football field
./dataset/00000677.jpg,football field
./dataset/00000678.jpg,football field
./dataset/00000679.jpg,football field
./dataset/00000680.jpg,football field
./dataset/00000681.jpg,football field
./dataset/00000682.jpg,football field
./dataset/00000683.jpg,football field
./dataset/00000684.jpg,football field
./dataset/00000685.jpg,football field
./dataset/00000686.jpg,football field
./dataset/00000687.jpg,football field
./dataset/00000688.jpg,football field
./dataset/00000689.jpg,football field
./dataset/00000690.jpg,football field
./dataset/00000691.jpg,football field
./dataset/00000692.jpg,football field
./dataset/00000693.jpg,football field
./dataset/00000694.jpg,football field
./dataset/00000695.jpg,football field
./dataset/00000696.jpg,football field
./dataset/00000697.jpg,football field
./dataset/00000698.jpg,football field
./dataset/00000699.jpg,football field
./dataset/00000700.jpg,football field
./dataset/00000701.jpg,football field
./dataset/00000702.jpg,football field
./dataset/00000703.jpg,football field
./dataset/00000704.jpg,football field
./dataset/00000705.jpg,football field
./dataset/00000706.jpg,football field
./dataset/00000707.jpg,football field
./dataset/00000708.jpg,football field
./dataset/00000709.jpg,football field
./dataset/00000710.jpg,football field
./dataset/00000711.jpg,football field
./dataset/00000712.jpg,football field
./dataset/00000713.jpg,football field
./dataset/00000714.jpg,football field
./dataset/00000715.jpg,football field
./dataset/00000716.jpg,football field
./dataset/00000717.jpg,football field
./dataset/00000718.jpg,football field
./dataset/00000719.jpg,football field
./dataset/00000720.jpg,football field
./dataset/00000721.jpg,football field
./dataset/00000722.jpg,football field
./dataset/00000723.jpg,football field
./dataset/00000724.jpg,football field
./dataset/00000725.jpg,football field
./dataset/00000726.jpg,football field
./dataset/00000727.jpg,football field
./dataset/00000728.jpg,football field
./dataset/00000729.jpg,football field
./dataset/00000730.jpg,football field
./dataset/00000731.jpg,football field
./dataset/00000732.jpg,football field
./dataset/00000733.jpg,football field
./dataset/00000734.jpg,football field
./dataset/00000735.jpg,football field
./dataset/00000736.jpg,football field
./dataset/00000737.jpg,football field
./dataset/00000738.jpg,football field
./dataset/00000739.jpg,football field
./dataset/00000740.jpg,football field
./dataset/00000741.jpg,football field
./dataset/00000742.jpg,football field
./dataset/00000743.jpg,football field
./dataset/00000744.jpg,football field
./dataset/00000745.jpg,football field
./dataset/00000746.jpg,football field
./dataset/00000747.jpg,football field
./dataset/00000748.jpg,football field
./dataset/00000749.jpg,football field
./dataset/00000750.jpg,football field
./dataset/00000751.jpg,football field
./dataset/00000752.jpg,football field
./dataset/00000753.jpg,football field
./dataset/00000754.jpg,football field
./dataset/00000755.jpg,football field
./dataset/00000756.jpg,football field
./dataset/00000757.jpg,football field
./dataset/00000758.jpg,football field
./dataset/00000759.jpg,football field
./dataset/00000760.jpg,football field
./dataset/00000761.jpg,football field
./dataset/00000762.jpg,football field
./dataset/00000763.jpg,football field
./dataset/00000764.jpg,football field
./dataset/00000765.jpg,football field
./dataset/00000766.jpg,football field
./dataset/00000767.jpg,football field
./dataset/00000768.jpg,football field
./dataset/00000769.jpg,football field
./dataset/00000770.jpg,football field
./dataset/00000771.jpg,football field
./dataset/00000772.jpg,football field
./dataset/00000773.jpg,football field
./dataset/00000774.jpg,football field
./dataset/00000775.jpg,football field
./dataset/00000776.jpg,football field
./dataset/00000777.jpg,football field
./dataset/00000778.jpg,football field
./dataset/00000779.jpg,football field
./dataset/00000780.jpg,football field
./dataset/00000781.jpg,football field
./dataset/00000782.jpg,football field
./dataset/00000783.jpg,football field
./dataset/00000784.jpg,football field
./dataset/00000785.jpg,football field
./dataset/00000786.jpg,football field
./dataset/00000787.jpg,football field
./dataset/00000788.jpg,football field
./dataset/00000789.jpg,football field
./dataset/00000790.jpg,football field
./dataset/00000791.jpg,football field
./dataset/00000792.jpg,football field
./dataset/00000793.jpg,football field
./dataset/00000794.jpg,football field
./dataset/00000795.jpg,football field
./dataset/00000796.jpg,football field
./dataset/00000797.jpg,football field
./dataset/00000798.jpg,football field
./dataset/00000799.jpg,football field
./dataset/00000800.jpg,football field
./dataset/00000801.jpg,football field
./dataset/00000802.jpg,football field
./dataset/00000803.jpg,football field
./dataset/00000804.jpg,football field
./dataset/00000805.jpg,football field
./dataset/00000806.jpg,football field
./dataset/00000807.jpg,football field
./dataset/00000808.jpg,football field
./dataset/00000809.jpg,football field
./dataset/00000810.jpg,football field
./dataset/00000811.jpg,football field
./dataset/00000812.jpg,football field
./dataset/00000813.jpg,football field
./dataset/00000814.jpg,football field
./dataset/00000815.jpg,football field
./dataset/00000816.jpg,football field
./dataset/00000817.jpg,football field
./dataset/00000818.jpg,football field
./dataset/00000819.jpg,football field
./dataset/00000820.jpg,football field
./dataset/00000821.jpg,football field
./dataset/00000822.jpg,football field
./dataset/00000823.jpg,football field
./dataset/00000824.jpg,football field
./dataset/00000825.jpg,football field
./dataset/00000826.jpg,football field
./dataset/00000827.jpg,football field
./dataset/00000828.jpg,football field
./dataset/00000829.jpg,football field
./dataset/00000830.jpg,football field
./dataset/00000831.jpg,football field
./dataset/00000832.jpg,football field
./dataset/00000833.jpg,football field
./dataset/00000834.jpg,football field
./dataset/00000835.jpg,football field
./dataset/00000836.jpg,football field
./dataset/00000837.jpg,football field
./dataset/00000838.jpg,football field
./dataset/00000839.jpg,football field
./dataset/00000840.jpg,football field
./dataset/00000841.jpg,football field
./dataset/00000842.jpg,football field
./dataset/00000843.jpg,football field
./dataset/00000844.jpg,football field
./dataset/00000845.jpg,football field
./dataset/00000846.jpg,football field
./dataset/00000847.jpg,football field
./dataset/00000848.jpg,football field
./dataset/00000849.jpg,football field
./dataset/00000850.jpg,football field
./dataset/00000851.jpg,football field
./dataset/00000852.jpg,football field
./dataset/00000853.jpg,football field
./dataset/00000854.jpg,football field
./dataset/00000855.jpg,football field
./dataset/00000856.jpg,football field
./dataset/00000857.jpg,football field
./dataset/00000858.jpg,football field
./dataset/00000859.jpg,football field
./dataset/00000860.jpg,football field
./dataset/00000861.jpg,football field
./dataset/00000862.jpg,football field
./dataset/00000863.jpg,football field
./dataset/00000864.jpg,football field
./dataset/00000865.jpg,football field
./dataset/00000866.jpg,football field
./dataset/00000867.jpg,football field
./dataset/00000868.jpg,football field
./dataset/00000869.jpg,football field
./dataset/00000870.jpg,football field
./dataset/00000871.jpg,football field
./dataset/00000872.jpg,football field
./dataset/00000873.jpg,football field
./dataset/00000874.jpg,football field
./dataset/00000875.jpg,football field
./dataset/00000876.jpg,football field
./dataset/00000877.jpg,football field
./dataset/00000878.jpg,football field
./dataset/00000879.jpg,football field
./dataset/00000880.jpg,football field
./dataset/00000881.jpg,football field
./dataset/00000882.jpg,football field
./dataset/00000883.jpg,football field
./dataset/00000884.jpg,football field
./dataset/00000885.jpg,football field
./dataset/00000886.jpg,football field
./dataset/00000887.jpg,football field
./dataset/00000888.jpg,football field
./dataset/00000889.jpg,football field
./dataset/00000890.jpg,football field
./dataset/00000891.jpg,football field
./dataset/00000892.jpg,football field
./dataset/00000893.jpg,football field
./dataset/00000894.jpg,football field
./dataset/00000895.jpg,football field
./dataset/00000896.jpg,football field
./dataset/00000897.jpg,football field
./dataset/00000898.jpg,football field
./dataset/00000899.jpg,football field
./dataset/00000900.jpg,football field
./dataset/00000901.jpg,football field
./dataset/00000902.jpg,football field
./dataset/00000903.jpg,football field
./dataset/00000904.jpg,football field
./dataset/00000905.jpg,football field
./dataset/00000906.jpg,football field
./dataset/00000907.jpg,football field
./dataset/00000908.jpg,football field
./dataset/00000909.jpg,football field
./dataset/00000910.jpg,football field
./dataset/00000911.jpg,football field
./dataset/00000912.jpg,football field
./dataset/00000913.jpg,football field
./dataset/00000914.jpg,football field
./dataset/00000915.jpg,football field
./dataset/00000916.jpg,football field
./dataset/00000917.jpg,football field
./dataset/00000918.jpg,football field
./dataset/00000919.jpg,football field
./dataset/00000920.jpg,football field
./dataset/00000921.jpg,football field
./dataset/00000922.jpg,football field
./dataset/00000923.jpg,football field
./dataset/00000924.jpg,football field
./dataset/00000925.jpg,football field
./dataset/00000926.jpg,football field
./dataset/00000927.jpg,football field
./dataset/00000928.jpg,football field
./dataset/00000929.jpg,football field
./dataset/00000930.jpg,football field
./dataset/00000931.jpg,football field
./dataset/00000932.jpg,football field
./dataset/00000933.jpg,football field
./dataset/00000934.jpg,football field
./dataset/00000935.jpg,football field
./dataset/00000936.jpg,football field
./dataset/00000937.jpg,football field
./dataset/00000938.jpg,football field
./dataset/00000939.jpg,football field
./dataset/00000940.jpg,football field
./dataset/00000941.jpg,football field
./dataset/00000942.jpg,football field
./dataset/00000943.jpg,football field
./dataset/00000944.jpg,football field
./dataset/00000945.jpg,football field
./dataset/00000946.jpg,football field
./dataset/00000947.jpg,football field
./dataset/00000948.jpg,football field
./dataset/00000949.jpg,football field
./dataset/00000950.jpg,football field
./dataset/00000951.jpg,football field
./dataset/00000952.jpg,football field
./dataset/00000953.jpg,football field
./dataset/00000954.jpg,football field
./dataset/00000955.jpg,football field
./dataset/00000956.jpg,football field
./dataset/00000957.jpg,football field
./dataset/00000958.jpg,football field
./dataset/00000959.jpg,football field
./dataset/00000960.jpg,football field
./dataset/00000961.jpg,football field
./dataset/00000962.jpg,football field
./dataset/00000963.jpg,football field
./dataset/00000964.jpg,football field
./dataset/00000965.jpg,football field
./dataset/00000966.jpg,football field
./dataset/00000967.jpg,football field
./dataset/00000968.jpg,football field
./dataset/00000969.jpg,football field
./dataset/00000970.jpg,football field
./dataset/00000971.jpg,football field
./dataset/00000972.jpg,football field
./dataset/00000973.jpg,football field
./dataset/00000974.jpg,football field
./dataset/00000975.jpg,football field
./dataset/00000976.jpg,football field
./dataset/00000977.jpg,football field
./dataset/00000978.jpg,football field
./dataset/00000979.jpg,football field
./dataset/00000980.jpg,football field
./dataset/00000981.jpg,football field
./dataset/00000982.jpg,football field
./dataset/00000983.jpg,football field
./dataset/00000984.jpg,football field
./dataset/00000985.jpg,football field
./dataset/00000986.jpg,football field
./dataset/00000987.jpg,football field
./dataset/00000988.jpg,football field
./dataset/00000989.jpg,football field
./dataset/00000990.jpg,football field
./dataset/00000991.jpg,football field
./dataset/00000992.jpg,football field
./dataset/00000993.jpg,football field
./dataset/00000994.jpg,football field
./dataset/00000995.jpg,football field
./dataset/00000996.jpg,football field
./dataset/00000997.jpg,football field
./dataset/00000998.jpg,football field
./dataset/00000999.jpg,football field
./dataset/00001000.jpg,football field
./dataset/00001001.jpg,football field
./dataset/00001002.jpg,football field
./dataset/00001003.jpg,football field
./dataset/00001004.jpg,football field
./dataset/00001005.jpg,football field
./dataset/00001006.jpg,football field
./dataset/00001007.jpg,football field
./dataset/00001008.jpg,football field
./dataset/00001009.jpg,football field
./dataset/00001010.jpg,football field
./dataset/00001011.jpg,football field
./dataset/00001012.jpg,football field
./dataset/00001013.jpg,football field
./dataset/00001014.jpg,football field
./dataset/00001015.jpg,football field
./dataset/00001016.jpg,football field
./dataset/00001017.jpg,football field
./dataset/00001018.jpg,football field
./dataset/00001019.jpg,football field
./dataset/00001020.jpg,football field
./dataset/00001021.jpg,football field
./dataset/00001022.jpg,football field
./dataset/00001023.jpg,football field
./dataset/00001024.jpg,football field
./dataset/00001025.jpg,football field
./dataset/00001026.jpg,football field
./dataset/00001027.jpg,football field
./dataset/00001028.jpg,football field
./dataset/00001029.jpg,football field
./dataset/00001030.jpg,football field
./dataset/00001031.jpg,football field
./dataset/00001032.jpg,football field
./dataset/00001033.jpg,football field
./dataset/00001034.jpg,football field
./dataset/00001035.jpg,football field
./dataset/00001036.jpg,football field
./dataset/00001037.jpg,football field
./dataset/00001038.jpg,football field
./dataset/00001039.jpg,football field
./dataset/00001040.jpg,football field
./dataset/00001041.jpg,football field
./dataset/00001042.jpg,football field
./dataset/00001043.jpg,football field
./dataset/00001044.jpg,football field
./dataset/00001045.jpg,football field
./dataset/00001046.jpg,football field
./dataset/00001047.jpg,football field
./dataset/00001048.jpg,football field
./dataset/00001049.jpg,football field
./dataset/00001050.jpg,football field
./dataset/00001051.jpg,football field
./dataset/00001052.jpg,football field
./dataset/00001053.jpg,football field
./dataset/00001054.jpg,football field
./dataset/00001055.jpg,football field
./dataset/00001056.jpg,football field
./dataset/00001057.jpg,football field
./dataset/00001058.jpg,football field
./dataset/00001059.jpg,football field
./dataset/00001060.jpg,football field
./dataset/00001061.jpg,football field
./dataset/00001062.jpg,football field
./dataset/00001063.jpg,football field
./dataset/00001064.jpg,football field
./dataset/00001065.jpg,football field
./dataset/00001066.jpg,football field
./dataset/00001067.jpg,football field
./dataset/00001068.jpg,football field
./dataset/00001069.jpg,football field
./dataset/00001070.jpg,football field
./dataset/00001071.jpg,football field
./dataset/00001072.jpg,football field
./dataset/00001073.jpg,football field
./dataset/00001074.jpg,football field
./dataset/00001075.jpg,football field
./dataset/00001076.jpg,football field
./dataset/00001077.jpg,football field
./dataset/00001078.jpg,football field
./dataset/00001079.jpg,football field
./dataset/00001080.jpg,football field
./dataset/00001081.jpg,football field
./dataset/00001082.jpg,football field
./dataset/00001083.jpg,football field
./dataset/00001084.jpg,football field
./dataset/00001085.jpg,football field
./dataset/00001086.jpg,football field
./dataset/00001087.jpg,football field
./dataset/00001088.jpg,football field
./dataset/00001089.jpg,football field
./dataset/00001090.jpg,football field
./dataset/00001091.jpg,football field
./dataset/00001092.jpg,football field
./dataset/00001093.jpg,football field
./dataset/00001094.jpg,football field
./dataset/00001095.jpg,football field
./dataset/00001096.jpg,football field
./dataset/00001097.jpg,football field
./dataset/00001098.jpg,football field
./dataset/00001099.jpg,football field
./dataset/00001100.jpg,football field
./dataset/00001101.jpg,football field
./dataset/00001102.jpg,football field
./dataset/00001103.jpg,football field
./dataset/00001104.jpg,football field
./dataset/00001105.jpg,football field
./dataset/00001106.jpg,football field
./dataset/00001107.jpg,football field
./dataset/00001108.jpg,football field
./dataset/00001109.jpg,football field
./dataset/00001110.jpg,football field
./dataset/00001111.jpg,football field
./dataset/00001112.jpg,football field
./dataset/00001113.jpg,football field
./dataset/00001114.jpg,football field
./dataset/00001115.jpg,football field
./dataset/00001116.jpg,football field
./dataset/00001117.jpg,football field
./dataset/00001118.jpg,football field
./dataset/00001119.jpg,football field
./dataset/00001120.jpg,football field
./dataset/00001121.jpg,football field
./dataset/00001122.jpg,football field
./dataset/00001123.jpg,football field
./dataset/00001124.jpg,football field
./dataset/00001125.jpg,football field
./dataset/00001126.jpg,football field
./dataset/00001127.jpg,football field
./dataset/00001128.jpg,football field
./dataset/00001129.jpg,football field
./dataset/00001130.jpg,football field
./dataset/00001131.jpg,football field
./dataset/00001132.jpg,football field
./dataset/00001133.jpg,football field
./dataset/00001134.jpg,football field
./dataset/00001135.jpg,football field
./dataset/00001136.jpg,football field
./dataset/00001137.jpg,football field
./dataset/00001138.jpg,football field
./dataset/00001139.jpg,football field
./dataset/00001140.jpg,football field
./dataset/00001141.jpg,football field
./dataset/00001142.jpg,football field
./dataset/00001143.jpg,football field
./dataset/00001144.jpg,football field
./dataset/00001145.jpg,football field
./dataset/00001146.jpg,football field
./dataset/00001147.jpg,football field
./dataset/00001148.jpg,football field
./dataset/00001149.jpg,football field
./dataset/00001150.jpg,football field
./dataset/00001151.jpg,football field
./dataset/00001152.jpg,football field
./dataset/00001153.jpg,football field
./dataset/00001154.jpg,football field
./dataset/00001155.jpg,football field
./dataset/00001156.jpg,football field
./dataset/00001157.jpg,football field
./dataset/00001158.jpg,football field
./dataset/00001159.jpg,football field
./dataset/00001160.jpg,football field
./dataset/00001161.jpg,football field
./dataset/00001162.jpg,football field
./dataset/00001163.jpg,football field
./dataset/00001164.jpg,football field
./dataset/00001165.jpg,football field
./dataset/00001166.jpg,football field
./dataset/00001167.jpg,football field
./dataset/00001168.jpg,football field
./dataset/00001169.jpg,football field
./dataset/00001170.jpg,football field
./dataset/00001171.jpg,football field
./dataset/00001172.jpg,football field
./dataset/00001173.jpg,football field
./dataset/00001174.jpg,football field
./dataset/00001175.jpg,football field
./dataset/00001176.jpg,football field
./dataset/00001177.jpg,football field
./dataset/00001178.jpg,football field
./dataset/00001179.jpg,football field
./dataset/00001180.jpg,football field
./dataset/00001181.jpg,football field
./dataset/00001182.jpg,football field
./dataset/00001183.jpg,football field
./dataset/00001184.jpg,football field
./dataset/00001185.jpg,football field
./dataset/00001186.jpg,football field
./dataset/00001187.jpg,football field
./dataset/00001188.jpg,football field
./dataset/00001189.jpg,football field
./dataset/00001190.jpg,football field
./dataset/00001191.jpg,football field
./dataset/00001192.jpg,football field
./dataset/00001193.jpg,football field
./dataset/00001194.jpg,football field
./dataset/00001195.jpg,football field
./dataset/00001196.jpg,football field
./dataset/00001197.jpg,football field
./dataset/00001198.jpg,football field
./dataset/00001199.jpg,football field
./dataset/00001200.jpg,football field
./dataset/00001201.jpg,football field
./dataset/00001202.jpg,football field
./dataset/00001203.jpg,football field
./dataset/00001204.jpg,football field
./dataset/00001205.jpg,football field
./dataset/00001206.jpg,football field
./dataset/00001207.jpg,football field
./dataset/00001208.jpg,football field
./dataset/00001209.jpg,football field
./dataset/00001210.jpg,football field
./dataset/00001211.jpg,football field
./dataset/00001212.jpg,football field
./dataset/00001213.jpg,football field
./dataset/00001214.jpg,football field
./dataset/00001215.jpg,football field
./dataset/00001216.jpg,football field
./dataset/00001217.jpg,football field
./dataset/00001218.jpg,football field
./dataset/00001219.jpg,football field
./dataset/00001220.jpg,football field
./dataset/00001221.jpg,football field
./dataset/00001222.jpg,football field
./dataset/00001223.jpg,football field
./dataset/00001224.jpg,football field
./dataset/00001225.jpg,football field
./dataset/00001226.jpg,football field
./dataset/00001227.jpg,football field
./dataset/00001228.jpg,football field
./dataset/00001229.jpg,football field
./dataset/00001230.jpg,football field
./dataset/00001231.jpg,football field
./dataset/00001232.jpg,football field
./dataset/00001233.jpg,football field
./dataset/00001234.jpg,football field
./dataset/00001235.jpg,football field
./dataset/00001236.jpg,football field
./dataset/00001237.jpg,football field
./dataset/00001238.jpg,football field
./dataset/00001239.jpg,football field
./dataset/00001240.jpg,football field
./dataset/00001241.jpg,football field
./dataset/00001242.jpg,football field
./dataset/00001243.jpg,football field
./dataset/00001244.jpg,football field
./dataset/00001245.jpg,football field
./dataset/00001246.jpg,football field
./dataset/00001247.jpg,football field
./dataset/00001248.jpg,football field
./dataset/00001249.jpg,football field
./dataset/00001250.jpg,football field
./dataset/00001251.jpg,football field
./dataset/00001252.jpg,football field
./dataset/00001253.jpg,football field
./dataset/00001254.jpg,football field
./dataset/00001255.jpg,football field
./dataset/00001256.jpg,football field
./dataset/00001257.jpg,football field
./dataset/00001258.jpg,football field
./dataset/00001259.jpg,football field
./dataset/00001260.jpg,football field
./dataset/00001261.jpg,football field
./dataset/00001262.jpg,football field
./dataset/00001263.jpg,football field
./dataset/00001264.jpg,football field
./dataset/00001265.jpg,football field
./dataset/00001266.jpg,football field
./dataset/00001267.jpg,football field
./dataset/00001268.jpg,football field
./dataset/00001269.jpg,football field
./dataset/00001270.jpg,football field
./dataset/00001271.jpg,football field
./dataset/00001272.jpg,football field
./dataset/00001273.jpg,football field
./dataset/00001274.jpg,football field
./dataset/00001275.jpg,football field
./dataset/00001276.jpg,football field
./dataset/00001277.jpg,football field
./dataset/00001278.jpg,football field
./dataset/00001279.jpg,football field
./dataset/00001280.jpg,football field
./dataset/00001281.jpg,football field
./dataset/00001282.jpg,football field
./dataset/00001283.jpg,football field
./dataset/00001284.jpg,football field
./dataset/00001285.jpg,football field
./dataset/00001286.jpg,football field
./dataset/00001287.jpg,football field
./dataset/00001288.jpg,football field
./dataset/00001289.jpg,football field
./dataset/00001290.jpg,football field
./dataset/00001291.jpg,football field
./dataset/00001292.jpg,football field
./dataset/00001293.jpg,football field
./dataset/00001294.jpg,football field
./dataset/00001295.jpg,football field
./dataset/00001296.jpg,football field
./dataset/00001297.jpg,football field
./dataset/00001298.jpg,football field
./dataset/00001299.jpg,football field
./dataset/00001300.jpg,football field
./dataset/00001301.jpg,football field
./dataset/00001302.jpg,football field
./dataset/00001303.jpg,football field
./dataset/00001304.jpg,football field
./dataset/00001305.jpg,football field
./dataset/00001306.jpg,football field
./dataset/00001307.jpg,football field
./dataset/00001308.jpg,football field
./dataset/00001309.jpg,football field
./dataset/00001310.jpg,football field
./dataset/00001311.jpg,football field
./dataset/00001312.jpg,football field
./dataset/00001313.jpg,football field
./dataset/00001314.jpg,football field
./dataset/00001315.jpg,football field
./dataset/00001316.jpg,football field
./dataset/00001317.jpg,football field
./dataset/00001318.jpg,football field
./dataset/00001319.jpg,football field
./dataset/00001320.jpg,football field
./dataset/00001321.jpg,football field
./dataset/00001322.jpg,football field
./dataset/00001323.jpg,football field
./dataset/00001324.jpg,football field
./dataset/00001325.jpg,football field
./dataset/00001326.jpg,football field
./dataset/00001327.jpg,football field
./dataset/00001328.jpg,football field
./dataset/00001329.jpg,football field
./dataset/00001330.jpg,football field
./dataset/00001331.jpg,football field
./dataset/00001332.jpg,football field
./dataset/00001333.jpg,football field
./dataset/00001334.jpg,football field
./dataset/00001335.jpg,football field
./dataset/00001336.jpg,football field
./dataset/00001337.jpg,football field
./dataset/00001338.jpg,football field
./dataset/00001339.jpg,football field
./dataset/00001340.jpg,football field
./dataset/00001341.jpg,football field
./dataset/00001342.jpg,football field
./dataset/00001343.jpg,football field
./dataset/00001344.jpg,football field
./dataset/00001345.jpg,football field
./dataset/00001346.jpg,football field
./dataset/00001347.jpg,football field
./dataset/00001348.jpg,football field
./dataset/00001349.jpg,football field
./dataset/00001350.jpg,football field
./dataset/00001351.jpg,football field
./dataset/00001352.jpg,football field
./dataset/00001353.jpg,football field
./dataset/00001354.jpg,football field
./dataset/00001355.jpg,football field
./dataset/00001356.jpg,football field
./dataset/00001357.jpg,football field
./dataset/00001358.jpg,football field
./dataset/00001359.jpg,football field
./dataset/00001360.jpg,football field
./dataset/00001361.jpg,football field
./dataset/00001362.jpg,football field
./dataset/00001363.jpg,football field
./dataset/00001364.jpg,football field
./dataset/00001365.jpg,football field
./dataset/00001366.jpg,football field
./dataset/00001367.jpg,football field
./dataset/00001368.jpg,football field
./dataset/00001369.jpg,football field
./dataset/00001370.jpg,football field
./dataset/00001371.jpg,football field
./dataset/00001372.jpg,football field
./dataset/00001373.jpg,football field
./dataset/00001374.jpg,football field
./dataset/00001375.jpg,football field
./dataset/00001376.jpg,football field
./dataset/00001377.jpg,football field
./dataset/00001378.jpg,football field
./dataset/00001379.jpg,football field
./dataset/00001380.jpg,football field
./dataset/00001381.jpg,football field
./dataset/00001382.jpg,football field
./dataset/00001383.jpg,football field
./dataset/00001384.jpg,football field
./dataset/00001385.jpg,football field
./dataset/00001386.jpg,football field
./dataset/00001387.jpg,football field
./dataset/00001388.jpg,football field
./dataset/00001389.jpg,football field
./dataset/00001390.jpg,football field
./dataset/00001391.jpg,football field
./dataset/00001392.jpg,football field
./dataset/00001393.jpg,football field
./dataset/00001394.jpg,football field
./dataset/00001395.jpg,football field
./dataset/00001396.jpg,football field
./dataset/00001397.jpg,football field
./dataset/00001398.jpg,football field
./dataset/00001399.jpg,football field
./dataset/00001400.jpg,football field
./dataset/00001401.jpg,football field
./dataset/00001402.jpg,football field
./dataset/00001403.jpg,football field
./dataset/00001404.jpg,football field
./dataset/00001405.jpg,football field
./dataset/00001406.jpg,football field
./dataset/00001407.jpg,football field
./dataset/00001408.jpg,football field
./dataset/00001409.jpg,football field
./dataset/00001410.jpg,football field
./dataset/00001411.jpg,football field
./dataset/00001412.jpg,football field
./dataset/00001413.jpg,football field
./dataset/00001414.jpg,football field
./dataset/00001415.jpg,football field
./dataset/00001416.jpg,football field
./dataset/00001417.jpg,football field
./dataset/00001418.jpg,football field
./dataset/00001419.jpg,football field
./dataset/00001420.jpg,football field
./dataset/00001421.jpg,football field
./dataset/00001422.jpg,football field
./dataset/00001423.jpg,football field
./dataset/00001424.jpg,football field
./dataset/00001425.jpg,football field
./dataset/00001426.jpg,football field
./dataset/00001427.jpg,football field
./dataset/00001428.jpg,football field
./dataset/00001429.jpg,football field
./dataset/00001430.jpg,football field
./dataset/00001431.jpg,football field
./dataset/00001432.jpg,football field
./dataset/00001433.jpg,football field
./dataset/00001434.jpg,football field
./dataset/00001435.jpg,football field
./dataset/00001436.jpg,football field
./dataset/00001437.jpg,football field
./dataset/00001438.jpg,football field
./dataset/00001439.jpg,football field
./dataset/00001440.jpg,football field
./dataset/00001441.jpg,football field
./dataset/00001442.jpg,football field
./dataset/00001443.jpg,football field
./dataset/00001444.jpg,football field
./dataset/00001445.jpg,football field
./dataset/00001446.jpg,football field
./dataset/00001447.jpg,football field
./dataset/00001448.jpg,football field
./dataset/00001449.jpg,football field
./dataset/00001450.jpg,football field
./dataset/00001451.jpg,football field
./dataset/00001452.jpg,football field
./dataset/00001453.jpg,football field
./dataset/00001454.jpg,football field
./dataset/00001455.jpg,football field
./dataset/00001456.jpg,football field
./dataset/00001457.jpg,football field
./dataset/00001458.jpg,football field
./dataset/00001459.jpg,football field
./dataset/00001460.jpg,football field
./dataset/00001461.jpg,football field
./dataset/00001462.jpg,football field
./dataset/00001463.jpg,football field
./dataset/00001464.jpg,football field
./dataset/00001465.jpg,football field
./dataset/00001466.jpg,football field
./dataset/00001467.jpg,football field
./dataset/00001468.jpg,football field
./dataset/00001469.jpg,football field
./dataset/00001470.jpg,football field
./dataset/00001471.jpg,football field
./dataset/00001472.jpg,football field
./dataset/00001473.jpg,football field
./dataset/00001474.jpg,football field
./dataset/00001475.jpg,football field
./dataset/00001476.jpg,football field
./dataset/00001477.jpg,football field
./dataset/00001478.jpg,football field
./dataset/00001479.jpg,football field
./dataset/00001480.jpg,football field
./dataset/00001481.jpg,football field
./dataset/00001482.jpg,football field
./dataset/00001483.jpg,football field
./dataset/00001484.jpg,football field
./dataset/00001485.jpg,football field
./dataset/00001486.jpg,football field
./dataset/00001487.jpg,football field
./dataset/00001488.jpg,football field
./dataset/00001489.jpg,football field
./dataset/00001490.jpg,football field
./dataset/00001491.jpg,football field
./dataset/00001492.jpg,football field
./dataset/00001493.jpg,football field
./dataset/00001494.jpg,football field
./dataset/00001495.jpg,football field
./dataset/00001496.jpg,football field
./dataset/00001497.jpg,football field
./dataset/00001498.jpg,football field
./dataset/00001499.jpg,football field
./dataset/00001500.jpg,football field
./dataset/00001501.jpg,football field
./dataset/00001502.jpg,football field
./dataset/00001503.jpg,football field
./dataset/00001504.jpg,football field
./dataset/00001505.jpg,football field
./dataset/00001506.jpg,football field
./dataset/00001507.jpg,football field
./dataset/00001508.jpg,football field
./dataset/00001509.jpg,football field
./dataset/00001510.jpg,football field
./dataset/00001511.jpg,football field
./dataset/00001512.jpg,football field
./dataset/00001513.jpg,football field
./dataset/00001514.jpg,football field
./dataset/00001515.jpg,football field
./dataset/00001516.jpg,football field
./dataset/00001517.jpg,football field
./dataset/00001518.jpg,football field
./dataset/00001519.jpg,football field
./dataset/00001520.jpg,football field
./dataset/00001521.jpg,football field
./dataset/00001522.jpg,football field
./dataset/00001523.jpg,football field
./dataset/00001524.jpg,football field
./dataset/00001525.jpg,football field
./dataset/00001526.jpg,football field
./dataset/00001527.jpg,football field
./dataset/00001528.jpg,football field
./dataset/00001529.jpg,football field
./dataset/00001530.jpg,football field
./dataset/00001531.jpg,football field
./dataset/00001532.jpg,football field
./dataset/00001533.jpg,football field
./dataset/00001534.jpg,football field
./dataset/00001535.jpg,football field
./dataset/00001536.jpg,football field
./dataset/00001537.jpg,football field
./dataset/00001538.jpg,football field
./dataset/00001539.jpg,football field
./dataset/00001540.jpg,football field
./dataset/00001541.jpg,football field
./dataset/00001542.jpg,football field
./dataset/00001543.jpg,football field
./dataset/00001544.jpg,football field
./dataset/00001545.jpg,football field
./dataset/00001546.jpg,football field
./dataset/00001547.jpg,football field
./dataset/00001548.jpg,football field
./dataset/00001549.jpg,football field
./dataset/00001550.jpg,football field
./dataset/00001551.jpg,football field
./dataset/00001552.jpg,football field
./dataset/00001553.jpg,football field
./dataset/00001554.jpg,football field
./dataset/00001555.jpg,football field
./dataset/00001556.jpg,football field
./dataset/00001557.jpg,football field
./dataset/00001558.jpg,football field
./dataset/00001559.jpg,football field
./dataset/00001560.jpg,football field
./dataset/00001561.jpg,football field
./dataset/00001562.jpg,football field
./dataset/00001563.jpg,football field
./dataset/00001564.jpg,football field
./dataset/00001565.jpg,football field
./dataset/00001566.jpg,football field
./dataset/00001567.jpg,football field
./dataset/00001568.jpg,football field
./dataset/00001569.jpg,football field
./dataset/00001570.jpg,football field
./dataset/00001571.jpg,football field
./dataset/00001572.jpg,football field
./dataset/00001573.jpg,football field
./dataset/00001574.jpg,football field
./dataset/00001575.jpg,football field
./dataset/00001576.jpg,football field
./dataset/00001577.jpg,football field
./dataset/00001578.jpg,football field
./dataset/00001579.jpg,football field
./dataset/00001580.jpg,football field
./dataset/00001581.jpg,football field
./dataset/00001582.jpg,football field
./dataset/00001583.jpg,football field
./dataset/00001584.jpg,football field
./dataset/00001585.jpg,football field
./dataset/00001586.jpg,football field
./dataset/00001587.jpg,football field
./dataset/00001588.jpg,football field
./dataset/00001589.jpg,football field
./dataset/00001590.jpg,football field
./dataset/00001591.jpg,football field
./dataset/00001592.jpg,football field
./dataset/00001593.jpg,football field
./dataset/00001594.jpg,football field
./dataset/00001595.jpg,football field
./dataset/00001596.jpg,football field
./dataset/00001597.jpg,football field
./dataset/00001598.jpg,football field
./dataset/00001599.jpg,football field
./dataset/00001600.jpg,football field
./dataset/00001601.jpg,football field
./dataset/00001602.jpg,football field
./dataset/00001603.jpg,football field
./dataset/00001604.jpg,football field
./dataset/00001605.jpg,football field
./dataset/00001606.jpg,football field
./dataset/00001607.jpg,football field
./dataset/00001608.jpg,football field
./dataset/00001609.jpg,football field
./dataset/00001610.jpg,football field
./dataset/00001611.jpg,football field
./dataset/00001612.jpg,football field
./dataset/00001613.jpg,football field
./dataset/00001614.jpg,football field
./dataset/00001615.jpg,football field
./dataset/00001616.jpg,football field
./dataset/00001617.jpg,football field
./dataset/00001618.jpg,football field
./dataset/00001619.jpg,football field
./dataset/00001620.jpg,football field
./dataset/00001621.jpg,football field
./dataset/00001622.jpg,football field
./dataset/00001623.jpg,football field
./dataset/00001624.jpg,football field
./dataset/00001625.jpg,football field
./dataset/00001626.jpg,football field
./dataset/00001627.jpg,football field
./dataset/00001628.jpg,football field
./dataset/00001629.jpg,football field
./dataset/00001630.jpg,football field
./dataset/00001631.jpg,football field
./dataset/00001632.jpg,football field
./dataset/00001633.jpg,football field
./dataset/00001634.jpg,football field
./dataset/00001635.jpg,football field
./dataset/00001636.jpg,football field
./dataset/00001637.jpg,football field
./dataset/00001638.jpg,football field
./dataset/00001639.jpg,football field
./dataset/00001640.jpg,football field
./dataset/00001641.jpg,football field
./dataset/00001642.jpg,football field
./dataset/00001643.jpg,football field
./dataset/00001644.jpg,football field
./dataset/00001645.jpg,football field
./dataset/00001646.jpg,football field
./dataset/00001647.jpg,football field
./dataset/00001648.jpg,football field
./dataset/00001649.jpg,football field
./dataset/00001650.jpg,football field
./dataset/00001651.jpg,football field
./dataset/00001652.jpg,football field
./dataset/00001653.jpg,football field
./dataset/00001654.jpg,football field
./dataset/00001655.jpg,football field
./dataset/00001656.jpg,football field
./dataset/00001657.jpg,football field
./dataset/00001658.jpg,football field
./dataset/00001659.jpg,football field
./dataset/00001660.jpg,football field
./dataset/00001661.jpg,football field
./dataset/00001662.jpg,football field
./dataset/00001663.jpg,football field
./dataset/00001664.jpg,football field
./dataset/00001665.jpg,football field
./dataset/00001666.jpg,football field
./dataset/00001667.jpg,football field
./dataset/00001668.jpg,football field
./dataset/00001669.jpg,football field
./dataset/00001670.jpg,football field
./dataset/00001671.jpg,football field
./dataset/00001672.jpg,football field
./dataset/00001673.jpg,football field
./dataset/00001674.jpg,football field
./dataset/00001675.jpg,football field
./dataset/00001676.jpg,football field
./dataset/00001677.jpg,football field
./dataset/00001678.jpg,football field
./dataset/00001679.jpg,football field
./dataset/00001680.jpg,football field
./dataset/00001681.jpg,football field
./dataset/00001682.jpg,football field
./dataset/00001683.jpg,football field
./dataset/00001684.jpg,football field
./dataset/00001685.jpg,football field
./dataset/00001686.jpg,football field
./dataset/00001687.jpg,football field
./dataset/00001688.jpg,football field
./dataset/00001689.jpg,football field
./dataset/00001690.jpg,football field
./dataset/00001691.jpg,football field
./dataset/00001692.jpg,football field
./dataset/00001693.jpg,football field
./dataset/00001694.jpg,football field
./dataset/00001695.jpg,football field
./dataset/00001696.jpg,football field
./dataset/00001697.jpg,football field
./dataset/00001698.jpg,football field
./dataset/00001699.jpg,football field
./dataset/00001700.jpg,football field
./dataset/00001701.jpg,football field
./dataset/00001702.jpg,football field
./dataset/00001703.jpg,football field
./dataset/00001704.jpg,football field
./dataset/00001705.jpg,football field
./dataset/00001706.jpg,football field
./dataset/00001707.jpg,football field
./dataset/00001708.jpg,football field
./dataset/00001709.jpg,football field
./dataset/00001710.jpg,football field
./dataset/00001711.jpg,football field
./dataset/00001712.jpg,football field
./dataset/00001713.jpg,football field
./dataset/00001714.jpg,football field
./dataset/00001715.jpg,football field
./dataset/00001716.jpg,football field
./dataset/00001717.jpg,football field
./dataset/00001718.jpg,football field
./dataset/00001719.jpg,football field
./dataset/00001720.jpg,football field
./dataset/00001721.jpg,football field
./dataset/00001722.jpg,football field
./dataset/00001723.jpg,football field
./dataset/00001724.jpg,football field
./dataset/00001725.jpg,football field
./dataset/00001726.jpg,football field
./dataset/00001727.jpg,football field
./dataset/00001728.jpg,football field
./dataset/00001729.jpg,football field
./dataset/00001730.jpg,football field
./dataset/00001731.jpg,football field
./dataset/00001732.jpg,football field
./dataset/00001733.jpg,football field
./dataset/00001734.jpg,football field
./dataset/00001735.jpg,football field
./dataset/00001736.jpg,football field
./dataset/00001737.jpg,football field
./dataset/00001738.jpg,football field
./dataset/00001739.jpg,football field
./dataset/00001740.jpg,football field
./dataset/00001741.jpg,football field
./dataset/00001742.jpg,football field
./dataset/00001743.jpg,football field
./dataset/00001744.jpg,football field
./dataset/00001745.jpg,football field
./dataset/00001746.jpg,football field
./dataset/00001747.jpg,football field
./dataset/00001748.jpg,football field
./dataset/00001749.jpg,football field
./dataset/00001750.jpg,football field
./dataset/00001751.jpg,football field
./dataset/00001752.jpg,football field
./dataset/00001753.jpg,football field
./dataset/00001754.jpg,football field
./dataset/00001755.jpg,football field
./dataset/00001756.jpg,football field
./dataset/00001757.jpg,football field
./dataset/00001758.jpg,football field
./dataset/00001759.jpg,football field
./dataset/00001760.jpg,football field
./dataset/00001761.jpg,football field
./dataset/00001762.jpg,football field
./dataset/00001763.jpg,football field
./dataset/00001764.jpg,football field
./dataset/00001765.jpg,football field
./dataset/00001766.jpg,football field
./dataset/00001767.jpg,football field
./dataset/00001768.jpg,football field
./dataset/00001769.jpg,football field
./dataset/00001770.jpg,football field
./dataset/00001771.jpg,football field
./dataset/00001772.jpg,football field
./dataset/00001773.jpg,football field
./dataset/00001774.jpg,football field
./dataset/00001775.jpg,football field
./dataset/00001776.jpg,football field
./dataset/00001777.jpg,football field
./dataset/00001778.jpg,football field
./dataset/00001779.jpg,football field
./dataset/00001780.jpg,football field
./dataset/00001781.jpg,football field
./dataset/00001782.jpg,football field
./dataset/00001783.jpg,football field
./dataset/00001784.jpg,football field
./dataset/00001785.jpg,football field
./dataset/00001786.jpg,football field
./dataset/00001787.jpg,football field
./dataset/00001788.jpg,football field
./dataset/00001789.jpg,football field
./dataset/00001790.jpg,football field
./dataset/00001791.jpg,football field
./dataset/00001792.jpg,football field
./dataset/00001793.jpg,football field
./dataset/00001794.jpg,football field
./dataset/00001795.jpg,football field
./dataset/00001796.jpg,football field
./dataset/00001797.jpg,football field
./dataset/00001798.jpg,football field
./dataset/00001799.jpg,football field
./dataset/00001800.jpg,football field
./dataset/00001801.jpg,football field
./dataset/00001802.jpg,football field
./dataset/00001803.jpg,football field
./dataset/00001804.jpg,football field
./dataset/00001805.jpg,football field
./dataset/00001806.jpg,football field
./dataset/00001807.jpg,football field
./dataset/00001808.jpg,football field
./dataset/00001809.jpg,football field
./dataset/00001810.jpg,football field
./dataset/00001811.jpg,football field
./dataset/00001812.jpg,football field
./dataset/00001813.jpg,football field
./dataset/00001814.jpg,football field
./dataset/00001815.jpg,football field
./dataset/00001816.jpg,football field
./dataset/00001817.jpg,football field
./dataset/00001818.jpg,football field
./dataset/00001819.jpg,football field
./dataset/00001820.jpg,football field
./dataset/00001821.jpg,football field
./dataset/00001822.jpg,football field
./dataset/00001823.jpg,football field
./dataset/00001824.jpg,football field
./dataset/00001825.jpg,football field
./dataset/00001826.jpg,football field
./dataset/00001827.jpg,football field
./dataset/00001828.jpg,football field
./dataset/00001829.jpg,football field
./dataset/00001830.jpg,football field
./dataset/00001831.jpg,football field
./dataset/00001832.jpg,football field
./dataset/00001833.jpg,football field
./dataset/00001834.jpg,football field
./dataset/00001835.jpg,football field
./dataset/00001836.jpg,football field
./dataset/00001837.jpg,football field
./dataset/00001838.jpg,football field
./dataset/00001839.jpg,football field
./dataset/00001840.jpg,football field
./dataset/00001841.jpg,football field
./dataset/00001842.jpg,football field
./dataset/00001843.jpg,football field
./dataset/00001844.jpg,football field
./dataset/00001845.jpg,football field
./dataset/00001846.jpg,football field
./dataset/00001847.jpg,football field
./dataset/00001848.jpg,football field
./dataset/00001849.jpg,football field
./dataset/00001850.jpg,football field
./dataset/00001851.jpg,football field
./dataset/00001852.jpg,football field
./dataset/00001853.jpg,football field
./dataset/00001854.jpg,football field
./dataset/00001855.jpg,football field
./dataset/00001856.jpg,football field
./dataset/00001857.jpg,football field
./dataset/00001858.jpg,football field
./dataset/00001859.jpg,football field
./dataset/00001860.jpg,football field
./dataset/00001861.jpg,football field
./dataset/00001862.jpg,football field
./dataset/00001863.jpg,football field
./dataset/00001864.jpg,football field
./dataset/00001865.jpg,football field
./dataset/00001866.jpg,football field
./dataset/00001867.jpg,football field
./dataset/00001868.jpg,football field
./dataset/00001869.jpg,football field
./dataset/00001870.jpg,football field
./dataset/00001871.jpg,football field
./dataset/00001872.jpg,football field
./dataset/00001873.jpg,football field
./dataset/00001874.jpg,football field
./dataset/00001875.jpg,football field
./dataset/00001876.jpg,football field
./dataset/00001877.jpg,football field
./dataset/00001878.jpg,football field
./dataset/00001879.jpg,football field
./dataset/00001880.jpg,football field
./dataset/00001881.jpg,football field
./dataset/00001882.jpg,football field
./dataset/00001883.jpg,football field
./dataset/00001884.jpg,football field
./dataset/00001885.jpg,football field
./dataset/00001886.jpg,football field
./dataset/00001887.jpg,football field
./dataset/00001888.jpg,football field
./dataset/00001889.jpg,football field
./dataset/00001890.jpg,football field
./dataset/00001891.jpg,football field
./dataset/00001892.jpg,football field
./dataset/00001893.jpg,football field
./dataset/00001894.jpg,football field
./dataset/00001895.jpg,football field
./dataset/00001896.jpg,football field
./dataset/00001897.jpg,football field
./dataset/00001898.jpg,football field
./dataset/00001899.jpg,football field
./dataset/00001900.jpg,football field
./dataset/00001901.jpg,football field
./dataset/00001902.jpg,football field
./dataset/00001903.jpg,football field
./dataset/00001904.jpg,football field
./dataset/00001905.jpg,football field
./dataset/00001906.jpg,football field
./dataset/00001907.jpg,football field
./dataset/00001908.jpg,football field
./dataset/00001909.jpg,football field
./dataset/00001910.jpg,football field
./dataset/00001911.jpg,football field
./dataset/00001912.jpg,football field
./dataset/00001913.jpg,football field
./dataset/00001914.jpg,football field
./dataset/00001915.jpg,football field
./dataset/00001916.jpg,football field
./dataset/00001917.jpg,football field
./dataset/00001918.jpg,football field
./dataset/00001919.jpg,football field
./dataset/00001920.jpg,football field
./dataset/00001921.jpg,football field
./dataset/00001922.jpg,football field
./dataset/00001923.jpg,football field
./dataset/00001924.jpg,football field
./dataset/00001925.jpg,football field
./dataset/00001926.jpg,football field
./dataset/00001927.jpg,football field
./dataset/00001928.jpg,football field
./dataset/00001929.jpg,football field
./dataset/00001930.jpg,football field
./dataset/00001931.jpg,football field
./dataset/00001932.jpg,football field
./dataset/00001933.jpg,football field
./dataset/00001934.jpg,football field
./dataset/00001935.jpg,football field
./dataset/00001936.jpg,football field
./dataset/00001937.jpg,football field
./dataset/00001938.jpg,football field
./dataset/00001939.jpg,football field
./dataset/00001940.jpg,football field
./dataset/00001941.jpg,football field
./dataset/00001942.jpg,football field
./dataset/00001943.jpg,football field
./dataset/00001944.jpg,football field
./dataset/00001945.jpg,football field
./dataset/00001946.jpg,football field
./dataset/00001947.jpg,football field
./dataset/00001948.jpg,football field
./dataset/00001949.jpg,football field
./dataset/00001950.jpg,football field
./dataset/00001951.jpg,football field
./dataset/00001952.jpg,football field
./dataset/00001953.jpg,football field
./dataset/00001954.jpg,football field
./dataset/00001955.jpg,football field
./dataset/00001956.jpg,football field
./dataset/00001957.jpg,football field
./dataset/00001958.jpg,football field
./dataset/00001959.jpg,football field
./dataset/00001960.jpg,football field
./dataset/00001961.jpg,football field
./dataset/00001962.jpg,football field
./dataset/00001963.jpg,football field
./dataset/00001964.jpg,football field
./dataset/00001965.jpg,football field
./dataset/00001966.jpg,football field
./dataset/00001967.jpg,football field
./dataset/00001968.jpg,football field
./dataset/00001969.jpg,football field
./dataset/00001970.jpg,football field
./dataset/00001971.jpg,football field
./dataset/00001972.jpg,football field
./dataset/00001973.jpg,football field
./dataset/00001974.jpg,football field
./dataset/00001975.jpg,football field
./dataset/00001976.jpg,football field
./dataset/00001977.jpg,football field
./dataset/00001978.jpg,football field
./dataset/00001979.jpg,football field
./dataset/00001980.jpg,football field
./dataset/00001981.jpg,football field
./dataset/00001982.jpg,football field
./dataset/00001983.jpg,football field
./dataset/00001984.jpg,football field
./dataset/00001985.jpg,football field
./dataset/00001986.jpg,football field
./dataset/00001987.jpg,football field
./dataset/00001988.jpg,football field
./dataset/00001989.jpg,football field
./dataset/00001990.jpg,football field
./dataset/00001991.jpg,football field
./dataset/00001992.jpg,football field
./dataset/00001993.jpg,football field
./dataset/00001994.jpg,football field
./dataset/00001995.jpg,football field
./dataset/00001996.jpg,football field
./dataset/00001997.jpg,football field
./dataset/00001998.jpg,football field
./dataset/00001999.jpg,football field
./dataset/00002000.jpg,football field
./dataset/00002001.jpg,football field
./dataset/00002002.jpg,football field
./dataset/00002003.jpg,football field
./dataset/00002004.jpg,football field
./dataset/00002005.jpg,football field
./dataset/00002006.jpg,football field
./dataset/00002007.jpg,football field
./dataset/00002008.jpg,football field
./dataset/00002009.jpg,football field
./dataset/00002010.jpg,football field
./dataset/00002011.jpg,football field
./dataset/00002012.jpg,football field
./dataset/00002013.jpg,football field
./dataset/00002014.jpg,football field
./dataset/00002015.jpg,football field
./dataset/00002016.jpg,football field
./dataset/00002017.jpg,football field
./dataset/00002018.jpg,football field
./dataset/00002019.jpg,football field
./dataset/00002020.jpg,football field
./dataset/00002021.jpg,football field
./dataset/00002022.jpg,football field
./dataset/00002023.jpg,football field
./dataset/00002024.jpg,football field
./dataset/00002025.jpg,football field
./dataset/00002026.jpg,football field
./dataset/00002027.jpg,football field
./dataset/00002028.jpg,football field
./dataset/00002029.jpg,football field
./dataset/00002030.jpg,football field
./dataset/00002031.jpg,football field
./dataset/00002032.jpg,football field
./dataset/00002033.jpg,football field
./dataset/00002034.jpg,football field
./dataset/00002035.jpg,football field
./dataset/00002036.jpg,football field
./dataset/00002037.jpg,football field
./dataset/00002038.jpg,football field
./dataset/00002039.jpg,football field
./dataset/00002040.jpg,football field
./dataset/00002041.jpg,football field
./dataset/00002042.jpg,football field
./dataset/00002043.jpg,football field
./dataset/00002044.jpg,football field
./dataset/00002045.jpg,football field
./dataset/00002046.jpg,football field
./dataset/00002047.jpg,football field
./dataset/00002048.jpg,football field
./dataset/00002049.jpg,football field
./dataset/00002050.jpg,football field
./dataset/00002051.jpg,football field
./dataset/00002052.jpg,football field
./dataset/00002053.jpg,football field
./dataset/00002054.jpg,football field
./dataset/00002055.jpg,football field
./dataset/00002056.jpg,football field
./dataset/00002057.jpg,football field
./dataset/00002058.jpg,football field
./dataset/00002059.jpg,football field
./dataset/00002060.jpg,football field
./dataset/00002061.jpg,football field
./dataset/00002062.jpg,football field
./dataset/00002063.jpg,football field
./dataset/00002064.jpg,football field
./dataset/00002065.jpg,football field
./dataset/00002066.jpg,football field
./dataset/00002067.jpg,football field
./dataset/00002068.jpg,football field
./dataset/00002069.jpg,football field
./dataset/00002070.jpg,football field
./dataset/00002071.jpg,football field
./dataset/00002072.jpg,football field
./dataset/00002073.jpg,football field
./dataset/00002074.jpg,football field
./dataset/00002075.jpg,football field
./dataset/00002076.jpg,football field
./dataset/00002077.jpg,football field
./dataset/00002078.jpg,football field
./dataset/00002079.jpg,football field
./dataset/00002080.jpg,football field
./dataset/00002081.jpg,football field
./dataset/00002082.jpg,football field
./dataset/00002083.jpg,football field
./dataset/00002084.jpg,football field
./dataset/00002085.jpg,football field
./dataset/00002086.jpg,football field
./dataset/00002087.jpg,football field
./dataset/00002088.jpg,football field
./dataset/00002089.jpg,football field
./dataset/00002090.jpg,football field
./dataset/00002091.jpg,football field
./dataset/00002092.jpg,football field
./dataset/00002093.jpg,football field
./dataset/00002094.jpg,football field
./dataset/00002095.jpg,football field
./dataset/00002096.jpg,football field
./dataset/00002097.jpg,football field
./dataset/00002098.jpg,football field
./dataset/00002099.jpg,football field
./dataset/00002100.jpg,football field
./dataset/00002101.jpg,football field
./dataset/00002102.jpg,football field
./dataset/00002103.jpg,football field
./dataset/00002104.jpg,football field
./dataset/00002105.jpg,football field
./dataset/00002106.jpg,football field
./dataset/00002107.jpg,football field
./dataset/00002108.jpg,football field
./dataset/00002109.jpg,football field
./dataset/00002110.jpg,football field
./dataset/00002111.jpg,football field
./dataset/00002112.jpg,football field
./dataset/00002113.jpg,football field
./dataset/00002114.jpg,football field
./dataset/00002115.jpg,football field
./dataset/00002116.jpg,football field
./dataset/00002117.jpg,football field
./dataset/00002118.jpg,football field
./dataset/00002119.jpg,football field
./dataset/00002120.jpg,football field
./dataset/00002121.jpg,football field
./dataset/00002122.jpg,football field
./dataset/00002123.jpg,football field
./dataset/00002124.jpg,football field
./dataset/00002125.jpg,football field
./dataset/00002126.jpg,football field
./dataset/00002127.jpg,football field
./dataset/00002128.jpg,football field
./dataset/00002129.jpg,football field
./dataset/00002130.jpg,football field
./dataset/00002131.jpg,football field
./dataset/00002132.jpg,football field
./dataset/00002133.jpg,football field
./dataset/00002134.jpg,football field
./dataset/00002135.jpg,football field
./dataset/00002136.jpg,football field
./dataset/00002137.jpg,football field
./dataset/00002138.jpg,football field
./dataset/00002139.jpg,football field
./dataset/00002140.jpg,football field
./dataset/00002141.jpg,football field
./dataset/00002142.jpg,football field
./dataset/00002143.jpg,football field
./dataset/00002144.jpg,football field
./dataset/00002145.jpg,football field
./dataset/00002146.jpg,football field
./dataset/00002147.jpg,football field
./dataset/00002148.jpg,football field
./dataset/00002149.jpg,football field
./dataset/00002150.jpg,football field
./dataset/00002151.jpg,football field
./dataset/00002152.jpg,football field
./dataset/00002153.jpg,football field
./dataset/00002154.jpg,football field
./dataset/00002155.jpg,football field
./dataset/00002156.jpg,football field
./dataset/00002157.jpg,football field
./dataset/00002158.jpg,football field
./dataset/00002159.jpg,football field
./dataset/00002160.jpg,football field
./dataset/00002161.jpg,football field
./dataset/00002162.jpg,football field
./dataset/00002163.jpg,football field
./dataset/00002164.jpg,football field
./dataset/00002165.jpg,football field
./dataset/00002166.jpg,football field
./dataset/00002167.jpg,football field
./dataset/00002168.jpg,football field
./dataset/00002169.jpg,football field
./dataset/00002170.jpg,football field
./dataset/00002171.jpg,football field
./dataset/00002172.jpg,football field
./dataset/00002173.jpg,football field
./dataset/00002174.jpg,football field
./dataset/00002175.jpg,football field
./dataset/00002176.jpg,football field
./dataset/00002177.jpg,football field
./dataset/00002178.jpg,football field
./dataset/00002179.jpg,football field
./dataset/00002180.jpg,football field
./dataset/00002181.jpg,football field
./dataset/00002182.jpg,football field
./dataset/00002183.jpg,football field
./dataset/00002184.jpg,football field
./dataset/00002185.jpg,football field
./dataset/00002186.jpg,football field
./dataset/00002187.jpg,football field
./dataset/00002188.jpg,football field
./dataset/00002189.jpg,football field
./dataset/00002190.jpg,football field
./dataset/00002191.jpg,football field
./dataset/00002192.jpg,football field
./dataset/00002193.jpg,football field
./dataset/00002194.jpg,football field
./dataset/00002195.jpg,football field
./dataset/00002196.jpg,football field
./dataset/00002197.jpg,football field
./dataset/00002198.jpg,football field
./dataset/00002199.jpg,football field
./dataset/00002200.jpg,football field
./dataset/00002201.jpg,football field
./dataset/00002202.jpg,football field
./dataset/00002203.jpg,football field
./dataset/00002204.jpg,football field
./dataset/00002205.jpg,football field
./dataset/00002206.jpg,football field
./dataset/00002207.jpg,football field
./dataset/00002208.jpg,football field
./dataset/00002209.jpg,football field
./dataset/00002210.jpg,football field
./dataset/00002211.jpg,football field
./dataset/00002212.jpg,football field
./dataset/00002213.jpg,football field
./dataset/00002214.jpg,football field
./dataset/00002215.jpg,football field
./dataset/00002216.jpg,football field
./dataset/00002217.jpg,football field
./dataset/00002218.jpg,football field
./dataset/00002219.jpg,football field
./dataset/00002220.jpg,football field
./dataset/00002221.jpg,football field
./dataset/00002222.jpg,football field
./dataset/00002223.jpg,football field
./dataset/00002224.jpg,football field
./dataset/00002225.jpg,football field
./dataset/00002226.jpg,football field
./dataset/00002227.jpg,football field
./dataset/00002228.jpg,football field
./dataset/00002229.jpg,football field
./dataset/00002230.jpg,football field
./dataset/00002231.jpg,football field
./dataset/00002232.jpg,football field
./dataset/00002233.jpg,football field
./dataset/00002234.jpg,football field
./dataset/00002235.jpg,football field
./dataset/00002236.jpg,football field
./dataset/00002237.jpg,football field
./dataset/00002238.jpg,football field
./dataset/00002239.jpg,football field
./dataset/00002240.jpg,football field
./dataset/00002241.jpg,football field
./dataset/00002242.jpg,football field
./dataset/00002243.jpg,football field
./dataset/00002244.jpg,football field
./dataset/00002245.jpg,football field
./dataset/00002246.jpg,football field
./dataset/00002247.jpg,football field
./dataset/00002248.jpg,football field
./dataset/00002249.jpg,football field
./dataset/00002250.jpg,football field
./dataset/00002251.jpg,football field
./dataset/00002252.jpg,football field
./dataset/00002253.jpg,football field
./dataset/00002254.jpg,football field
./dataset/00002255.jpg,football field
./dataset/00002256.jpg,football field
./dataset/00002257.jpg,football field
./dataset/00002258.jpg,football field
./dataset/00002259.jpg,football field
./dataset/00002260.jpg,football field
./dataset/00002261.jpg,football field
./dataset/00002262.jpg,football field
./dataset/00002263.jpg,football field
./dataset/00002264.jpg,football field
./dataset/00002265.jpg,football field
./dataset/00002266.jpg,football field
./dataset/00002267.jpg,football field
./dataset/00002268.jpg,football field
./dataset/00002269.jpg,football field
./dataset/00002270.jpg,football field
./dataset/00002271.jpg,football field
./dataset/00002272.jpg,football field
./dataset/00002273.jpg,football field
./dataset/00002274.jpg,football field
./dataset/00002275.jpg,football field
./dataset/00002276.jpg,football field
./dataset/00002277.jpg,football field
./dataset/00002278.jpg,football field
./dataset/00002279.jpg,football field
./dataset/00002280.jpg,football field
./dataset/00002281.jpg,football field
./dataset/00002282.jpg,football field
./dataset/00002283.jpg,football field
./dataset/00002284.jpg,football field
./dataset/00002285.jpg,football field
./dataset/00002286.jpg,football field
./dataset/00002287.jpg,football field
./dataset/00002288.jpg,football field
./dataset/00002289.jpg,football field
./dataset/00002290.jpg,football field
./dataset/00002291.jpg,football field
./dataset/00002292.jpg,football field
./dataset/00002293.jpg,football field
./dataset/00002294.jpg,football field
./dataset/00002295.jpg,football field
./dataset/00002296.jpg,football field
./dataset/00002297.jpg,football field
./dataset/00002298.jpg,football field
./dataset/00002299.jpg,football field
./dataset/00002300.jpg,football field
./dataset/00002301.jpg,football field
./dataset/00002302.jpg,football field
./dataset/00002303.jpg,football field
./dataset/00002304.jpg,football field
./dataset/00002305.jpg,football field
./dataset/00002306.jpg,football field
./dataset/00002307.jpg,football field
./dataset/00002308.jpg,football field
./dataset/00002309.jpg,football field
./dataset/00002310.jpg,football field
./dataset/00002311.jpg,football field
./dataset/00002312.jpg,football field
./dataset/00002313.jpg,football field
./dataset/00002314.jpg,football field
./dataset/00002315.jpg,football field
./dataset/00002316.jpg,football field
./dataset/00002317.jpg,football field
./dataset/00002318.jpg,football field
./dataset/00002319.jpg,football field
./dataset/00002320.jpg,football field
./dataset/00002321.jpg,football field
./dataset/00002322.jpg,football field
./dataset/00002323.jpg,football field
./dataset/00002324.jpg,football field
./dataset/00002325.jpg,football field
./dataset/00002326.jpg,football field
./dataset/00002327.jpg,football field
./dataset/00002328.jpg,football field
./dataset/00002329.jpg,football field
./dataset/00002330.jpg,football field
./dataset/00002331.jpg,football field
./dataset/00002332.jpg,football field
./dataset/00002333.jpg,football field
./dataset/00002334.jpg,football field
./dataset/00002335.jpg,football field
./dataset/00002336.jpg,football field
./dataset/00002337.jpg,football field
./dataset/00002338.jpg,football field
./dataset/00002339.jpg,football field
./dataset/00002340.jpg,football field
./dataset/00002341.jpg,football field
./dataset/00002342.jpg,football field
./dataset/00002343.jpg,football field
./dataset/00002344.jpg,football field
./dataset/00002345.jpg,football field
./dataset/00002346.jpg,football field
./dataset/00002347.jpg,football field
./dataset/00002348.jpg,football field
./dataset/00002349.jpg,football field
./dataset/00002350.jpg,football field
./dataset/00002351.jpg,football field
./dataset/00002352.jpg,football field
./dataset/00002353.jpg,football field
./dataset/00002354.jpg,football field
./dataset/00002355.jpg,football field
./dataset/00002356.jpg,football field
./dataset/00002357.jpg,football field
./dataset/00002358.jpg,football field
./dataset/00002359.jpg,football field
./dataset/00002360.jpg,football field
./dataset/00002361.jpg,football field
./dataset/00002362.jpg,football field
./dataset/00002363.jpg,football field
./dataset/00002364.jpg,football field
./dataset/00002365.jpg,football field
./dataset/00002366.jpg,football field
./dataset/00002367.jpg,football field
./dataset/00002368.jpg,football field
./dataset/00002369.jpg,football field
./dataset/00002370.jpg,football field
./dataset/00002371.jpg,football field
./dataset/00002372.jpg,football field
./dataset/00002373.jpg,football field
./dataset/00002374.jpg,football field
./dataset/00002375.jpg,football field
./dataset/00002376.jpg,football field
./dataset/00002377.jpg,football field
./dataset/00002378.jpg,football field
./dataset/00002379.jpg,football field
./dataset/00002380.jpg,football field
./dataset/00002381.jpg,football field
./dataset/00002382.jpg,football field
./dataset/00002383.jpg,football field
./dataset/00002384.jpg,football field
./dataset/00002385.jpg,football field
./dataset/00002386.jpg,football field
./dataset/00002387.jpg,football field
./dataset/00002388.jpg,football field
./dataset/00002389.jpg,football field
./dataset/00002390.jpg,football field
./dataset/00002391.jpg,football field
./dataset/00002392.jpg,football field
./dataset/00002393.jpg,football field
./dataset/00002394.jpg,football field
./dataset/00002395.jpg,football field
./dataset/00002396.jpg,football field
./dataset/00002397.jpg,football field
./dataset/00002398.jpg,football field
./dataset/00002399.jpg,football field
./dataset/00002400.jpg,football field
./dataset/00002401.jpg,football field
./dataset/00002402.jpg,football field
./dataset/00002403.jpg,football field
./dataset/00002404.jpg,football field
./dataset/00002405.jpg,football field
./dataset/00002406.jpg,football field
./dataset/00002407.jpg,football field
./dataset/00002408.jpg,football field
./dataset/00002409.jpg,football field
./dataset/00002410.jpg,football field
./dataset/00002411.jpg,football field
./dataset/00002412.jpg,football field
./dataset/00002413.jpg,football field
./dataset/00002414.jpg,football field
./dataset/00002415.jpg,football field
./dataset/00002416.jpg,football field
./dataset/00002417.jpg,football field
./dataset/00002418.jpg,football field
./dataset/00002419.jpg,football field
./dataset/00002420.jpg,football field
./dataset/00002421.jpg,football field
./dataset/00002422.jpg,football field
./dataset/00002423.jpg,football field
./dataset/00002424.jpg,football field
./dataset/00002425.jpg,football field
./dataset/00002426.jpg,football field
./dataset/00002427.jpg,football field
./dataset/00002428.jpg,football field
./dataset/00002429.jpg,football field
./dataset/00002430.jpg,football field
./dataset/00002431.jpg,football field
./dataset/00002432.jpg,football field
./dataset/00002433.jpg,football field
./dataset/00002434.jpg,football field
./dataset/00002435.jpg,football field
./dataset/00002436.jpg,football field
./dataset/00002437.jpg,football field
./dataset/00002438.jpg,football field
./dataset/00002439.jpg,football field
./dataset/00002440.jpg,football field
./dataset/00002441.jpg,football field
./dataset/00002442.jpg,football field
./dataset/00002443.jpg,football field
./dataset/00002444.jpg,football field
./dataset/00002445.jpg,football field
./dataset/00002446.jpg,football field
./dataset/00002447.jpg,football field
./dataset/00002448.jpg,football field
./dataset/00002449.jpg,football field
./dataset/00002450.jpg,football field
./dataset/00002451.jpg,football field
./dataset/00002452.jpg,football field
./dataset/00002453.jpg,football field
./dataset/00002454.jpg,football field
./dataset/00002455.jpg,football field
./dataset/00002456.jpg,football field
./dataset/00002457.jpg,football field
./dataset/00002458.jpg,football field
./dataset/00002459.jpg,football field
./dataset/00002460.jpg,football field
./dataset/00002461.jpg,football field
./dataset/00002462.jpg,football field
./dataset/00002463.jpg,football field
./dataset/00002464.jpg,football field
./dataset/00002465.jpg,football field
./dataset/00002466.jpg,football field
./dataset/00002467.jpg,football field
./dataset/00002468.jpg,football field
./dataset/00002469.jpg,football field
./dataset/00002470.jpg,football field
./dataset/00002471.jpg,football field
./dataset/00002472.jpg,football field
./dataset/00002473.jpg,football field
./dataset/00002474.jpg,football field
./dataset/00002475.jpg,football field
./dataset/00002476.jpg,football field
./dataset/00002477.jpg,football field
./dataset/00002478.jpg,football field
./dataset/00002479.jpg,football field
./dataset/00002480.jpg,football field
./dataset/00002481.jpg,football field
./dataset/00002482.jpg,football field
./dataset/00002483.jpg,football field
./dataset/00002484.jpg,football field
./dataset/00002485.jpg,football field
./dataset/00002486.jpg,football field
./dataset/00002487.jpg,football field
./dataset/00002488.jpg,football field
./dataset/00002489.jpg,football field
./dataset/00002490.jpg,football field
./dataset/00002491.jpg,football field
./dataset/00002492.jpg,football field
./dataset/00002493.jpg,football field
./dataset/00002494.jpg,football field
./dataset/00002495.jpg,football field
./dataset/00002496.jpg,football field
./dataset/00002497.jpg,football field
./dataset/00002498.jpg,football field
./dataset/00002499.jpg,football field
./dataset/00002500.jpg,football field
./dataset/00002501.jpg,football field
./dataset/00002502.jpg,football field
./dataset/00002503.jpg,football field
./dataset/00002504.jpg,football field
./dataset/00002505.jpg,football field
./dataset/00002506.jpg,football field
./dataset/00002507.jpg,football field
./dataset/00002508.jpg,football field
./dataset/00002509.jpg,football field
./dataset/00002510.jpg,football field
./dataset/00002511.jpg,football field
./dataset/00002512.jpg,football field
./dataset/00002513.jpg,football field
./dataset/00002514.jpg,football field
./dataset/00002515.jpg,football field
./dataset/00002516.jpg,football field
./dataset/00002517.jpg,football field
./dataset/00002518.jpg,football field
./dataset/00002519.jpg,football field
./dataset/00002520.jpg,football field
./dataset/00002521.jpg,football field
./dataset/00002522.jpg,football field
./dataset/00002523.jpg,football field
./dataset/00002524.jpg,football field
./dataset/00002525.jpg,football field
./dataset/00002526.jpg,football field
./dataset/00002527.jpg,football field
./dataset/00002528.jpg,football field
./dataset/00002529.jpg,football field
./dataset/00002530.jpg,football field
./dataset/00002531.jpg,football field
./dataset/00002532.jpg,football field
./dataset/00002533.jpg,football field
./dataset/00002534.jpg,football field
./dataset/00002535.jpg,football field
./dataset/00002536.jpg,football field
./dataset/00002537.jpg,football field
./dataset/00002538.jpg,football field
./dataset/00002539.jpg,football field
./dataset/00002540.jpg,football field
./dataset/00002541.jpg,football field
./dataset/00002542.jpg,football field
./dataset/00002543.jpg,football field
./dataset/00002544.jpg,football field
./dataset/00002545.jpg,football field
./dataset/00002546.jpg,football field
./dataset/00002547.jpg,football field
./dataset/00002548.jpg,football field
./dataset/00002549.jpg,football field
./dataset/00002550.jpg,football field
./dataset/00002551.jpg,football field
./dataset/00002552.jpg,football field
./dataset/00002553.jpg,football field
./dataset/00002554.jpg,football field
./dataset/00002555.jpg,football field
./dataset/00002556.jpg,football field
./dataset/00002557.jpg,football field
./dataset/00002558.jpg,football field
./dataset/00002559.jpg,football field
./dataset/00002560.jpg,football field
./dataset/00002561.jpg,football field
./dataset/00002562.jpg,football field
./dataset/00002563.jpg,football field
./dataset/00002564.jpg,football field
./dataset/00002565.jpg,football field
./dataset/00002566.jpg,football field
./dataset/00002567.jpg,football field
./dataset/00002568.jpg,football field
./dataset/00002569.jpg,football field
./dataset/00002570.jpg,football field
./dataset/00002571.jpg,football field
./dataset/00002572.jpg,football field
./dataset/00002573.jpg,football field
./dataset/00002574.jpg,football field
./dataset/00002575.jpg,football field
./dataset/00002576.jpg,football field
./dataset/00002577.jpg,football field
./dataset/00002578.jpg,football field
./dataset/00002579.jpg,football field
./dataset/00002580.jpg,football field
./dataset/00002581.jpg,football field
./dataset/00002582.jpg,football field
./dataset/00002583.jpg,football field
./dataset/00002584.jpg,football field
./dataset/00002585.jpg,football field
./dataset/00002586.jpg,football field
./dataset/00002587.jpg,football field
./dataset/00002588.jpg,football field
./dataset/00002589.jpg,football field
./dataset/00002590.jpg,football field
./dataset/00002591.jpg,football field
./dataset/00002592.jpg,football field
./dataset/00002593.jpg,football field
./dataset/00002594.jpg,football field
./dataset/00002595.jpg,football field
./dataset/00002596.jpg,football field
./dataset/00002597.jpg,football field
./dataset/00002598.jpg,football field
./dataset/00002599.jpg,football field
./dataset/00002600.jpg,football field
./dataset/00002601.jpg,football field
./dataset/00002602.jpg,football field
./dataset/00002603.jpg,football field
./dataset/00002604.jpg,football field
./dataset/00002605.jpg,football field
./dataset/00002606.jpg,football field
./dataset/00002607.jpg,football field
./dataset/00002608.jpg,football field
./dataset/00002609.jpg,football field
./dataset/00002610.jpg,football field
./dataset/00002611.jpg,football field
./dataset/00002612.jpg,football field
./dataset/00002613.jpg,football field
./dataset/00002614.jpg,football field
./dataset/00002615.jpg,football field
./dataset/00002616.jpg,football field
./dataset/00002617.jpg,football field
./dataset/00002618.jpg,football field
./dataset/00002619.jpg,football field
./dataset/00002620.jpg,football field
./dataset/00002621.jpg,football field
./dataset/00002622.jpg,football field
./dataset/00002623.jpg,football field
./dataset/00002624.jpg,football field
./dataset/00002625.jpg,football field
./dataset/00002626.jpg,football field
./dataset/00002627.jpg,football field
./dataset/00002628.jpg,football field
./dataset/00002629.jpg,football field
./dataset/00002630.jpg,football field
./dataset/00002631.jpg,football field
./dataset/00002632.jpg,football field
./dataset/00002633.jpg,football field
./dataset/00002634.jpg,football field
./dataset/00002635.jpg,football field
./dataset/00002636.jpg,football field
./dataset/00002637.jpg,football field
./dataset/00002638.jpg,football field
./dataset/00002639.jpg,football field
./dataset/00002640.jpg,football field
./dataset/00002641.jpg,football field
./dataset/00002642.jpg,football field
./dataset/00002643.jpg,football field
./dataset/00002644.jpg,football field
./dataset/00002645.jpg,football field
./dataset/00002646.jpg,football field
./dataset/00002647.jpg,football field
./dataset/00002648.jpg,football field
./dataset/00002649.jpg,football field
./dataset/00002650.jpg,football field
./dataset/00002651.jpg,football field
./dataset/00002652.jpg,football field
./dataset/00002653.jpg,football field
./dataset/00002654.jpg,football field
./dataset/00002655.jpg,football field
./dataset/00002656.jpg,football field
./dataset/00002657.jpg,football field
./dataset/00002658.jpg,football field
./dataset/00002659.jpg,football field
./dataset/00002660.jpg,football field
./dataset/00002661.jpg,football field
./dataset/00002662.jpg,football field
./dataset/00002663.jpg,football field
./dataset/00002664.jpg,football field
./dataset/00002665.jpg,football field
./dataset/00002666.jpg,football field
./dataset/00002667.jpg,football field
./dataset/00002668.jpg,football field
./dataset/00002669.jpg,football field
./dataset/00002670.jpg,football field
./dataset/00002671.jpg,football field
./dataset/00002672.jpg,football field
./dataset/00002673.jpg,football field
./dataset/00002674.jpg,football field
./dataset/00002675.jpg,football field
./dataset/00002676.jpg,football field
./dataset/00002677.jpg,football field
./dataset/00002678.jpg,football field
./dataset/00002679.jpg,football field
./dataset/00002680.jpg,football field
./dataset/00002681.jpg,football field
./dataset/00002682.jpg,football field
./dataset/00002683.jpg,football field
./dataset/00002684.jpg,football field
./dataset/00002685.jpg,football field
./dataset/00002686.jpg,football field
./dataset/00002687.jpg,football field
./dataset/00002688.jpg,football field
./dataset/00002689.jpg,football field
./dataset/00002690.jpg,football field
./dataset/00002691.jpg,football field
./dataset/00002692.jpg,football field
./dataset/00002693.jpg,football field
./dataset/00002694.jpg,football field
./dataset/00002695.jpg,football field
./dataset/00002696.jpg,football field
./dataset/00002697.jpg,football field
./dataset/00002698.jpg,football field
./dataset/00002699.jpg,football field
./dataset/00002700.jpg,football field
./dataset/00002701.jpg,football field
./dataset/00002702.jpg,football field
./dataset/00002703.jpg,football field
./dataset/00002704.jpg,football field
./dataset/00002705.jpg,football field
./dataset/00002706.jpg,football field
./dataset/00002707.jpg,football field
./dataset/00002708.jpg,football field
./dataset/00002709.jpg,football field
./dataset/00002710.jpg,football field
./dataset/00002711.jpg,football field
./dataset/00002712.jpg,football field
./dataset/00002713.jpg,football field
./dataset/00002714.jpg,football field
./dataset/00002715.jpg,football field
./dataset/00002716.jpg,football field
./dataset/00002717.jpg,football field
./dataset/00002718.jpg,football field
./dataset/00002719.jpg,football field
./dataset/00002720.jpg,football field
./dataset/00002721.jpg,football field
./dataset/00002722.jpg,football field
./dataset/00002723.jpg,football field
./dataset/00002724.jpg,football field
./dataset/00002725.jpg,football field
./dataset/00002726.jpg,football field
./dataset/00002727.jpg,football field
./dataset/00002728.jpg,football field
./dataset/00002729.jpg,football field
./dataset/00002730.jpg,football field
./dataset/00002731.jpg,football field
./dataset/00002732.jpg,football field
./dataset/00002733.jpg,football field
./dataset/00002734.jpg,football field
./dataset/00002735.jpg,football field
./dataset/00002736.jpg,football field
./dataset/00002737.jpg,football field
./dataset/00002738.jpg,football field
./dataset/00002739.jpg,football field
./dataset/00002740.jpg,football field
./dataset/00002741.jpg,football field
./dataset/00002742.jpg,football field
./dataset/00002743.jpg,football field
./dataset/00002744.jpg,football field
./dataset/00002745.jpg,football field
./dataset/00002746.jpg,football field
./dataset/00002747.jpg,football field
./dataset/00002748.jpg,football field
./dataset/00002749.jpg,football field
./dataset/00002750.jpg,football field
./dataset/00002751.jpg,football field
./dataset/00002752.jpg,football field
./dataset/00002753.jpg,football field
./dataset/00002754.jpg,football field
./dataset/00002755.jpg,football field
./dataset/00002756.jpg,football field
./dataset/00002757.jpg,football field
./dataset/00002758.jpg,football field
./dataset/00002759.jpg,football field
./dataset/00002760.jpg,football field
./dataset/00002761.jpg,football field
./dataset/00002762.jpg,football field
./dataset/00002763.jpg,football field
./dataset/00002764.jpg,football field
./dataset/00002765.jpg,football field
./dataset/00002766.jpg,football field
./dataset/00002767.jpg,football field
./dataset/00002768.jpg,football field
./dataset/00002769.jpg,football field
./dataset/00002770.jpg,football field
./dataset/00002771.jpg,football field
./dataset/00002772.jpg,football field
./dataset/00002773.jpg,football field
./dataset/00002774.jpg,football field
./dataset/00002775.jpg,football field
./dataset/00002776.jpg,football field
./dataset/00002777.jpg,football field
./dataset/00002778.jpg,football field
./dataset/00002779.jpg,football field
./dataset/00002780.jpg,football field
./dataset/00002781.jpg,football field
./dataset/00002782.jpg,football field
./dataset/00002783.jpg,football field
./dataset/00002784.jpg,football field
./dataset/00002785.jpg,football field
./dataset/00002786.jpg,football field
./dataset/00002787.jpg,football field
./dataset/00002788.jpg,football field
./dataset/00002789.jpg,football field
./dataset/00002790.jpg,football field
./dataset/00002791.jpg,football field
./dataset/00002792.jpg,football field
./dataset/00002793.jpg,football field
./dataset/00002794.jpg,football field
./dataset/00002795.jpg,football field
./dataset/00002796.jpg,football field
./dataset/00002797.jpg,football field
./dataset/00002798.jpg,football field
./dataset/00002799.jpg,football field
./dataset/00002800.jpg,football field
./dataset/00002801.jpg,football field
./dataset/00002802.jpg,football field
./dataset/00002803.jpg,football field
./dataset/00002804.jpg,football field
./dataset/00002805.jpg,football field
./dataset/00002806.jpg,football field
./dataset/00002807.jpg,football field
./dataset/00002808.jpg,football field
./dataset/00002809.jpg,football field
./dataset/00002810.jpg,football field
./dataset/00002811.jpg,football field
./dataset/00002812.jpg,football field
./dataset/00002813.jpg,football field
./dataset/00002814.jpg,football field
./dataset/00002815.jpg,football field
./dataset/00002816.jpg,football field
./dataset/00002817.jpg,football field
./dataset/00002818.jpg,football field
./dataset/00002819.jpg,football field
./dataset/00002820.jpg,football field
./dataset/00002821.jpg,football field
./dataset/00002822.jpg,football field
./dataset/00002823.jpg,football field
./dataset/00002824.jpg,football field
./dataset/00002825.jpg,football field
./dataset/00002826.jpg,football field
./dataset/00002827.jpg,football field
./dataset/00002828.jpg,football field
./dataset/00002829.jpg,football field
./dataset/00002830.jpg,football field
./dataset/00002831.jpg,football field
./dataset/00002832.jpg,football field
./dataset/00002833.jpg,football field
./dataset/00002834.jpg,football field
./dataset/00002835.jpg,football field
./dataset/00002836.jpg,football field
./dataset/00002837.jpg,football field
./dataset/00002838.jpg,football field
./dataset/00002839.jpg,football field
./dataset/00002840.jpg,football field
./dataset/00002841.jpg,football field
./dataset/00002842.jpg,football field
./dataset/00002843.jpg,football field
./dataset/00002844.jpg,football field
./dataset/00002845.jpg,football field
./dataset/00002846.jpg,football field
./dataset/00002847.jpg,football field
./dataset/00002848.jpg,football field
./dataset/00002849.jpg,football field
./dataset/00002850.jpg,football field
./dataset/00002851.jpg,football field
./dataset/00002852.jpg,football field
./dataset/00002853.jpg,football field
./dataset/00002854.jpg,football field
./dataset/00002855.jpg,football field
./dataset/00002856.jpg,football field
./dataset/00002857.jpg,football field
./dataset/00002858.jpg,football field
./dataset/00002859.jpg,football field
./dataset/00002860.jpg,football field
./dataset/00002861.jpg,football field
./dataset/00002862.jpg,football field
./dataset/00002863.jpg,football field
./dataset/00002864.jpg,football field
./dataset/00002865.jpg,football field
./dataset/00002866.jpg,football field
./dataset/00002867.jpg,football field
./dataset/00002868.jpg,football field
./dataset/00002869.jpg,football field
./dataset/00002870.jpg,football field
./dataset/00002871.jpg,football field
./dataset/00002872.jpg,football field
./dataset/00002873.jpg,football field
./dataset/00002874.jpg,football field
./dataset/00002875.jpg,football field
./dataset/00002876.jpg,football field
./dataset/00002877.jpg,football field
./dataset/00002878.jpg,football field
./dataset/00002879.jpg,football field
./dataset/00002880.jpg,football field
./dataset/00002881.jpg,football field
./dataset/00002882.jpg,football field
./dataset/00002883.jpg,football field
./dataset/00002884.jpg,football field
./dataset/00002885.jpg,football field
./dataset/00002886.jpg,football field
./dataset/00002887.jpg,football field
./dataset/00002888.jpg,football field
./dataset/00002889.jpg,football field
./dataset/00002890.jpg,football field
./dataset/00002891.jpg,football field
./dataset/00002892.jpg,football field
./dataset/00002893.jpg,football field
./dataset/00002894.jpg,football field
./dataset/00002895.jpg,football field
./dataset/00002896.jpg,football field
./dataset/00002897.jpg,football field
./dataset/00002898.jpg,football field
./dataset/00002899.jpg,football field
./dataset/00002900.jpg,football field
./dataset/00002901.jpg,football field
./dataset/00002902.jpg,football field
./dataset/00002903.jpg,football field
./dataset/00002904.jpg,football field
./dataset/00002905.jpg,football field
./dataset/00002906.jpg,football field
./dataset/00002907.jpg,football field
./dataset/00002908.jpg,football field
./dataset/00002909.jpg,football field
./dataset/00002910.jpg,football field
./dataset/00002911.jpg,football field
./dataset/00002912.jpg,football field
./dataset/00002913.jpg,football field
./dataset/00002914.jpg,football field
./dataset/00002915.jpg,football field
./dataset/00002916.jpg,football field
./dataset/00002917.jpg,football field
./dataset/00002918.jpg,football field
./dataset/00002919.jpg,football field
./dataset/00002920.jpg,football field
./dataset/00002921.jpg,football field
./dataset/00002922.jpg,football field
./dataset/00002923.jpg,football field
./dataset/00002924.jpg,football field
./dataset/00002925.jpg,football field
./dataset/00002926.jpg,football field
./dataset/00002927.jpg,football field
./dataset/00002928.jpg,football field
./dataset/00002929.jpg,football field
./dataset/00002930.jpg,football field
./dataset/00002931.jpg,football field
./dataset/00002932.jpg,football field
./dataset/00002933.jpg,football field
./dataset/00002934.jpg,football field
./dataset/00002935.jpg,football field
./dataset/00002936.jpg,football field
./dataset/00002937.jpg,football field
./dataset/00002938.jpg,football field
./dataset/00002939.jpg,football field
./dataset/00002940.jpg,football field
./dataset/00002941.jpg,football field
./dataset/00002942.jpg,football field
./dataset/00002943.jpg,football field
./dataset/00002944.jpg,football field
./dataset/00002945.jpg,football field
./dataset/00002946.jpg,football field
./dataset/00002947.jpg,football field
./dataset/00002948.jpg,football field
./dataset/00002949.jpg,football field
./dataset/00002950.jpg,football field
./dataset/00002951.jpg,football field
./dataset/00002952.jpg,football field
./dataset/00002953.jpg,football field
./dataset/00002954.jpg,football field
./dataset/00002955.jpg,football field
./dataset/00002956.jpg,football field
./dataset/00002957.jpg,football field
./dataset/00002958.jpg,football field
./dataset/00002959.jpg,football field
./dataset/00002960.jpg,football field
./dataset/00002961.jpg,football field
./dataset/00002962.jpg,football field
./dataset/00002963.jpg,football field
./dataset/00002964.jpg,football field
./dataset/00002965.jpg,football field
./dataset/00002966.jpg,football field
./dataset/00002967.jpg,football field
./dataset/00002968.jpg,football field
./dataset/00002969.jpg,football field
./dataset/00002970.jpg,football field
./dataset/00002971.jpg,football field
./dataset/00002972.jpg,football field
./dataset/00002973.jpg,football field
./dataset/00002974.jpg,football field
./dataset/00002975.jpg,football field
./dataset/00002976.jpg,football field
./dataset/00002977.jpg,football field
./dataset/00002978.jpg,football field
./dataset/00002979.jpg,football field
./dataset/00002980.jpg,football field
./dataset/00002981.jpg,football field
./dataset/00002982.jpg,football field
./dataset/00002983.jpg,football field
./dataset/00002984.jpg,football field
./dataset/00002985.jpg,football field
./dataset/00002986.jpg,football field
./dataset/00002987.jpg,football field
./dataset/00002988.jpg,football field
./dataset/00002989.jpg,football field
./dataset/00002990.jpg,football field
./dataset/00002991.jpg,football field
./dataset/00002992.jpg,football field
./dataset/00002993.jpg,football field
./dataset/00002994.jpg,football field
./dataset/00002995.jpg,football field
./dataset/00002996.jpg,football field
./dataset/00002997.jpg,football field
./dataset/00002998.jpg,football field
./dataset/00002999.jpg,football field
./dataset/00003000.jpg,football field
./dataset/00003001.jpg,football field
./dataset/00003002.jpg,football field
./dataset/00003003.jpg,football field
./dataset/00003004.jpg,football field
./dataset/00003005.jpg,football field
./dataset/00003006.jpg,football field
./dataset/00003007.jpg,football field
./dataset/00003008.jpg,football field
./dataset/00003009.jpg,football field
./dataset/00003010.jpg,football field
./dataset/00003011.jpg,football field
./dataset/00003012.jpg,football field
./dataset/00003013.jpg,football field
./dataset/00003014.jpg,football field
./dataset/00003015.jpg,football field
./dataset/00003016.jpg,football field
./dataset/00003017.jpg,football field
./dataset/00003018.jpg,football field
./dataset/00003019.jpg,football field
./dataset/00003020.jpg,football field
./dataset/00003021.jpg,football field
./dataset/00003022.jpg,football field
./dataset/00003023.jpg,football field
./dataset/00003024.jpg,football field
./dataset/00003025.jpg,football field
./dataset/00003026.jpg,football field
./dataset/00003027.jpg,football field
./dataset/00003028.jpg,football field
./dataset/00003029.jpg,football field
./dataset/00003030.jpg,football field
./dataset/00003031.jpg,football field
./dataset/00003032.jpg,football field
./dataset/00003033.jpg,football field
./dataset/00003034.jpg,football field
./dataset/00003035.jpg,football field
./dataset/00003036.jpg,football field
./dataset/00003037.jpg,football field
./dataset/00003038.jpg,football field
./dataset/00003039.jpg,football field
./dataset/00003040.jpg,football field
./dataset/00003041.jpg,football field
./dataset/00003042.jpg,football field
./dataset/00003043.jpg,football field
./dataset/00003044.jpg,football field
./dataset/00003045.jpg,football field
./dataset/00003046.jpg,football field
./dataset/00003047.jpg,football field
./dataset/00003048.jpg,football field
./dataset/00003049.jpg,football field
./dataset/00003050.jpg,football field
./dataset/00003051.jpg,football field
./dataset/00003052.jpg,football field
./dataset/00003053.jpg,football field
./dataset/00003054.jpg,football field
./dataset/00003055.jpg,football field
./dataset/00003056.jpg,football field
./dataset/00003057.jpg,football field
./dataset/00003058.jpg,football field
./dataset/00003059.jpg,football field
./dataset/00003060.jpg,football field
./dataset/00003061.jpg,football field
./dataset/00003062.jpg,football field
./dataset/00003063.jpg,football field
./dataset/00003064.jpg,football field
./dataset/00003065.jpg,football field
./dataset/00003066.jpg,football field
./dataset/00003067.jpg,football field
./dataset/00003068.jpg,football field
./dataset/00003069.jpg,football field
./dataset/00003070.jpg,football field
./dataset/00003071.jpg,football field
./dataset/00003072.jpg,football field
./dataset/00003073.jpg,football field
./dataset/00003074.jpg,football field
./dataset/00003075.jpg,football field
./dataset/00003076.jpg,football field
./dataset/00003077.jpg,football field
./dataset/00003078.jpg,football field
./dataset/00003079.jpg,football field
./dataset/00003080.jpg,football field
./dataset/00003081.jpg,football field
./dataset/00003082.jpg,football field
./dataset/00003083.jpg,football field
./dataset/00003084.jpg,football field
./dataset/00003085.jpg,football field
./dataset/00003086.jpg,football field
./dataset/00003087.jpg,football field
./dataset/00003088.jpg,football field
./dataset/00003089.jpg,football field
./dataset/00003090.jpg,football field
./dataset/00003091.jpg,football field
./dataset/00003092.jpg,football field
./dataset/00003093.jpg,football field
./dataset/00003094.jpg,football field
./dataset/00003095.jpg,football field
./dataset/00003096.jpg,football field
./dataset/00003097.jpg,football field
./dataset/00003098.jpg,football field
./dataset/00003099.jpg,football field
./dataset/00003100.jpg,football field
./dataset/00003101.jpg,football field
./dataset/00003102.jpg,football field
./dataset/00003103.jpg,football field
./dataset/00003104.jpg,football field
./dataset/00003105.jpg,football field
./dataset/00003106.jpg,football field
./dataset/00003107.jpg,football field
./dataset/00003108.jpg,football field
./dataset/00003109.jpg,football field
./dataset/00003110.jpg,football field
./dataset/00003111.jpg,football field
./dataset/00003112.jpg,football field
./dataset/00003113.jpg,football field
./dataset/00003114.jpg,football field
./dataset/00003115.jpg,football field
./dataset/00003116.jpg,football field
./dataset/00003117.jpg,football field
./dataset/00003118.jpg,football field
./dataset/00003119.jpg,football field
./dataset/00003120.jpg,football field
./dataset/00003121.jpg,football field
./dataset/00003122.jpg,football field
./dataset/00003123.jpg,football field
./dataset/00003124.jpg,football field
./dataset/00003125.jpg,football field
./dataset/00003126.jpg,football field
./dataset/00003127.jpg,football field
./dataset/00003128.jpg,football field
./dataset/00003129.jpg,football field
./dataset/00003130.jpg,football field
./dataset/00003131.jpg,football field
./dataset/00003132.jpg,football field
./dataset/00003133.jpg,football field
./dataset/00003134.jpg,football field
./dataset/00003135.jpg,football field
./dataset/00003136.jpg,football field
./dataset/00003137.jpg,football field
./dataset/00003138.jpg,football field
./dataset/00003139.jpg,football field
./dataset/00003140.jpg,football field
./dataset/00003141.jpg,football field
./dataset/00003142.jpg,football field
./dataset/00003143.jpg,football field
./dataset/00003144.jpg,football field
./dataset/00003145.jpg,football field
./dataset/00003146.jpg,football field
./dataset/00003147.jpg,football field
./dataset/00003148.jpg,football field
./dataset/00003149.jpg,football field
./dataset/00003150.jpg,football field
./dataset/00003151.jpg,football field
./dataset/00003152.jpg,football field
./dataset/00003153.jpg,football field
./dataset/00003154.jpg,football field
./dataset/00003155.jpg,football field
./dataset/00003156.jpg,football field
./dataset/00003157.jpg,football field
./dataset/00003158.jpg,football field
./dataset/00003159.jpg,football field
./dataset/00003160.jpg,football field
./dataset/00003161.jpg,football field
./dataset/00003162.jpg,football field
./dataset/00003163.jpg,football field
./dataset/00003164.jpg,football field
./dataset/00003165.jpg,football field
./dataset/00003166.jpg,football field
./dataset/00003167.jpg,football field
./dataset/00003168.jpg,football field
./dataset/00003169.jpg,football field
./dataset/00003170.jpg,football field
./dataset/00003171.jpg,football field
./dataset/00003172.jpg,football field
./dataset/00003173.jpg,football field
./dataset/00003174.jpg,football field
./dataset/00003175.jpg,football field
./dataset/00003176.jpg,football field
./dataset/00003177.jpg,football field
./dataset/00003178.jpg,football field
./dataset/00003179.jpg,football field
./dataset/00003180.jpg,football field
./dataset/00003181.jpg,football field
./dataset/00003182.jpg,football field
./dataset/00003183.jpg,football field
./dataset/00003184.jpg,football field
./dataset/00003185.jpg,football field
./dataset/00003186.jpg,football field
./dataset/00003187.jpg,football field
./dataset/00003188.jpg,football field
./dataset/00003189.jpg,football field
./dataset/00003190.jpg,football field
./dataset/00003191.jpg,football field
./dataset/00003192.jpg,football field
./dataset/00003193.jpg,football field
./dataset/00003194.jpg,football field
./dataset/00003195.jpg,football field
./dataset/00003196.jpg,football field
./dataset/00003197.jpg,football field
./dataset/00003198.jpg,football field
./dataset/00003199.jpg,football field
./dataset/00003200.jpg,football field
./dataset/00003201.jpg,football field
./dataset/00003202.jpg,football field
./dataset/00003203.jpg,football field
./dataset/00003204.jpg,football field
./dataset/00003205.jpg,football field
./dataset/00003206.jpg,football field
./dataset/00003207.jpg,football field
./dataset/00003208.jpg,football field
./dataset/00003209.jpg,football field
./dataset/00003210.jpg,football field
./dataset/00003211.jpg,football field
./dataset/00003212.jpg,football field
./dataset/00003213.jpg,football field
./dataset/00003214.jpg,football field
./dataset/00003215.jpg,football field
./dataset/00003216.jpg,football field
./dataset/00003217.jpg,football field
./dataset/00003218.jpg,football field
./dataset/00003219.jpg,football field
./dataset/00003220.jpg,football field
./dataset/00003221.jpg,football field
./dataset/00003222.jpg,football field
./dataset/00003223.jpg,football field
./dataset/00003224.jpg,football field
./dataset/00003225.jpg,football field
./dataset/00003226.jpg,football field
./dataset/00003227.jpg,football field
./dataset/00003228.jpg,football field
./dataset/00003229.jpg,football field
./dataset/00003230.jpg,football field
./dataset/00003231.jpg,football field
./dataset/00003232.jpg,football field
./dataset/00003233.jpg,football field
./dataset/00003234.jpg,football field
./dataset/00003235.jpg,football field
./dataset/00003236.jpg,football field
./dataset/00003237.jpg,football field
./dataset/00003238.jpg,football field
./dataset/00003239.jpg,football field
./dataset/00003240.jpg,football field
./dataset/00003241.jpg,football field
./dataset/00003242.jpg,football field
./dataset/00003243.jpg,football field
./dataset/00003244.jpg,football field
./dataset/00003245.jpg,football field
./dataset/00003246.jpg,football field
./dataset/00003247.jpg,football field
./dataset/00003248.jpg,football field
./dataset/00003249.jpg,football field
./dataset/00003250.jpg,football field
./dataset/00003251.jpg,football field
./dataset/00003252.jpg,football field
./dataset/00003253.jpg,football field
./dataset/00003254.jpg,football field
./dataset/00003255.jpg,football field
./dataset/00003256.jpg,football field
./dataset/00003257.jpg,football field
./dataset/00003258.jpg,football field
./dataset/00003259.jpg,football field
./dataset/00003260.jpg,football field
./dataset/00003261.jpg,football field
./dataset/00003262.jpg,football field
./dataset/00003263.jpg,football field
./dataset/00003264.jpg,football field
./dataset/00003265.jpg,football field
./dataset/00003266.jpg,football field
./dataset/00003267.jpg,football field
./dataset/00003268.jpg,football field
./dataset/00003269.jpg,football field
./dataset/00003270.jpg,football field
./dataset/00003271.jpg,football field
./dataset/00003272.jpg,football field
./dataset/00003273.jpg,football field
./dataset/00003274.jpg,football field
./dataset/00003275.jpg,football field
./dataset/00003276.jpg,football field
./dataset/00003277.jpg,football field
./dataset/00003278.jpg,football field
./dataset/00003279.jpg,football field
./dataset/00003280.jpg,football field
./dataset/00003281.jpg,football field
./dataset/00003282.jpg,football field
./dataset/00003283.jpg,football field
./dataset/00003284.jpg,football field
./dataset/00003285.jpg,football field
./dataset/00003286.jpg,football field
./dataset/00003287.jpg,football field
./dataset/00003288.jpg,football field
./dataset/00003289.jpg,football field
./dataset/00003290.jpg,football field
./dataset/00003291.jpg,football field
./dataset/00003292.jpg,football field
./dataset/00003293.jpg,football field
./dataset/00003294.jpg,football field
./dataset/00003295.jpg,football field
./dataset/00003296.jpg,football field
./dataset/00003297.jpg,football field
./dataset/00003298.jpg,football field
./dataset/00003299.jpg,football field
./dataset/00003300.jpg,football field
./dataset/00003301.jpg,football field
./dataset/00003302.jpg,football field
./dataset/00003303.jpg,football field
./dataset/00003304.jpg,football field
./dataset/00003305.jpg,football field
./dataset/00003306.jpg,football field
./dataset/00003307.jpg,football field
./dataset/00003308.jpg,football field
./dataset/00003309.jpg,football field
./dataset/00003310.jpg,football field
./dataset/00003311.jpg,football field
./dataset/00003312.jpg,football field
./dataset/00003313.jpg,football field
./dataset/00003314.jpg,football field
./dataset/00003315.jpg,football field
./dataset/00003316.jpg,football field
./dataset/00003317.jpg,football field
./dataset/00003318.jpg,football field
./dataset/00003319.jpg,football field
./dataset/00003320.jpg,football field
./dataset/00003321.jpg,football field
./dataset/00003322.jpg,football field
./dataset/00003323.jpg,football field
./dataset/00003324.jpg,football field
./dataset/00003325.jpg,football field
./dataset/00003326.jpg,football field
./dataset/00003327.jpg,football field
./dataset/00003328.jpg,football field
./dataset/00003329.jpg,football field
./dataset/00003330.jpg,football field
./dataset/00003331.jpg,football field
./dataset/00003332.jpg,football field
./dataset/00003333.jpg,football field
./dataset/00003334.jpg,football field
./dataset/00003335.jpg,football field
./dataset/00003336.jpg,football field
./dataset/00003337.jpg,football field
./dataset/00003338.jpg,football field
./dataset/00003339.jpg,football field
./dataset/00003340.jpg,football field
./dataset/00003341.jpg,football field
./dataset/00003342.jpg,football field
./dataset/00003343.jpg,football field
./dataset/00003344.jpg,football field
./dataset/00003345.jpg,football field
./dataset/00003346.jpg,football field
./dataset/00003347.jpg,football field
./dataset/00003348.jpg,football field
./dataset/00003349.jpg,football field
./dataset/00003350.jpg,football field
./dataset/00003351.jpg,football field
./dataset/00003352.jpg,football field
./dataset/00003353.jpg,football field
./dataset/00003354.jpg,football field
./dataset/00003355.jpg,football field
./dataset/00003356.jpg,football field
./dataset/00003357.jpg,football field
./dataset/00003358.jpg,football field
./dataset/00003359.jpg,football field
./dataset/00003360.jpg,football field
./dataset/00003361.jpg,football field
./dataset/00003362.jpg,football field
./dataset/00003363.jpg,football field
./dataset/00003364.jpg,football field
./dataset/00003365.jpg,football field
./dataset/00003366.jpg,football field
./dataset/00003367.jpg,football field
./dataset/00003368.jpg,football field
./dataset/00003369.jpg,football field
./dataset/00003370.jpg,football field
./dataset/00003371.jpg,football field
./dataset/00003372.jpg,football field
./dataset/00003373.jpg,football field
./dataset/00003374.jpg,football field
./dataset/00003375.jpg,football field
./dataset/00003376.jpg,football field
./dataset/00003377.jpg,football field
./dataset/00003378.jpg,football field
./dataset/00003379.jpg,football field
./dataset/00003380.jpg,football field
./dataset/00003381.jpg,football field
./dataset/00003382.jpg,football field
./dataset/00003383.jpg,football field
./dataset/00003384.jpg,football field
./dataset/00003385.jpg,football field
./dataset/00003386.jpg,football field
./dataset/00003387.jpg,football field
./dataset/00003388.jpg,football field
./dataset/00003389.jpg,football field
./dataset/00003390.jpg,football field
./dataset/00003391.jpg,football field
./dataset/00003392.jpg,football field
./dataset/00003393.jpg,football field
./dataset/00003394.jpg,football field
./dataset/00003395.jpg,football field
./dataset/00003396.jpg,football field
./dataset/00003397.jpg,football field
./dataset/00003398.jpg,football field
./dataset/00003399.jpg,football field
./dataset/00003400.jpg,football field
./dataset/00003401.jpg,football field
./dataset/00003402.jpg,football field
./dataset/00003403.jpg,football field
./dataset/00003404.jpg,football field
./dataset/00003405.jpg,football field
./dataset/00003406.jpg,football field
./dataset/00003407.jpg,football field
./dataset/00003408.jpg,football field
./dataset/00003409.jpg,football field
./dataset/00003410.jpg,football field
./dataset/00003411.jpg,football field
./dataset/00003412.jpg,football field
./dataset/00003413.jpg,football field
./dataset/00003414.jpg,football field
./dataset/00003415.jpg,football field
./dataset/00003416.jpg,football field
./dataset/00003417.jpg,football field
./dataset/00003418.jpg,football field
./dataset/00003419.jpg,football field
./dataset/00003420.jpg,football field
./dataset/00003421.jpg,football field
./dataset/00003422.jpg,football field
./dataset/00003423.jpg,football field
./dataset/00003424.jpg,football field
./dataset/00003425.jpg,football field
./dataset/00003426.jpg,football field
./dataset/00003427.jpg,football field
./dataset/00003428.jpg,football field
./dataset/00003429.jpg,football field
./dataset/00003430.jpg,football field
./dataset/00003431.jpg,football field
./dataset/00003432.jpg,football field
./dataset/00003433.jpg,football field
./dataset/00003434.jpg,football field
./dataset/00003435.jpg,football field
./dataset/00003436.jpg,football field
./dataset/00003437.jpg,football field
./dataset/00003438.jpg,football field
./dataset/00003439.jpg,football field
./dataset/00003440.jpg,football field
./dataset/00003441.jpg,football field
./dataset/00003442.jpg,football field
./dataset/00003443.jpg,football field
./dataset/00003444.jpg,football field
./dataset/00003445.jpg,football field
./dataset/00003446.jpg,football field
./dataset/00003447.jpg,football field
./dataset/00003448.jpg,football field
./dataset/00003449.jpg,football field
./dataset/00003450.jpg,football field
./dataset/00003451.jpg,football field
./dataset/00003452.jpg,football field
./dataset/00003453.jpg,football field
./dataset/00003454.jpg,football field
./dataset/00003455.jpg,football field
./dataset/00003456.jpg,football field
./dataset/00003457.jpg,football field
./dataset/00003458.jpg,football field
./dataset/00003459.jpg,football field
./dataset/00003460.jpg,football field
./dataset/00003461.jpg,football field
./dataset/00003462.jpg,football field
./dataset/00003463.jpg,football field
./dataset/00003464.jpg,football field
./dataset/00003465.jpg,football field
./dataset/00003466.jpg,football field
./dataset/00003467.jpg,football field
./dataset/00003468.jpg,football field
./dataset/00003469.jpg,football field
./dataset/00003470.jpg,football field
./dataset/00003471.jpg,football field
./dataset/00003472.jpg,football field
./dataset/00003473.jpg,football field
./dataset/00003474.jpg,football field
./dataset/00003475.jpg,football field
./dataset/00003476.jpg,football field
./dataset/00003477.jpg,football field
./dataset/00003478.jpg,football field
./dataset/00003479.jpg,football field
./dataset/00003480.jpg,football field
./dataset/00003481.jpg,football field
./dataset/00003482.jpg,football field
./dataset/00003483.jpg,football field
./dataset/00003484.jpg,football field
./dataset/00003485.jpg,football field
./dataset/00003486.jpg,football field
./dataset/00003487.jpg,football field
./dataset/00003488.jpg,football field
./dataset/00003489.jpg,football field
./dataset/00003490.jpg,football field
./dataset/00003491.jpg,football field
./dataset/00003492.jpg,football field
./dataset/00003493.jpg,football field
./dataset/00003494.jpg,football field
./dataset/00003495.jpg,football field
./dataset/00003496.jpg,football field
./dataset/00003497.jpg,football field
./dataset/00003498.jpg,football field
./dataset/00003499.jpg,football field
./dataset/00003500.jpg,football field
./dataset/00003501.jpg,football field
./dataset/00003502.jpg,football field
./dataset/00003503.jpg,football field
./dataset/00003504.jpg,football field
./dataset/00003505.jpg,football field
./dataset/00003506.jpg,football field
./dataset/00003507.jpg,football field
./dataset/00003508.jpg,football field
./dataset/00003509.jpg,football field
./dataset/00003510.jpg,football field
./dataset/00003511.jpg,football field
./dataset/00003512.jpg,football field
./dataset/00003513.jpg,football field
./dataset/00003514.jpg,football field
./dataset/00003515.jpg,football field
./dataset/00003516.jpg,football field
./dataset/00003517.jpg,football field
./dataset/00003518.jpg,football field
./dataset/00003519.jpg,football field
./dataset/00003520.jpg,football field
./dataset/00003521.jpg,football field
./dataset/00003522.jpg,football field
./dataset/00003523.jpg,football field
./dataset/00003524.jpg,football field
./dataset/00003525.jpg,football field
./dataset/00003526.jpg,football field
./dataset/00003527.jpg,football field
./dataset/00003528.jpg,football field
./dataset/00003529.jpg,football field
./dataset/00003530.jpg,football field
./dataset/00003531.jpg,football field
./dataset/00003532.jpg,football field
./dataset/00003533.jpg,football field
./dataset/00003534.jpg,football field
./dataset/00003535.jpg,football field
./dataset/00003536.jpg,football field
./dataset/00003537.jpg,football field
./dataset/00003538.jpg,football field
./dataset/00003539.jpg,football field
./dataset/00003540.jpg,football field
./dataset/00003541.jpg,football field
./dataset/00003542.jpg,football field
./dataset/00003543.jpg,football field
./dataset/00003544.jpg,football field
./dataset/00003545.jpg,football field
./dataset/00003546.jpg,football field
./dataset/00003547.jpg,football field
./dataset/00003548.jpg,football field
./dataset/00003549.jpg,football field
./dataset/00003550.jpg,football field
./dataset/00003551.jpg,football field
./dataset/00003552.jpg,football field
./dataset/00003553.jpg,football field
./dataset/00003554.jpg,football field
./dataset/00003555.jpg,football field
./dataset/00003556.jpg,football field
./dataset/00003557.jpg,football field
./dataset/00003558.jpg,football field
./dataset/00003559.jpg,football field
./dataset/00003560.jpg,football field
./dataset/00003561.jpg,football field
./dataset/00003562.jpg,football field
./dataset/00003563.jpg,football field
./dataset/00003564.jpg,football field
./dataset/00003565.jpg,football field
./dataset/00003566.jpg,football field
./dataset/00003567.jpg,football field
./dataset/00003568.jpg,football field
./dataset/00003569.jpg,football field
./dataset/00003570.jpg,football field
./dataset/00003571.jpg,football field
./dataset/00003572.jpg,football field
./dataset/00003573.jpg,football field
./dataset/00003574.jpg,football field
./dataset/00003575.jpg,football field
./dataset/00003576.jpg,football field
./dataset/00003577.jpg,football field
./dataset/00003578.jpg,football field
./dataset/00003579.jpg,football field
./dataset/00003580.jpg,football field
./dataset/00003581.jpg,football field
./dataset/00003582.jpg,football field
./dataset/00003583.jpg,football field
./dataset/00003584.jpg,football field
./dataset/00003585.jpg,football field
./dataset/00003586.jpg,football field
./dataset/00003587.jpg,football field
./dataset/00003588.jpg,football field
./dataset/00003589.jpg,football field
./dataset/00003590.jpg,football field
./dataset/00003591.jpg,football field
./dataset/00003592.jpg,football field
./dataset/00003593.jpg,football field
./dataset/00003594.jpg,football field
./dataset/00003595.jpg,football field
./dataset/00003596.jpg,football field
./dataset/00003597.jpg,football field
./dataset/00003598.jpg,football field
./dataset/00003599.jpg,football field
./dataset/00003600.jpg,football field
./dataset/00003601.jpg,football field
./dataset/00003602.jpg,football field
./dataset/00003603.jpg,football field
./dataset/00003604.jpg,football field
./dataset/00003605.jpg,football field
./dataset/00003606.jpg,football field
./dataset/00003607.jpg,football field
./dataset/00003608.jpg,football field
./dataset/00003609.jpg,football field
./dataset/00003610.jpg,football field
./dataset/00003611.jpg,football field
./dataset/00003612.jpg,football field
./dataset/00003613.jpg,football field
./dataset/00003614.jpg,football field
./dataset/00003615.jpg,football field
./dataset/00003616.jpg,football field
./dataset/00003617.jpg,football field
./dataset/00003618.jpg,football field
./dataset/00003619.jpg,football field
./dataset/00003620.jpg,football field
./dataset/00003621.jpg,football field
./dataset/00003622.jpg,football field
./dataset/00003623.jpg,football field
./dataset/00003624.jpg,football field
./dataset/00003625.jpg,football field
./dataset/00003626.jpg,football field
./dataset/00003627.jpg,football field
./dataset/00003628.jpg,football field
./dataset/00003629.jpg,football field
./dataset/00003630.jpg,football field
./dataset/00003631.jpg,football field
./dataset/00003632.jpg,football field
./dataset/00003633.jpg,football field
./dataset/00003634.jpg,football field
./dataset/00003635.jpg,football field
./dataset/00003636.jpg,football field
./dataset/00003637.jpg,football field
./dataset/00003638.jpg,football field
./dataset/00003639.jpg,football field
./dataset/00003640.jpg,football field
./dataset/00003641.jpg,football field
./dataset/00003642.jpg,football field
./dataset/00003643.jpg,football field
./dataset/00003644.jpg,football field
./dataset/00003645.jpg,football field
./dataset/00003646.jpg,football field
./dataset/00003647.jpg,football field
./dataset/00003648.jpg,football field
./dataset/00003649.jpg,football field
./dataset/00003650.jpg,football field
./dataset/00003651.jpg,football field
./dataset/00003652.jpg,football field
./dataset/00003653.jpg,football field
./dataset/00003654.jpg,football field
./dataset/00003655.jpg,football field
./dataset/00003656.jpg,football field
./dataset/00003657.jpg,football field
./dataset/00003658.jpg,football field
./dataset/00003659.jpg,football field
./dataset/00003660.jpg,football field
./dataset/00003661.jpg,football field
./dataset/00003662.jpg,football field
./dataset/00003663.jpg,football field
./dataset/00003664.jpg,football field
./dataset/00003665.jpg,football field
./dataset/00003666.jpg,football field
./dataset/00003667.jpg,football field
./dataset/00003668.jpg,football field
./dataset/00003669.jpg,football field
./dataset/00003670.jpg,football field
./dataset/00003671.jpg,football field
./dataset/00003672.jpg,football field
./dataset/00003673.jpg,football field
./dataset/00003674.jpg,football field
./dataset/00003675.jpg,football field
./dataset/00003676.jpg,football field
./dataset/00003677.jpg,football field
./dataset/00003678.jpg,football field
./dataset/00003679.jpg,football field
./dataset/00003680.jpg,football field
./dataset/00003681.jpg,football field
./dataset/00003682.jpg,football field
./dataset/00003683.jpg,football field
./dataset/00003684.jpg,football field
./dataset/00003685.jpg,football field
./dataset/00003686.jpg,football field
./dataset/00003687.jpg,football field
./dataset/00003688.jpg,football field
./dataset/00003689.jpg,football field
./dataset/00003690.jpg,football field
./dataset/00003691.jpg,football field
./dataset/00003692.jpg,football field
./dataset/00003693.jpg,football field
./dataset/00003694.jpg,football field
./dataset/00003695.jpg,football field
./dataset/00003696.jpg,football field
./dataset/00003697.jpg,football field
./dataset/00003698.jpg,football field
./dataset/00003699.jpg,football field
./dataset/00003700.jpg,football field
./dataset/00003701.jpg,football field
./dataset/00003702.jpg,football field
./dataset/00003703.jpg,football field
./dataset/00003704.jpg,football field
./dataset/00003705.jpg,football field
./dataset/00003706.jpg,football field
./dataset/00003707.jpg,football field
./dataset/00003708.jpg,football field
./dataset/00003709.jpg,football field
./dataset/00003710.jpg,football field
./dataset/00003711.jpg,football field
./dataset/00003712.jpg,football field
./dataset/00003713.jpg,football field
./dataset/00003714.jpg,football field
./dataset/00003715.jpg,football field
./dataset/00003716.jpg,football field
./dataset/00003717.jpg,football field
./dataset/00003718.jpg,football field
./dataset/00003719.jpg,football field
./dataset/00003720.jpg,football field
./dataset/00003721.jpg,football field
./dataset/00003722.jpg,football field
./dataset/00003723.jpg,football field
./dataset/00003724.jpg,football field
./dataset/00003725.jpg,football field
./dataset/00003726.jpg,football field
./dataset/00003727.jpg,football field
./dataset/00003728.jpg,football field
./dataset/00003729.jpg,football field
./dataset/00003730.jpg,football field
./dataset/00003731.jpg,football field
./dataset/00003732.jpg,football field
./dataset/00003733.jpg,football field
./dataset/00003734.jpg,football field
./dataset/00003735.jpg,football field
./dataset/00003736.jpg,football field
./dataset/00003737.jpg,football field
./dataset/00003738.jpg,football field
./dataset/00003739.jpg,football field
./dataset/00003740.jpg,football field
./dataset/00003741.jpg,football field
./dataset/00003742.jpg,football field
./dataset/00003743.jpg,football field
./dataset/00003744.jpg,football field
./dataset/00003745.jpg,football field
./dataset/00003746.jpg,football field
./dataset/00003747.jpg,football field
./dataset/00003748.jpg,football field
./dataset/00003749.jpg,football field
./dataset/00003750.jpg,football field
./dataset/00003751.jpg,football field
./dataset/00003752.jpg,football field
./dataset/00003753.jpg,football field
./dataset/00003754.jpg,football field
./dataset/00003755.jpg,football field
./dataset/00003756.jpg,football field
./dataset/00003757.jpg,football field
./dataset/00003758.jpg,football field
./dataset/00003759.jpg,football field
./dataset/00003760.jpg,football field
./dataset/00003761.jpg,football field
./dataset/00003762.jpg,football field
./dataset/00003763.jpg,football field
./dataset/00003764.jpg,football field
./dataset/00003765.jpg,football field
./dataset/00003766.jpg,football field
./dataset/00003767.jpg,football field
./dataset/00003768.jpg,football field
./dataset/00003769.jpg,football field
./dataset/00003770.jpg,football field
./dataset/00003771.jpg,football field
./dataset/00003772.jpg,football field
./dataset/00003773.jpg,football field
./dataset/00003774.jpg,football field
./dataset/00003775.jpg,football field
./dataset/00003776.jpg,football field
./dataset/00003777.jpg,football field
./dataset/00003778.jpg,football field
./dataset/00003779.jpg,football field
./dataset/00003780.jpg,football field
./dataset/00003781.jpg,football field
./dataset/00003782.jpg,football field
./dataset/00003783.jpg,football field
./dataset/00003784.jpg,football field
./dataset/00003785.jpg,football field
./dataset/00003786.jpg,football field
./dataset/00003787.jpg,football field
./dataset/00003788.jpg,football field
./dataset/00003789.jpg,football field
./dataset/00003790.jpg,football field
./dataset/00003791.jpg,football field
./dataset/00003792.jpg,football field
./dataset/00003793.jpg,football field
./dataset/00003794.jpg,football field
./dataset/00003795.jpg,football field
./dataset/00003796.jpg,football field
./dataset/00003797.jpg,football field
./dataset/00003798.jpg,football field
./dataset/00003799.jpg,football field
./dataset/00003800.jpg,football field
./dataset/00003801.jpg,football field
./dataset/00003802.jpg,football field
./dataset/00003803.jpg,football field
./dataset/00003804.jpg,football field
./dataset/00003805.jpg,football field
./dataset/00003806.jpg,football field
./dataset/00003807.jpg,football field
./dataset/00003808.jpg,football field
./dataset/00003809.jpg,football field
./dataset/00003810.jpg,football field
./dataset/00003811.jpg,football field
./dataset/00003812.jpg,football field
./dataset/00003813.jpg,football field
./dataset/00003814.jpg,football field
./dataset/00003815.jpg,football field
./dataset/00003816.jpg,football field
./dataset/00003817.jpg,football field
./dataset/00003818.jpg,football field
./dataset/00003819.jpg,football field
./dataset/00003820.jpg,football field
./dataset/00003821.jpg,football field
./dataset/00003822.jpg,football field
./dataset/00003823.jpg,football field
./dataset/00003824.jpg,football field
./dataset/00003825.jpg,football field
./dataset/00003826.jpg,football field
./dataset/00003827.jpg,football field
./dataset/00003828.jpg,football field
./dataset/00003829.jpg,football field
./dataset/00003830.jpg,football field
./dataset/00003831.jpg,football field
./dataset/00003832.jpg,football field
./dataset/00003833.jpg,football field
./dataset/00003834.jpg,football field
./dataset/00003835.jpg,football field
./dataset/00003836.jpg,football field
./dataset/00003837.jpg,football field
./dataset/00003838.jpg,football field
./dataset/00003839.jpg,football field
./dataset/00003840.jpg,football field
./dataset/00003841.jpg,football field
./dataset/00003842.jpg,football field
./dataset/00003843.jpg,football field
./dataset/00003844.jpg,football field
./dataset/00003845.jpg,football field
./dataset/00003846.jpg,football field
./dataset/00003847.jpg,football field
./dataset/00003848.jpg,football field
./dataset/00003849.jpg,football field
./dataset/00003850.jpg,football field
./dataset/00003851.jpg,football field
./dataset/00003852.jpg,football field
./dataset/00003853.jpg,football field
./dataset/00003854.jpg,football field
./dataset/00003855.jpg,football field
./dataset/00003856.jpg,football field
./dataset/00003857.jpg,football field
./dataset/00003858.jpg,football field
./dataset/00003859.jpg,football field
./dataset/00003860.jpg,football field
./dataset/00003861.jpg,football field
./dataset/00003862.jpg,football field
./dataset/00003863.jpg,football field
./dataset/00003864.jpg,football field
./dataset/00003865.jpg,football field
./dataset/00003866.jpg,football field
./dataset/00003867.jpg,football field
./dataset/00003868.jpg,football field
./dataset/00003869.jpg,football field
./dataset/00003870.jpg,football field
./dataset/00003871.jpg,football field
./dataset/00003872.jpg,football field
./dataset/00003873.jpg,football field
./dataset/00003874.jpg,football field
./dataset/00003875.jpg,football field
./dataset/00003876.jpg,football field
./dataset/00003877.jpg,football field
./dataset/00003878.jpg,football field
./dataset/00003879.jpg,football field
./dataset/00003880.jpg,football field
./dataset/00003881.jpg,football field
./dataset/00003882.jpg,football field
./dataset/00003883.jpg,football field
./dataset/00003884.jpg,football field
./dataset/00003885.jpg,football field
./dataset/00003886.jpg,football field
./dataset/00003887.jpg,football field
./dataset/00003888.jpg,football field
./dataset/00003889.jpg,football field
./dataset/00003890.jpg,football field
./dataset/00003891.jpg,football field
./dataset/00003892.jpg,football field
./dataset/00003893.jpg,football field
./dataset/00003894.jpg,football field
./dataset/00003895.jpg,football field
./dataset/00003896.jpg,football field
./dataset/00003897.jpg,football field
./dataset/00003898.jpg,football field
./dataset/00003899.jpg,football field
./dataset/00003900.jpg,football field
./dataset/00003901.jpg,football field
./dataset/00003902.jpg,football field
./dataset/00003903.jpg,football field
./dataset/00003904.jpg,football field
./dataset/00003905.jpg,football field
./dataset/00003906.jpg,football field
./dataset/00003907.jpg,football field
./dataset/00003908.jpg,football field
./dataset/00003909.jpg,football field
./dataset/00003910.jpg,football field
./dataset/00003911.jpg,football field
./dataset/00003912.jpg,football field
./dataset/00003913.jpg,football field
./dataset/00003914.jpg,football field
./dataset/00003915.jpg,football field
./dataset/00003916.jpg,football field
./dataset/00003917.jpg,football field
./dataset/00003918.jpg,football field
./dataset/00003919.jpg,football field
./dataset/00003920.jpg,football field
./dataset/00003921.jpg,football field
./dataset/00003922.jpg,football field
./dataset/00003923.jpg,football field
./dataset/00003924.jpg,football field
./dataset/00003925.jpg,football field
./dataset/00003926.jpg,football field
./dataset/00003927.jpg,football field
./dataset/00003928.jpg,football field
./dataset/00003929.jpg,football field
./dataset/00003930.jpg,football field
./dataset/00003931.jpg,football field
./dataset/00003932.jpg,football field
./dataset/00003933.jpg,football field
./dataset/00003934.jpg,football field
./dataset/00003935.jpg,football field
./dataset/00003936.jpg,football field
./dataset/00003937.jpg,football field
./dataset/00003938.jpg,football field
./dataset/00003939.jpg,football field
./dataset/00003940.jpg,football field
./dataset/00003941.jpg,football field
./dataset/00003942.jpg,football field
./dataset/00003943.jpg,football field
./dataset/00003944.jpg,football field
./dataset/00003945.jpg,football field
./dataset/00003946.jpg,football field
./dataset/00003947.jpg,football field
./dataset/00003948.jpg,football field
./dataset/00003949.jpg,football field
./dataset/00003950.jpg,football field
./dataset/00003951.jpg,football field
./dataset/00003952.jpg,football field
./dataset/00003953.jpg,football field
./dataset/00003954.jpg,football field
./dataset/00003955.jpg,football field
./dataset/00003956.jpg,football field
./dataset/00003957.jpg,football field
./dataset/00003958.jpg,football field
./dataset/00003959.jpg,football field
./dataset/00003960.jpg,football field
./dataset/00003961.jpg,football field
./dataset/00003962.jpg,football field
./dataset/00003963.jpg,football field
./dataset/00003964.jpg,football field
./dataset/00003965.jpg,football field
./dataset/00003966.jpg,football field
./dataset/00003967.jpg,football field
./dataset/00003968.jpg,football field
./dataset/00003969.jpg,football field
./dataset/00003970.jpg,football field
./dataset/00003971.jpg,football field
./dataset/00003972.jpg,football field
./dataset/00003973.jpg,football field
./dataset/00003974.jpg,football field
./dataset/00003975.jpg,football field
./dataset/00003976.jpg,football field
./dataset/00003977.jpg,football field
./dataset/00003978.jpg,football field
./dataset/00003979.jpg,football field
./dataset/00003980.jpg,football field
./dataset/00003981.jpg,football field
./dataset/00003982.jpg,football field
./dataset/00003983.jpg,football field
./dataset/00003984.jpg,football field
./dataset/00003985.jpg,football field
./dataset/00003986.jpg,football field
./dataset/00003987.jpg,football field
./dataset/00003988.jpg,football field
./dataset/00003989.jpg,football field
./dataset/00003990.jpg,football field
./dataset/00003991.jpg,football field
./dataset/00003992.jpg,football field
./dataset/00003993.jpg,football field
./dataset/00003994.jpg,football field
./dataset/00003995.jpg,football field
./dataset/00003996.jpg,football field
./dataset/00003997.jpg,football field
./dataset/00003998.jpg,football field
./dataset/00003999.jpg,football field
./dataset/00004000.jpg,football field
./dataset/00004001.jpg,football field
./dataset/00004002.jpg,football field
./dataset/00004003.jpg,football field
./dataset/00004004.jpg,football field
./dataset/00004005.jpg,football field
./dataset/00004006.jpg,football field
./dataset/00004007.jpg,football field
./dataset/00004008.jpg,football field
./dataset/00004009.jpg,football field
./dataset/00004010.jpg,football field
./dataset/00004011.jpg,football field
./dataset/00004012.jpg,football field
./dataset/00004013.jpg,football field
./dataset/00004014.jpg,football field
./dataset/00004015.jpg,football field
./dataset/00004016.jpg,football field
./dataset/00004017.jpg,football field
./dataset/00004018.jpg,football field
./dataset/00004019.jpg,football field
./dataset/00004020.jpg,football field
./dataset/00004021.jpg,football field
./dataset/00004022.jpg,football field
./dataset/00004023.jpg,football field
./dataset/00004024.jpg,football field
./dataset/00004025.jpg,football field
./dataset/00004026.jpg,football field
./dataset/00004027.jpg,football field
./dataset/00004028.jpg,football field
./dataset/00004029.jpg,football field
./dataset/00004030.jpg,football field
./dataset/00004031.jpg,football field
./dataset/00004032.jpg,football field
./dataset/00004033.jpg,football field
./dataset/00004034.jpg,football field
./dataset/00004035.jpg,football field
./dataset/00004036.jpg,football field
./dataset/00004037.jpg,football field
./dataset/00004038.jpg,football field
./dataset/00004039.jpg,football field
./dataset/00004040.jpg,football field
./dataset/00004041.jpg,football field
./dataset/00004042.jpg,football field
./dataset/00004043.jpg,football field
./dataset/00004044.jpg,football field
./dataset/00004045.jpg,football field
./dataset/00004046.jpg,football field
./dataset/00004047.jpg,football field
./dataset/00004048.jpg,football field
./dataset/00004049.jpg,football field
./dataset/00004050.jpg,football field
./dataset/00004051.jpg,football field
./dataset/00004052.jpg,football field
./dataset/00004053.jpg,football field
./dataset/00004054.jpg,football field
./dataset/00004055.jpg,football field
./dataset/00004056.jpg,football field
./dataset/00004057.jpg,football field
./dataset/00004058.jpg,football field
./dataset/00004059.jpg,football field
./dataset/00004060.jpg,football field
./dataset/00004061.jpg,football field
./dataset/00004062.jpg,football field
./dataset/00004063.jpg,football field
./dataset/00004064.jpg,football field
./dataset/00004065.jpg,football field
./dataset/00004066.jpg,football field
./dataset/00004067.jpg,football field
./dataset/00004068.jpg,football field
./dataset/00004069.jpg,football field
./dataset/00004070.jpg,football field
./dataset/00004071.jpg,football field
./dataset/00004072.jpg,football field
./dataset/00004073.jpg,football field
./dataset/00004074.jpg,football field
./dataset/00004075.jpg,football field
./dataset/00004076.jpg,football field
./dataset/00004077.jpg,football field
./dataset/00004078.jpg,football field
./dataset/00004079.jpg,football field
./dataset/00004080.jpg,football field
./dataset/00004081.jpg,football field
./dataset/00004082.jpg,football field
./dataset/00004083.jpg,football field
./dataset/00004084.jpg,football field
./dataset/00004085.jpg,football field
./dataset/00004086.jpg,football field
./dataset/00004087.jpg,football field
./dataset/00004088.jpg,football field
./dataset/00004089.jpg,football field
./dataset/00004090.jpg,football field
./dataset/00004091.jpg,football field
./dataset/00004092.jpg,football field
./dataset/00004093.jpg,football field
./dataset/00004094.jpg,football field
./dataset/00004095.jpg,football field
./dataset/00004096.jpg,football field
./dataset/00004097.jpg,football field
./dataset/00004098.jpg,football field
./dataset/00004099.jpg,football field
./dataset/00004100.jpg,football field
./dataset/00004101.jpg,football field
./dataset/00004102.jpg,football field
./dataset/00004103.jpg,football field
./dataset/00004104.jpg,football field
./dataset/00004105.jpg,football field
./dataset/00004106.jpg,football field
./dataset/00004107.jpg,football field
./dataset/00004108.jpg,football field
./dataset/00004109.jpg,football field
./dataset/00004110.jpg,football field
./dataset/00004111.jpg,football field
./dataset/00004112.jpg,football field
./dataset/00004113.jpg,football field
./dataset/00004114.jpg,football field
./dataset/00004115.jpg,football field
./dataset/00004116.jpg,football field
./dataset/00004117.jpg,football field
./dataset/00004118.jpg,football field
./dataset/00004119.jpg,football field
./dataset/00004120.jpg,football field
./dataset/00004121.jpg,football field
./dataset/00004122.jpg,football field
./dataset/00004123.jpg,football field
./dataset/00004124.jpg,football field
./dataset/00004125.jpg,football field
./dataset/00004126.jpg,football field
./dataset/00004127.jpg,football field
./dataset/00004128.jpg,football field
./dataset/00004129.jpg,football field
./dataset/00004130.jpg,football field
./dataset/00004131.jpg,football field
./dataset/00004132.jpg,football field
./dataset/00004133.jpg,football field
./dataset/00004134.jpg,football field
./dataset/00004135.jpg,football field
./dataset/00004136.jpg,football field
./dataset/00004137.jpg,football field
./dataset/00004138.jpg,football field
./dataset/00004139.jpg,football field
./dataset/00004140.jpg,football field
./dataset/00004141.jpg,football field
./dataset/00004142.jpg,football field
./dataset/00004143.jpg,football field
./dataset/00004144.jpg,football field
./dataset/00004145.jpg,football field
./dataset/00004146.jpg,football field
./dataset/00004147.jpg,football field
./dataset/00004148.jpg,football field
./dataset/00004149.jpg,football field
./dataset/00004150.jpg,football field
./dataset/00004151.jpg,football field
./dataset/00004152.jpg,football field
./dataset/00004153.jpg,football field
./dataset/00004154.jpg,football field
./dataset/00004155.jpg,football field
./dataset/00004156.jpg,football field
./dataset/00004157.jpg,football field
./dataset/00004158.jpg,football field
./dataset/00004159.jpg,football field
./dataset/00004160.jpg,football field
./dataset/00004161.jpg,football field
./dataset/00004162.jpg,football field
./dataset/00004163.jpg,football field
./dataset/00004164.jpg,football field
./dataset/00004165.jpg,football field
./dataset/00004166.jpg,football field
./dataset/00004167.jpg,football field
./dataset/00004168.jpg,football field
./dataset/00004169.jpg,football field
./dataset/00004170.jpg,football field
./dataset/00004171.jpg,football field
./dataset/00004172.jpg,football field
./dataset/00004173.jpg,football field
./dataset/00004174.jpg,football field
./dataset/00004175.jpg,football field
./dataset/00004176.jpg,football field
./dataset/00004177.jpg,football field
./dataset/00004178.jpg,football field
./dataset/00004179.jpg,football field
./dataset/00004180.jpg,football field
./dataset/00004181.jpg,football field
./dataset/00004182.jpg,football field
./dataset/00004183.jpg,football field
./dataset/00004184.jpg,football field
./dataset/00004185.jpg,football field
./dataset/00004186.jpg,football field
./dataset/00004187.jpg,football field
./dataset/00004188.jpg,football field
./dataset/00004189.jpg,football field
./dataset/00004190.jpg,football field
./dataset/00004191.jpg,football field
./dataset/00004192.jpg,football field
./dataset/00004193.jpg,football field
./dataset/00004194.jpg,football field
./dataset/00004195.jpg,football field
./dataset/00004196.jpg,football field
./dataset/00004197.jpg,football field
./dataset/00004198.jpg,football field
./dataset/00004199.jpg,football field
./dataset/00004200.jpg,football field
./dataset/00004201.jpg,football field
./dataset/00004202.jpg,football field
./dataset/00004203.jpg,football field
./dataset/00004204.jpg,football field
./dataset/00004205.jpg,football field
./dataset/00004206.jpg,football field
./dataset/00004207.jpg,football field
./dataset/00004208.jpg,football field
./dataset/00004209.jpg,football field
./dataset/00004210.jpg,football field
./dataset/00004211.jpg,football field
./dataset/00004212.jpg,football field
./dataset/00004213.jpg,football field
./dataset/00004214.jpg,football field
./dataset/00004215.jpg,football field
./dataset/00004216.jpg,football field
./dataset/00004217.jpg,football field
./dataset/00004218.jpg,football field
./dataset/00004219.jpg,football field
./dataset/00004220.jpg,football field
./dataset/00004221.jpg,football field
./dataset/00004222.jpg,football field
./dataset/00004223.jpg,football field
./dataset/00004224.jpg,football field
./dataset/00004225.jpg,football field
./dataset/00004226.jpg,football field
./dataset/00004227.jpg,football field
./dataset/00004228.jpg,football field
./dataset/00004229.jpg,football field
./dataset/00004230.jpg,football field
./dataset/00004231.jpg,football field
./dataset/00004232.jpg,football field
./dataset/00004233.jpg,football field
./dataset/00004234.jpg,football field
./dataset/00004235.jpg,football field
./dataset/00004236.jpg,football field
./dataset/00004237.jpg,football field
./dataset/00004238.jpg,football field
./dataset/00004239.jpg,football field
./dataset/00004240.jpg,football field
./dataset/00004241.jpg,football field
./dataset/00004242.jpg,football field
./dataset/00004243.jpg,football field
./dataset/00004244.jpg,football field
./dataset/00004245.jpg,football field
./dataset/00004246.jpg,football field
./dataset/00004247.jpg,football field
./dataset/00004248.jpg,football field
./dataset/00004249.jpg,football field
./dataset/00004250.jpg,football field
./dataset/00004251.jpg,football field
./dataset/00004252.jpg,football field
./dataset/00004253.jpg,football field
./dataset/00004254.jpg,football field
./dataset/00004255.jpg,football field
./dataset/00004256.jpg,football field
./dataset/00004257.jpg,football field
./dataset/00004258.jpg,football field
./dataset/00004259.jpg,football field
./dataset/00004260.jpg,football field
./dataset/00004261.jpg,football field
./dataset/00004262.jpg,football field
./dataset/00004263.jpg,football field
./dataset/00004264.jpg,football field
./dataset/00004265.jpg,football field
./dataset/00004266.jpg,football field
./dataset/00004267.jpg,football field
./dataset/00004268.jpg,football field
./dataset/00004269.jpg,football field
./dataset/00004270.jpg,football field
./dataset/00004271.jpg,football field
./dataset/00004272.jpg,football field
./dataset/00004273.jpg,football field
./dataset/00004274.jpg,football field
./dataset/00004275.jpg,football field
./dataset/00004276.jpg,football field
./dataset/00004277.jpg,football field
./dataset/00004278.jpg,football field
./dataset/00004279.jpg,football field
./dataset/00004280.jpg,football field
./dataset/00004281.jpg,football field
./dataset/00004282.jpg,football field
./dataset/00004283.jpg,football field
./dataset/00004284.jpg,football field
./dataset/00004285.jpg,football field
./dataset/00004286.jpg,football field
./dataset/00004287.jpg,football field
./dataset/00004288.jpg,football field
./dataset/00004289.jpg,football field
./dataset/00004290.jpg,football field
./dataset/00004291.jpg,football field
./dataset/00004292.jpg,football field
./dataset/00004293.jpg,football field
./dataset/00004294.jpg,football field
./dataset/00004295.jpg,football field
./dataset/00004296.jpg,football field
./dataset/00004297.jpg,football field
./dataset/00004298.jpg,football field
./dataset/00004299.jpg,football field
./dataset/00004300.jpg,football field
./dataset/00004301.jpg,football field
./dataset/00004302.jpg,football field
./dataset/00004303.jpg,football field
./dataset/00004304.jpg,football field
./dataset/00004305.jpg,football field
./dataset/00004306.jpg,football field
./dataset/00004307.jpg,football field
./dataset/00004308.jpg,football field
./dataset/00004309.jpg,football field
./dataset/00004310.jpg,football field
./dataset/00004311.jpg,football field
./dataset/00004312.jpg,football field
./dataset/00004313.jpg,football field
./dataset/00004314.jpg,football field
./dataset/00004315.jpg,football field
./dataset/00004316.jpg,football field
./dataset/00004317.jpg,football field
./dataset/00004318.jpg,football field
./dataset/00004319.jpg,football field
./dataset/00004320.jpg,football field
./dataset/00004321.jpg,football field
./dataset/00004322.jpg,football field
./dataset/00004323.jpg,football field
./dataset/00004324.jpg,football field
./dataset/00004325.jpg,football field
./dataset/00004326.jpg,football field
./dataset/00004327.jpg,football field
./dataset/00004328.jpg,football field
./dataset/00004329.jpg,football field
./dataset/00004330.jpg,football field
./dataset/00004331.jpg,football field
./dataset/00004332.jpg,football field
./dataset/00004333.jpg,football field
./dataset/00004334.jpg,football field
./dataset/00004335.jpg,football field
./dataset/00004336.jpg,football field
./dataset/00004337.jpg,football field
./dataset/00004338.jpg,football field
./dataset/00004339.jpg,football field
./dataset/00004340.jpg,football field
./dataset/00004341.jpg,football field
./dataset/00004342.jpg,football field
./dataset/00004343.jpg,football field
./dataset/00004344.jpg,football field
./dataset/00004345.jpg,football field
./dataset/00004346.jpg,football field
./dataset/00004347.jpg,football field
./dataset/00004348.jpg,football field
./dataset/00004349.jpg,football field
./dataset/00004350.jpg,football field
./dataset/00004351.jpg,football field
./dataset/00004352.jpg,football field
./dataset/00004353.jpg,football field
./dataset/00004354.jpg,football field
./dataset/00004355.jpg,football field
./dataset/00004356.jpg,football field
./dataset/00004357.jpg,football field
./dataset/00004358.jpg,football field
./dataset/00004359.jpg,football field
./dataset/00004360.jpg,football field
./dataset/00004361.jpg,football field
./dataset/00004362.jpg,football field
./dataset/00004363.jpg,football field
./dataset/00004364.jpg,football field
./dataset/00004365.jpg,football field
./dataset/00004366.jpg,football field
./dataset/00004367.jpg,football field
./dataset/00004368.jpg,football field
./dataset/00004369.jpg,football field
./dataset/00004370.jpg,football field
./dataset/00004371.jpg,football field
./dataset/00004372.jpg,football field
./dataset/00004373.jpg,football field
./dataset/00004374.jpg,football field
./dataset/00004375.jpg,football field
./dataset/00004376.jpg,football field
./dataset/00004377.jpg,football field
./dataset/00004378.jpg,football field
./dataset/00004379.jpg,football field
./dataset/00004380.jpg,football field
./dataset/00004381.jpg,football field
./dataset/00004382.jpg,football field
./dataset/00004383.jpg,football field
./dataset/00004384.jpg,football field
./dataset/00004385.jpg,football field
./dataset/00004386.jpg,football field
./dataset/00004387.jpg,football field
./dataset/00004388.jpg,football field
./dataset/00004389.jpg,football field
./dataset/00004390.jpg,football field
./dataset/00004391.jpg,football field
./dataset/00004392.jpg,football field
./dataset/00004393.jpg,football field
./dataset/00004394.jpg,football field
./dataset/00004395.jpg,football field
./dataset/00004396.jpg,football field
./dataset/00004397.jpg,football field
./dataset/00004398.jpg,football field
./dataset/00004399.jpg,football field
./dataset/00004400.jpg,football field
./dataset/00004401.jpg,football field
./dataset/00004402.jpg,football field
./dataset/00004403.jpg,football field
./dataset/00004404.jpg,football field
./dataset/00004405.jpg,football field
./dataset/00004406.jpg,football field
./dataset/00004407.jpg,football field
./dataset/00004408.jpg,football field
./dataset/00004409.jpg,football field
./dataset/00004410.jpg,football field
./dataset/00004411.jpg,football field
./dataset/00004412.jpg,football field
./dataset/00004413.jpg,football field
./dataset/00004414.jpg,football field
./dataset/00004415.jpg,football field
./dataset/00004416.jpg,football field
./dataset/00004417.jpg,football field
./dataset/00004418.jpg,football field
./dataset/00004419.jpg,football field
./dataset/00004420.jpg,football field
./dataset/00004421.jpg,football field
./dataset/00004422.jpg,football field
./dataset/00004423.jpg,football field
./dataset/00004424.jpg,football field
./dataset/00004425.jpg,football field
./dataset/00004426.jpg,football field
./dataset/00004427.jpg,football field
./dataset/00004428.jpg,football field
./dataset/00004429.jpg,football field
./dataset/00004430.jpg,football field
./dataset/00004431.jpg,football field
./dataset/00004432.jpg,football field
./dataset/00004433.jpg,football field
./dataset/00004434.jpg,football field
./dataset/00004435.jpg,football field
./dataset/00004436.jpg,football field
./dataset/00004437.jpg,football field
./dataset/00004438.jpg,football field
./dataset/00004439.jpg,football field
./dataset/00004440.jpg,football field
./dataset/00004441.jpg,football field
./dataset/00004442.jpg,football field
./dataset/00004443.jpg,football field
./dataset/00004444.jpg,football field
./dataset/00004445.jpg,football field
./dataset/00004446.jpg,football field
./dataset/00004447.jpg,football field
./dataset/00004448.jpg,football field
./dataset/00004449.jpg,football field
./dataset/00004450.jpg,football field
./dataset/00004451.jpg,football field
./dataset/00004452.jpg,football field
./dataset/00004453.jpg,football field
./dataset/00004454.jpg,football field
./dataset/00004455.jpg,football field
./dataset/00004456.jpg,football field
./dataset/00004457.jpg,football field
./dataset/00004458.jpg,football field
./dataset/00004459.jpg,football field
./dataset/00004460.jpg,football field
./dataset/00004461.jpg,football field
./dataset/00004462.jpg,football field
./dataset/00004463.jpg,football field
./dataset/00004464.jpg,football field
./dataset/00004465.jpg,football field
./dataset/00004466.jpg,football field
./dataset/00004467.jpg,football field
./dataset/00004468.jpg,football field
./dataset/00004469.jpg,football field
./dataset/00004470.jpg,football field
./dataset/00004471.jpg,football field
./dataset/00004472.jpg,football field
./dataset/00004473.jpg,football field
./dataset/00004474.jpg,football field
./dataset/00004475.jpg,football field
./dataset/00004476.jpg,football field
./dataset/00004477.jpg,football field
./dataset/00004478.jpg,football field
./dataset/00004479.jpg,football field
./dataset/00004480.jpg,football field
./dataset/00004481.jpg,football field
./dataset/00004482.jpg,football field
./dataset/00004483.jpg,football field
./dataset/00004484.jpg,football field
./dataset/00004485.jpg,football field
./dataset/00004486.jpg,football field
./dataset/00004487.jpg,football field
./dataset/00004488.jpg,football field
./dataset/00004489.jpg,football field
./dataset/00004490.jpg,football field
./dataset/00004491.jpg,football field
./dataset/00004492.jpg,football field
./dataset/00004493.jpg,football field
./dataset/00004494.jpg,football field
./dataset/00004495.jpg,football field
./dataset/00004496.jpg,football field
./dataset/00004497.jpg,football field
./dataset/00004498.jpg,football field
./dataset/00004499.jpg,football field
./dataset/00004500.jpg,football field
./dataset/00004501.jpg,football field
./dataset/00004502.jpg,football field
./dataset/00004503.jpg,football field
./dataset/00004504.jpg,football field
./dataset/00004505.jpg,football field
./dataset/00004506.jpg,football field
./dataset/00004507.jpg,football field
./dataset/00004508.jpg,football field
./dataset/00004509.jpg,football field
./dataset/00004510.jpg,football field
./dataset/00004511.jpg,football field
./dataset/00004512.jpg,football field
./dataset/00004513.jpg,football field
./dataset/00004514.jpg,football field
./dataset/00004515.jpg,football field
./dataset/00004516.jpg,football field
./dataset/00004517.jpg,football field
./dataset/00004518.jpg,football field
./dataset/00004519.jpg,football field
./dataset/00004520.jpg,football field
./dataset/00004521.jpg,football field
./dataset/00004522.jpg,football field
./dataset/00004523.jpg,football field
./dataset/00004524.jpg,football field
./dataset/00004525.jpg,football field
./dataset/00004526.jpg,football field
./dataset/00004527.jpg,football field
./dataset/00004528.jpg,football field
./dataset/00004529.jpg,football field
./dataset/00004530.jpg,football field
./dataset/00004531.jpg,football field
./dataset/00004532.jpg,football field
./dataset/00004533.jpg,football field
./dataset/00004534.jpg,football field
./dataset/00004535.jpg,football field
./dataset/00004536.jpg,football field
./dataset/00004537.jpg,football field
./dataset/00004538.jpg,football field
./dataset/00004539.jpg,football field
./dataset/00004540.jpg,football field
./dataset/00004541.jpg,football field
./dataset/00004542.jpg,football field
./dataset/00004543.jpg,football field
./dataset/00004544.jpg,football field
./dataset/00004545.jpg,football field
./dataset/00004546.jpg,football field
./dataset/00004547.jpg,football field
./dataset/00004548.jpg,football field
./dataset/00004549.jpg,football field
./dataset/00004550.jpg,football field
./dataset/00004551.jpg,football field
./dataset/00004552.jpg,football field
./dataset/00004553.jpg,football field
./dataset/00004554.jpg,football field
./dataset/00004555.jpg,football field
./dataset/00004556.jpg,football field
./dataset/00004557.jpg,football field
./dataset/00004558.jpg,football field
./dataset/00004559.jpg,football field
./dataset/00004560.jpg,football field
./dataset/00004561.jpg,football field
./dataset/00004562.jpg,football field
./dataset/00004563.jpg,football field
./dataset/00004564.jpg,football field
./dataset/00004565.jpg,football field
./dataset/00004566.jpg,football field
./dataset/00004567.jpg,football field
./dataset/00004568.jpg,football field
./dataset/00004569.jpg,football field
./dataset/00004570.jpg,football field
./dataset/00004571.jpg,football field
./dataset/00004572.jpg,football field
./dataset/00004573.jpg,football field
./dataset/00004574.jpg,football field
./dataset/00004575.jpg,football field
./dataset/00004576.jpg,football field
./dataset/00004577.jpg,football field
./dataset/00004578.jpg,football field
./dataset/00004579.jpg,football field
./dataset/00004580.jpg,football field
./dataset/00004581.jpg,football field
./dataset/00004582.jpg,football field
./dataset/00004583.jpg,football field
./dataset/00004584.jpg,football field
./dataset/00004585.jpg,football field
./dataset/00004586.jpg,football field
./dataset/00004587.jpg,football field
./dataset/00004588.jpg,football field
./dataset/00004589.jpg,football field
./dataset/00004590.jpg,football field
./dataset/00004591.jpg,football field
./dataset/00004592.jpg,football field
./dataset/00004593.jpg,football field
./dataset/00004594.jpg,football field
./dataset/00004595.jpg,football field
./dataset/00004596.jpg,football field
./dataset/00004597.jpg,football field
./dataset/00004598.jpg,football field
./dataset/00004599.jpg,football field
./dataset/00004600.jpg,football field
./dataset/00004601.jpg,football field
./dataset/00004602.jpg,football field
./dataset/00004603.jpg,football field
./dataset/00004604.jpg,football field
./dataset/00004605.jpg,football field
./dataset/00004606.jpg,football field
./dataset/00004607.jpg,football field
./dataset/00004608.jpg,football field
./dataset/00004609.jpg,football field
./dataset/00004610.jpg,football field
./dataset/00004611.jpg,football field
./dataset/00004612.jpg,football field
./dataset/00004613.jpg,football field
./dataset/00004614.jpg,football field
./dataset/00004615.jpg,football field
./dataset/00004616.jpg,football field
./dataset/00004617.jpg,football field
./dataset/00004618.jpg,football field
./dataset/00004619.jpg,football field
./dataset/00004620.jpg,football field
./dataset/00004621.jpg,football field
./dataset/00004622.jpg,football field
./dataset/00004623.jpg,football field
./dataset/00004624.jpg,football field
./dataset/00004625.jpg,football field
./dataset/00004626.jpg,football field
./dataset/00004627.jpg,football field
./dataset/00004628.jpg,football field
./dataset/00004629.jpg,football field
./dataset/00004630.jpg,football field
./dataset/00004631.jpg,football field
./dataset/00004632.jpg,football field
./dataset/00004633.jpg,football field
./dataset/00004634.jpg,football field
./dataset/00004635.jpg,football field
./dataset/00004636.jpg,football field
./dataset/00004637.jpg,football field
./dataset/00004638.jpg,football field
./dataset/00004639.jpg,football field
./dataset/00004640.jpg,football field
./dataset/00004641.jpg,football field
./dataset/00004642.jpg,football field
./dataset/00004643.jpg,football field
./dataset/00004644.jpg,football field
./dataset/00004645.jpg,football field
./dataset/00004646.jpg,football field
./dataset/00004647.jpg,football field
./dataset/00004648.jpg,football field
./dataset/00004649.jpg,football field
./dataset/00004650.jpg,football field
./dataset/00004651.jpg,football field
./dataset/00004652.jpg,football field
./dataset/00004653.jpg,football field
./dataset/00004654.jpg,football field
./dataset/00004655.jpg,football field
./dataset/00004656.jpg,football field
./dataset/00004657.jpg,football field
./dataset/00004658.jpg,football field
./dataset/00004659.jpg,football field
./dataset/00004660.jpg,football field
./dataset/00004661.jpg,football field
./dataset/00004662.jpg,football field
./dataset/00004663.jpg,football field
./dataset/00004664.jpg,football field
./dataset/00004665.jpg,football field
./dataset/00004666.jpg,football field
./dataset/00004667.jpg,football field
./dataset/00004668.jpg,football field
./dataset/00004669.jpg,football field
./dataset/00004670.jpg,football field
./dataset/00004671.jpg,football field
./dataset/00004672.jpg,football field
./dataset/00004673.jpg,football field
./dataset/00004674.jpg,football field
./dataset/00004675.jpg,football field
./dataset/00004676.jpg,football field
./dataset/00004677.jpg,football field
./dataset/00004678.jpg,football field
./dataset/00004679.jpg,football field
./dataset/00004680.jpg,football field
./dataset/00004681.jpg,football field
./dataset/00004682.jpg,football field
./dataset/00004683.jpg,football field
./dataset/00004684.jpg,football field
./dataset/00004685.jpg,football field
./dataset/00004686.jpg,football field
./dataset/00004687.jpg,football field
./dataset/00004688.jpg,football field
./dataset/00004689.jpg,football field
./dataset/00004690.jpg,football field
./dataset/00004691.jpg,football field
./dataset/00004692.jpg,football field
./dataset/00004693.jpg,football field
./dataset/00004694.jpg,football field
./dataset/00004695.jpg,football field
./dataset/00004696.jpg,football field
./dataset/00004697.jpg,football field
./dataset/00004698.jpg,football field
./dataset/00004699.jpg,football field
./dataset/00004700.jpg,football field
./dataset/00004701.jpg,football field
./dataset/00004702.jpg,football field
./dataset/00004703.jpg,football field
./dataset/00004704.jpg,football field
./dataset/00004705.jpg,football field
./dataset/00004706.jpg,football field
./dataset/00004707.jpg,football field
./dataset/00004708.jpg,football field
./dataset/00004709.jpg,football field
./dataset/00004710.jpg,football field
./dataset/00004711.jpg,football field
./dataset/00004712.jpg,football field
./dataset/00004713.jpg,football field
./dataset/00004714.jpg,football field
./dataset/00004715.jpg,football field
./dataset/00004716.jpg,football field
./dataset/00004717.jpg,football field
./dataset/00004718.jpg,football field
./dataset/00004719.jpg,football field
./dataset/00004720.jpg,football field
./dataset/00004721.jpg,football field
./dataset/00004722.jpg,football field
./dataset/00004723.jpg,football field
./dataset/00004724.jpg,football field
./dataset/00004725.jpg,football field
./dataset/00004726.jpg,football field
./dataset/00004727.jpg,football field
./dataset/00004728.jpg,football field
./dataset/00004729.jpg,football field
./dataset/00004730.jpg,football field
./dataset/00004731.jpg,football field
./dataset/00004732.jpg,football field
./dataset/00004733.jpg,football field
./dataset/00004734.jpg,football field
./dataset/00004735.jpg,football field
./dataset/00004736.jpg,football field
./dataset/00004737.jpg,football field
./dataset/00004738.jpg,football field
./dataset/00004739.jpg,football field
./dataset/00004740.jpg,football field
./dataset/00004741.jpg,football field
./dataset/00004742.jpg,football field
./dataset/00004743.jpg,football field
./dataset/00004744.jpg,football field
./dataset/00004745.jpg,football field
./dataset/00004746.jpg,football field
./dataset/00004747.jpg,football field
./dataset/00004748.jpg,football field
./dataset/00004749.jpg,football field
./dataset/00004750.jpg,football field
./dataset/00004751.jpg,football field
./dataset/00004752.jpg,football field
./dataset/00004753.jpg,football field
./dataset/00004754.jpg,football field
./dataset/00004755.jpg,football field
./dataset/00004756.jpg,football field
./dataset/00004757.jpg,football field
./dataset/00004758.jpg,football field
./dataset/00004759.jpg,football field
./dataset/00004760.jpg,football field
./dataset/00004761.jpg,football field
./dataset/00004762.jpg,football field
./dataset/00004763.jpg,football field
./dataset/00004764.jpg,football field
./dataset/00004765.jpg,football field
./dataset/00004766.jpg,football field
./dataset/00004767.jpg,football field
./dataset/00004768.jpg,football field
./dataset/00004769.jpg,football field
./dataset/00004770.jpg,football field
./dataset/00004771.jpg,football field
./dataset/00004772.jpg,football field
./dataset/00004773.jpg,football field
./dataset/00004774.jpg,football field
./dataset/00004775.jpg,football field
./dataset/00004776.jpg,football field
./dataset/00004777.jpg,football field
./dataset/00004778.jpg,football field
./dataset/00004779.jpg,football field
./dataset/00004780.jpg,football field
./dataset/00004781.jpg,football field
./dataset/00004782.jpg,football field
./dataset/00004783.jpg,football field
./dataset/00004784.jpg,football field
./dataset/00004785.jpg,football field
./dataset/00004786.jpg,football field
./dataset/00004787.jpg,football field
./dataset/00004788.jpg,football field
./dataset/00004789.jpg,football field
./dataset/00004790.jpg,football field
./dataset/00004791.jpg,football field
./dataset/00004792.jpg,football field
./dataset/00004793.jpg,football field
./dataset/00004794.jpg,football field
./dataset/00004795.jpg,football field
./dataset/00004796.jpg,football field
./dataset/00004797.jpg,football field
./dataset/00004798.jpg,football field
./dataset/00004799.jpg,football field
./dataset/00004800.jpg,football field
./dataset/00004801.jpg,football field
./dataset/00004802.jpg,football field
./dataset/00004803.jpg,football field
./dataset/00004804.jpg,football field
./dataset/00004805.jpg,football field
./dataset/00004806.jpg,football field
./dataset/00004807.jpg,football field
./dataset/00004808.jpg,football field
./dataset/00004809.jpg,football field
./dataset/00004810.jpg,football field
./dataset/00004811.jpg,football field
./dataset/00004812.jpg,football field
./dataset/00004813.jpg,football field
./dataset/00004814.jpg,football field
./dataset/00004815.jpg,football field
./dataset/00004816.jpg,football field
./dataset/00004817.jpg,football field
./dataset/00004818.jpg,football field
./dataset/00004819.jpg,football field
./dataset/00004820.jpg,football field
./dataset/00004821.jpg,football field
./dataset/00004822.jpg,football field
./dataset/00004823.jpg,football field
./dataset/00004824.jpg,football field
./dataset/00004825.jpg,football field
./dataset/00004826.jpg,football field
./dataset/00004827.jpg,football field
./dataset/00004828.jpg,football field
./dataset/00004829.jpg,football field
./dataset/00004830.jpg,football field
./dataset/00004831.jpg,football field
./dataset/00004832.jpg,football field
./dataset/00004833.jpg,football field
./dataset/00004834.jpg,football field
./dataset/00004835.jpg,football field
./dataset/00004836.jpg,football field
./dataset/00004837.jpg,football field
./dataset/00004838.jpg,football field
./dataset/00004839.jpg,football field
./dataset/00004840.jpg,football field
./dataset/00004841.jpg,football field
./dataset/00004842.jpg,football field
./dataset/00004843.jpg,football field
./dataset/00004844.jpg,football field
./dataset/00004845.jpg,football field
./dataset/00004846.jpg,football field
./dataset/00004847.jpg,football field
./dataset/00004848.jpg,football field
./dataset/00004849.jpg,football field
./dataset/00004850.jpg,football field
./dataset/00004851.jpg,football field
./dataset/00004852.jpg,football field
./dataset/00004853.jpg,football field
./dataset/00004854.jpg,football field
./dataset/00004855.jpg,football field
./dataset/00004856.jpg,football field
./dataset/00004857.jpg,football field
./dataset/00004858.jpg,football field
./dataset/00004859.jpg,football field
./dataset/00004860.jpg,football field
./dataset/00004861.jpg,football field
./dataset/00004862.jpg,football field
./dataset/00004863.jpg,football field
./dataset/00004864.jpg,football field
./dataset/00004865.jpg,football field
./dataset/00004866.jpg,football field
./dataset/00004867.jpg,football field
./dataset/00004868.jpg,football field
./dataset/00004869.jpg,football field
./dataset/00004870.jpg,football field
./dataset/00004871.jpg,football field
./dataset/00004872.jpg,football field
./dataset/00004873.jpg,football field
./dataset/00004874.jpg,football field
./dataset/00004875.jpg,football field
./dataset/00004876.jpg,football field
./dataset/00004877.jpg,football field
./dataset/00004878.jpg,football field
./dataset/00004879.jpg,football field
./dataset/00004880.jpg,football field
./dataset/00004881.jpg,football field
./dataset/00004882.jpg,football field
./dataset/00004883.jpg,football field
./dataset/00004884.jpg,football field
./dataset/00004885.jpg,football field
./dataset/00004886.jpg,football field
./dataset/00004887.jpg,football field
./dataset/00004888.jpg,football field
./dataset/00004889.jpg,football field
./dataset/00004890.jpg,football field
./dataset/00004891.jpg,football field
./dataset/00004892.jpg,football field
./dataset/00004893.jpg,football field
./dataset/00004894.jpg,football field
./dataset/00004895.jpg,football field
./dataset/00004896.jpg,football field
./dataset/00004897.jpg,football field
./dataset/00004898.jpg,football field
./dataset/00004899.jpg,football field
./dataset/00004900.jpg,football field
./dataset/00004901.jpg,football field
./dataset/00004902.jpg,football field
./dataset/00004903.jpg,football field
./dataset/00004904.jpg,football field
./dataset/00004905.jpg,football field
./dataset/00004906.jpg,football field
./dataset/00004907.jpg,football field
./dataset/00004908.jpg,football field
./dataset/00004909.jpg,football field
./dataset/00004910.jpg,football field
./dataset/00004911.jpg,football field
./dataset/00004912.jpg,football field
./dataset/00004913.jpg,football field
./dataset/00004914.jpg,football field
./dataset/00004915.jpg,football field
./dataset/00004916.jpg,football field
./dataset/00004917.jpg,football field
./dataset/00004918.jpg,football field
./dataset/00004919.jpg,football field
./dataset/00004920.jpg,football field
./dataset/00004921.jpg,football field
./dataset/00004922.jpg,football field
./dataset/00004923.jpg,football field
./dataset/00004924.jpg,football field
./dataset/00004925.jpg,football field
./dataset/00004926.jpg,football field
./dataset/00004927.jpg,football field
./dataset/00004928.jpg,football field
./dataset/00004929.jpg,football field
./dataset/00004930.jpg,football field
./dataset/00004931.jpg,football field
./dataset/00004932.jpg,football field
./dataset/00004933.jpg,football field
./dataset/00004934.jpg,football field
./dataset/00004935.jpg,football field
./dataset/00004936.jpg,football field
./dataset/00004937.jpg,football field
./dataset/00004938.jpg,football field
./dataset/00004939.jpg,football field
./dataset/00004940.jpg,football field
./dataset/00004941.jpg,football field
./dataset/00004942.jpg,football field
./dataset/00004943.jpg,football field
./dataset/00004944.jpg,football field
./dataset/00004945.jpg,football field
./dataset/00004946.jpg,football field
./dataset/00004947.jpg,football field
./dataset/00004948.jpg,football field
./dataset/00004949.jpg,football field
./dataset/00004950.jpg,football field
./dataset/00004951.jpg,football field
./dataset/00004952.jpg,football field
./dataset/00004953.jpg,football field
./dataset/00004954.jpg,football field
./dataset/00004955.jpg,football field
./dataset/00004956.jpg,football field
./dataset/00004957.jpg,football field
./dataset/00004958.jpg,football field
./dataset/00004959.jpg,football field
./dataset/00004960.jpg,football field
./dataset/00004961.jpg,football field
./dataset/00004962.jpg,football field
./dataset/00004963.jpg,football field
./dataset/00004964.jpg,football field
./dataset/00004965.jpg,football field
./dataset/00004966.jpg,football field
./dataset/00004967.jpg,football field
./dataset/00004968.jpg,football field
./dataset/00004969.jpg,football field
./dataset/00004970.jpg,football field
./dataset/00004971.jpg,football field
./dataset/00004972.jpg,football field
./dataset/00004973.jpg,football field
./dataset/00004974.jpg,football field
./dataset/00004975.jpg,football field
./dataset/00004976.jpg,football field
./dataset/00004977.jpg,football field
./dataset/00004978.jpg,football field
./dataset/00004979.jpg,football field
./dataset/00004980.jpg,football field
./dataset/00004981.jpg,football field
./dataset/00004982.jpg,football field
./dataset/00004983.jpg,football field
./dataset/00004984.jpg,football field
./dataset/00004985.jpg,football field
./dataset/00004986.jpg,football field
./dataset/00004987.jpg,football field
./dataset/00004988.jpg,football field
./dataset/00004989.jpg,football field
./dataset/00004990.jpg,football field
./dataset/00004991.jpg,football field
./dataset/00004992.jpg,football field
./dataset/00004993.jpg,football field
./dataset/00004994.jpg,football field
./dataset/00004995.jpg,football field
./dataset/00004996.jpg,football field
./dataset/00004997.jpg,football field
./dataset/00004998.jpg,football field
./dataset/00004999.jpg,football field
./dataset/00005000.jpg,football field
