image_path,text_prompt
./dataset/00000001.jpg,a group of men playing soccer on a field
./dataset/00000002.jpg,a group of young boys playing football on a field
./dataset/00000003.jpg,a mascot is walking on the field
./dataset/00000004.jpg,two men standing on a field
./dataset/00000005.jpg,a field with a soccer field and a soccer field
./dataset/00000006.jpg,the football team is walking on the field
./dataset/00000007.jpg,a football game with a player running for the ball
./dataset/00000008.jpg,the football players are playing on the field
./dataset/00000009.jpg,a football player is running with the ball
./dataset/00000010.jpg,a football player running with the ball
./dataset/00000011.jpg,the pittsburgh steelers running the ball
./dataset/00000012.jpg,the view from the end zone at the stadium
./dataset/00000013.jpg,a baseball game is being played in a stadium
./dataset/00000014.jpg,a football player is running after the ball
./dataset/00000015.jpg,a football player is trying to get the ball
./dataset/00000016.jpg,a football game is being played
./dataset/00000017.jpg,a group of people playing a game of soccer
./dataset/00000018.jpg,a house with a football field in the front yard
./dataset/00000019.jpg,the seahawks's game winning interception
./dataset/00000020.jpg,a football field
./dataset/00000021.jpg,a group of people playing a game of football
./dataset/00000022.jpg,a man in a uniform
./dataset/00000023.jpg,a tennis court
./dataset/00000024.jpg,a football player kneeling on the field
./dataset/00000025.jpg,a football player running with the ball
./dataset/00000026.jpg,a red track
./dataset/00000027.jpg,a football game is being played on a field
./dataset/00000028.jpg,a stadium with red seats and a green field
./dataset/00000029.jpg,a football player running with the ball
./dataset/00000030.jpg,a football game is being played on the field
./dataset/00000031.jpg,a soccer field with a tall tower in the background
./dataset/00000032.jpg,a man in a red shirt and white shorts
./dataset/00000033.jpg,a football game with players on the field
./dataset/00000034.jpg,a football player is tackled by a defender
./dataset/00000035.jpg,a man in a white uniform
./dataset/00000036.jpg,a soccer game is being played on a field
./dataset/00000037.jpg,a football player is running with the ball
./dataset/00000038.jpg,a stadium filled with people
./dataset/00000039.jpg,a group of people standing on a soccer field
./dataset/00000040.jpg,a football player running with the ball
./dataset/00000041.jpg,a group of people standing on top of a soccer field
./dataset/00000042.jpg,a football player running with the ball
./dataset/00000043.jpg,the football field at the school
./dataset/00000044.jpg,a baseball game with a flag and a crowd
./dataset/00000045.jpg,a football player is running with the ball
./dataset/00000046.jpg,a football game
./dataset/00000047.jpg,a soccer player is running towards the crowd
./dataset/00000048.jpg,a football game is being played on the field
./dataset/00000049.jpg,a football player is getting ready to throw the ball
./dataset/00000050.jpg,a football game in a stadium with fans watching
./dataset/00000051.jpg,a football player is running with the ball
./dataset/00000052.jpg,a football player running with the ball
./dataset/00000053.jpg,a football field
./dataset/00000054.jpg,a football player running with the ball
./dataset/00000055.jpg,a football player is running with the ball
./dataset/00000056.jpg,a man in a pink shirt
./dataset/00000057.jpg,a football game with players on the field
./dataset/00000058.jpg,a large crowd of people
./dataset/00000059.jpg,a large green field
./dataset/00000060.jpg,a band performing on a football field
./dataset/00000061.jpg,a woman sitting on the ground
./dataset/00000062.jpg,a football game with the ball in the air
./dataset/00000063.jpg,michigan football team celebrating the team's win
./dataset/00000064.jpg,a football game with a crowd watching
./dataset/00000065.jpg,a football player is tackled by a player
./dataset/00000066.jpg,a football player is jumping in the air
./dataset/00000067.jpg,a man running with a football
./dataset/00000068.jpg,a man in a stadium
./dataset/00000069.jpg,a man in a uniform
./dataset/00000070.jpg,a football game
./dataset/00000071.jpg,a stadium with a large field and a few people
./dataset/00000072.jpg,a football game is being played on a field
./dataset/00000073.jpg,a man throwing a football
./dataset/00000074.jpg,a group of people on a field playing football
./dataset/00000075.jpg,a football game is being played on the field
./dataset/00000076.jpg,a football player is throwing the ball
./dataset/00000077.jpg,a football game with a player running the ball
./dataset/00000078.jpg,the football game is being played in a stadium
./dataset/00000079.jpg,a football game is being played on the field
./dataset/00000080.jpg,a man in a black shirt
./dataset/00000081.jpg,a football player running with the ball
./dataset/00000082.jpg,a football player is about to throw the ball
./dataset/00000083.jpg,a football player running with the ball
./dataset/00000084.jpg,a football player is tackled by a defender
./dataset/00000085.jpg,a man standing in front of a stadium
./dataset/00000086.jpg,a football game with a player running for the ball
./dataset/00000087.jpg,a football player running with the ball
./dataset/00000088.jpg,a football game is being played in a stadium
./dataset/00000089.jpg,a football game with a player running the ball
./dataset/00000090.jpg,a football player running with the ball
./dataset/00000091.jpg,a football player is running with the ball
./dataset/00000092.jpg,a football player running with the ball
./dataset/00000093.jpg,the cowboys are looking to make a move
./dataset/00000094.jpg,the football field
./dataset/00000095.jpg,a football game with players on the field
./dataset/00000096.jpg,a football player running with the ball
./dataset/00000097.jpg,the oklahoma state football team celebrates after a touchdown
./dataset/00000098.jpg,a soccer team standing on a field
./dataset/00000099.jpg,a crowd of people sitting in a stadium
./dataset/00000100.jpg,a young man wearing a helmet and holding a baseball bat
./dataset/00000101.jpg,a group of people walking across a soccer field
./dataset/00000102.jpg,a football game with a player running for the ball
./dataset/00000103.jpg,a football game with a crowd of people watching
./dataset/00000104.jpg,a football helmet and ball on the field
./dataset/00000105.jpg,a man in a uniform
./dataset/00000106.jpg,penn state football players kneel down after the game
./dataset/00000107.jpg,a football player is kneeling on the field
./dataset/00000108.jpg,a group of young children playing football on a field
./dataset/00000109.jpg,the ohio football team running onto the field
./dataset/00000110.jpg,two men standing on a stadium
./dataset/00000111.jpg,a football game is being played on a tv screen
./dataset/00000112.jpg,a football player running on the field
./dataset/00000113.jpg,the cheer team is performing on the field
./dataset/00000114.jpg,a football player is about to throw the ball
./dataset/00000115.jpg,a football player running with the ball
./dataset/00000116.jpg,a large stadium
./dataset/00000117.jpg,the football stadium in virginia
./dataset/00000118.jpg,madden's first - quarter touchdown in madden's first - quarter
./dataset/00000119.jpg,a group of people playing football on a field
./dataset/00000120.jpg,a football stadium
./dataset/00000121.jpg,a man in a red uniform
./dataset/00000122.jpg,a football game with the opposing running
./dataset/00000123.jpg,a football player is running with the ball
./dataset/00000124.jpg,two football players are talking on the field
./dataset/00000125.jpg,a football field
./dataset/00000126.jpg,a man is standing on a football field
./dataset/00000127.jpg,a football game with a player running after the ball
./dataset/00000128.jpg,a football player is running with the ball
./dataset/00000129.jpg,a football coach standing on the sidelines
./dataset/00000130.jpg,a football player about to throw the ball
./dataset/00000131.jpg,the football field at gill stadium
./dataset/00000132.jpg,a football player running with the ball
./dataset/00000133.jpg,a football player running on the field
./dataset/00000134.jpg,a football game is being played on the field
./dataset/00000135.jpg,a football player is tackled by another player
./dataset/00000136.jpg,a man throwing a football
./dataset/00000137.jpg,a football game is being played on a field
./dataset/00000138.jpg,the ohio football team is playing on the field
./dataset/00000139.jpg,a group of men playing soccer on a field
./dataset/00000140.jpg,the cowboys are playing in the nfl game
./dataset/00000141.jpg,a crowd of people watching a baseball game
./dataset/00000142.jpg,a football game is being played
./dataset/00000143.jpg,cheerleaders perform during the game
./dataset/00000144.jpg,the football team is standing in a hu
./dataset/00000145.jpg,a large crowd of people
./dataset/00000146.jpg,the jets'defense is a big hit by the jets'defense
./dataset/00000147.jpg,a football player is running with the ball
./dataset/00000148.jpg,a football game is being played on the field
./dataset/00000149.jpg,two girls playing soccer
./dataset/00000150.jpg,a football game with the referee and the referee
./dataset/00000151.jpg,a group of people standing on a field
./dataset/00000152.jpg,a football player running with the ball
./dataset/00000153.jpg,a football game with a player running for the ball
./dataset/00000154.jpg,a group of people playing soccer on a field
./dataset/00000155.jpg,a football game with the ball in the air
./dataset/00000156.jpg,the girls'soccer team
./dataset/00000157.jpg,a football game is being played in a stadium
./dataset/00000158.jpg,a football game is being played on the field
./dataset/00000159.jpg,a football field
./dataset/00000160.jpg,a football player running with the ball
./dataset/00000161.jpg,a football player is running with the ball
./dataset/00000162.jpg,a football player running with the ball
./dataset/00000163.jpg,a soccer game is being played in a stadium
./dataset/00000164.jpg,a football player is running with the ball
./dataset/00000165.jpg,a group of people on a field
./dataset/00000166.jpg,a football game with a player running for the ball
./dataset/00000167.jpg,a purple banner on the grass
./dataset/00000168.jpg,a football player running with the ball
./dataset/00000169.jpg,the view from the upper of the stadium
./dataset/00000170.jpg,a football player is running with the ball
./dataset/00000171.jpg,the spartans football team is walking out of the stadium
./dataset/00000172.jpg,a group of young men playing football on a field
./dataset/00000173.jpg,a football player is running with the ball
./dataset/00000174.jpg,a football player catching a ball
./dataset/00000175.jpg,a group of young football players standing on a field
./dataset/00000176.jpg,a football game is being played on the field
./dataset/00000177.jpg,a football player throwing a ball
./dataset/00000178.jpg,a football game with a player running for the ball
./dataset/00000179.jpg,a football player is about to throw the ball
./dataset/00000180.jpg,a girl running with a football
./dataset/00000181.jpg,a football game is being played on a field
./dataset/00000182.jpg,a football game is being played
./dataset/00000183.jpg,a football player running with the ball
./dataset/00000184.jpg,"antonio thomas, pittsburgh steelers"
./dataset/00000185.jpg,a football field with the number thirty on it
./dataset/00000186.jpg,a football game with a crowd watching
./dataset/00000187.jpg,a man throwing a football
./dataset/00000188.jpg,a man in an orange jacket
./dataset/00000189.jpg,a football player is running with the ball
./dataset/00000190.jpg,a football player is running with the ball
./dataset/00000191.jpg,a soccer field
./dataset/00000192.jpg,a football game with the opposing running
./dataset/00000193.jpg,a football game with a player running the ball
./dataset/00000194.jpg,a football game is being played on a field
./dataset/00000195.jpg,a football player is running with the ball
./dataset/00000196.jpg,a football player is preparing to run the ball
./dataset/00000197.jpg,a football game with a player running for the ball
./dataset/00000198.jpg,a football player running with the ball
./dataset/00000199.jpg,a group of people standing on top of a field
./dataset/00000200.jpg,a football stadium filled with fans
./dataset/00000201.jpg,a view of a football field from a window
./dataset/00000202.jpg,the purdue football team is seen during a game
./dataset/00000203.jpg,a football player is running on the field
./dataset/00000204.jpg,the football field at stanford stadium
./dataset/00000205.jpg,a crowd of people at a football game
./dataset/00000206.jpg,a football player running with the ball
./dataset/00000207.jpg,a man in a black shirt
./dataset/00000208.jpg,a football field
./dataset/00000209.jpg,a football game is being played on the field
./dataset/00000210.jpg,penn state football players run onto the field
./dataset/00000211.jpg,a football player is about to throw the ball
./dataset/00000212.jpg,a stadium with a football field and a field
./dataset/00000213.jpg,a man in a green shirt is sitting in a stadium
./dataset/00000214.jpg,a group of young men playing a game of football
./dataset/00000215.jpg,a football game with a crowd of people watching
./dataset/00000216.jpg,the football players are playing on the field
./dataset/00000217.jpg,a man in a uniform
./dataset/00000218.jpg,a group of men on a field
./dataset/00000219.jpg,a football player is running with the ball
./dataset/00000220.jpg,the football field
./dataset/00000221.jpg,a football game is being played on the field
./dataset/00000222.jpg,a football stadium
./dataset/00000223.jpg,a boy wearing a helmet
./dataset/00000224.jpg,a football game is being played on the field
./dataset/00000225.jpg,a man in a green and yellow uniform
./dataset/00000226.jpg,a football game with a player running the ball
./dataset/00000227.jpg,a football game is being played on the field
./dataset/00000228.jpg,the football players are playing on the field
./dataset/00000229.jpg,three football players standing on the field
./dataset/00000230.jpg,a crowd of people standing around a field
./dataset/00000231.jpg,a group of people playing soccer on a field
./dataset/00000232.jpg,the football team is walking off the field
./dataset/00000233.jpg,a group of young men playing a game of football
./dataset/00000234.jpg,the green bay packers are the best team in the nfl
./dataset/00000235.jpg,a football player running with the ball
./dataset/00000236.jpg,a football player is diving for the ball
./dataset/00000237.jpg,a stadium filled with people
./dataset/00000238.jpg,a group of young men standing on a field
./dataset/00000239.jpg,a man in a white shirt
./dataset/00000240.jpg,a field with a baseball field and a baseball field
./dataset/00000241.jpg,a man sitting on a field
./dataset/00000242.jpg,a man running with a football
./dataset/00000243.jpg,the football players are on the field
./dataset/00000244.jpg,a football player running with the ball
./dataset/00000245.jpg,a football player running with the ball
./dataset/00000246.jpg,the view from the end zone at met stadium
./dataset/00000247.jpg,a football game with players on the field
./dataset/00000248.jpg,a football player running with the ball
./dataset/00000249.jpg,a group of football players on a field
./dataset/00000250.jpg,a football player is running with the ball
./dataset/00000251.jpg,a crowd of people
./dataset/00000252.jpg,a football game being played on a field
./dataset/00000253.jpg,the colts are getting ready for the super bowl game
./dataset/00000254.jpg,"person, the first player to score the game"
./dataset/00000255.jpg,a football team running on a field
./dataset/00000256.jpg,the football team is celebrating after the game
./dataset/00000257.jpg,a man running with a football
./dataset/00000258.jpg,the cheer team performs during the game
./dataset/00000259.jpg,the band is marching
./dataset/00000260.jpg,a large crowd of people
./dataset/00000261.jpg,a football player is hugging another player
./dataset/00000262.jpg,the bears are playing in the nfl game
./dataset/00000263.jpg,a football game is being played on the field
./dataset/00000264.jpg,a woman and a man sitting on a bench
./dataset/00000265.jpg,a football stadium
./dataset/00000266.jpg,the football team is running onto the field
./dataset/00000267.jpg,a group of young men playing football on a field
./dataset/00000268.jpg,a group of football players on a field
./dataset/00000269.jpg,madden's game for the xbox
./dataset/00000270.jpg,a stadium with a football field and a large window
./dataset/00000271.jpg,a group of people standing on a field
./dataset/00000272.jpg,a man throwing a football
./dataset/00000273.jpg,the broncos football game at broncos stadium
./dataset/00000274.jpg,a football game with a player running the ball
./dataset/00000275.jpg,a crowd of people watching a football game
./dataset/00000276.jpg,the new stadium is being built in the city of minneapolis
./dataset/00000277.jpg,two men standing in a stadium
./dataset/00000278.jpg,a football game is being played on the field
./dataset/00000279.jpg,the green bay packers celebrate after a touchdown
./dataset/00000280.jpg,a group of people playing a game of football
./dataset/00000281.jpg,two football players are walking on the field
./dataset/00000282.jpg,the football team is running for the ball
./dataset/00000283.jpg,a football game is being played in a stadium
./dataset/00000284.jpg,a football game is being played on the field
./dataset/00000285.jpg,a rainbow appears over a football field
./dataset/00000286.jpg,a football team running on a field
./dataset/00000287.jpg,a football game is being played on a field
./dataset/00000288.jpg,a football game
./dataset/00000289.jpg,a football player is throwing a ball
./dataset/00000290.jpg,a group of people playing a game of rugby
./dataset/00000291.jpg,a group of people playing football on a field
./dataset/00000292.jpg,a football field with a football field and a football field
./dataset/00000293.jpg,a football player running with the ball
./dataset/00000294.jpg,a football game with a player running the ball
./dataset/00000295.jpg,a football game is being played on the field
./dataset/00000296.jpg,a football player running with the ball
./dataset/00000297.jpg,a group of people playing soccer on a field
./dataset/00000298.jpg,a man and a woman are standing on a field
./dataset/00000299.jpg,a football game is being played on a field
./dataset/00000300.jpg,a group of people standing in the street
./dataset/00000301.jpg,a football player running with the ball
./dataset/00000302.jpg,a football game
./dataset/00000303.jpg,a group of people playing a game of football
./dataset/00000304.jpg,a football player is running with the ball
./dataset/00000305.jpg,a football player is tackled by another players
./dataset/00000306.jpg,a group of football players standing on a field
./dataset/00000307.jpg,the players are wearing helmets
./dataset/00000308.jpg,the usc football team hus before the game
./dataset/00000309.jpg,an aerial view of the football field at the university of michigan
./dataset/00000310.jpg,fans gather outside the stadium for the jets'game against the jets
./dataset/00000311.jpg,a football player is trying to get the ball
./dataset/00000312.jpg,the 49ers'defense is a big problem
./dataset/00000313.jpg,a group of young men posing for a picture
./dataset/00000314.jpg,a man running with a ball
./dataset/00000315.jpg,a group of men standing on top of a field
./dataset/00000316.jpg,a band playing on a football field
./dataset/00000317.jpg,a football player is trying to catch the ball
./dataset/00000318.jpg,a group of men playing a game of rugby
./dataset/00000319.jpg,a group of people running in a race
./dataset/00000320.jpg,a football stadium
./dataset/00000321.jpg,a football game with a player running the ball
./dataset/00000322.jpg,the ravens are the only team in the nfl draft lottery
./dataset/00000323.jpg,a football game is being played on the field
./dataset/00000324.jpg,a football player running with the ball
./dataset/00000325.jpg,a woman in a black and white uniform
./dataset/00000326.jpg,a group of people standing on a field
./dataset/00000327.jpg,the view from the upper of heinz stadium
./dataset/00000328.jpg,the football field at the university of wisconsin
./dataset/00000329.jpg,a man running with a football
./dataset/00000330.jpg,a football player running with the ball
./dataset/00000331.jpg,a crowd of people at a football game
./dataset/00000332.jpg,a football game is being played
./dataset/00000333.jpg,a man in a black and white uniform
./dataset/00000334.jpg,a football game with a player running for the ball
./dataset/00000335.jpg,the view from the end zone at soldier stadium
./dataset/00000336.jpg,a group of people standing on a field
./dataset/00000337.jpg,a man throwing a football
./dataset/00000338.jpg,the new stadium is being built in the heart of the city
./dataset/00000339.jpg,a football field
./dataset/00000340.jpg,the football field at the university of michigan
./dataset/00000341.jpg,a video game showing a football player running for the ball
./dataset/00000342.jpg,"lincoln field, section 2, row 2, seat 10"
./dataset/00000343.jpg,a football game is being played on the field
./dataset/00000344.jpg,a football stadium filled with fans
./dataset/00000345.jpg,a man in a purple uniform
./dataset/00000346.jpg,a football player running with the ball
./dataset/00000347.jpg,the band at the football game
./dataset/00000348.jpg,a football game is being played on a field
./dataset/00000349.jpg,a football game is being played on the field
./dataset/00000350.jpg,a group of young boys playing football on a field
./dataset/00000351.jpg,a football player running with the ball
./dataset/00000352.jpg,a group of young men playing a game of football
./dataset/00000353.jpg,a football player running with the ball
./dataset/00000354.jpg,a football player catching a ball in the air
./dataset/00000355.jpg,a man in a helmet and a football uniform
./dataset/00000356.jpg,a baseball game is being played in a stadium
./dataset/00000357.jpg,a football stadium
./dataset/00000358.jpg,a football game is being played on the field
./dataset/00000359.jpg,a football player is laying on the ground
./dataset/00000360.jpg,a football player is circled by a red arrow
./dataset/00000361.jpg,a football player is standing on the field
./dataset/00000362.jpg,a football player is tackled by a team
./dataset/00000363.jpg,a football game is being played on the field
./dataset/00000364.jpg,a football game with a player running for the ball
./dataset/00000365.jpg,the soccer players are sitting on the grass
./dataset/00000366.jpg,a football player throwing a ball
./dataset/00000367.jpg,a group of men standing on a field
./dataset/00000368.jpg,a group of people playing soccer on a field
./dataset/00000369.jpg,a football game is being played on a field
./dataset/00000370.jpg,a field with a soccer goal and a soccer goal
./dataset/00000371.jpg,the football team runs onto the field
./dataset/00000372.jpg,a group of people standing on a field
./dataset/00000373.jpg,a football player running with the ball
./dataset/00000374.jpg,a football player running with the ball
./dataset/00000375.jpg,a football player running with the ball
./dataset/00000376.jpg,a football player is getting ready to run the ball
./dataset/00000377.jpg,the football team is lined up on the field
./dataset/00000378.jpg,a football game is being played on the field
./dataset/00000379.jpg,the football field at the university of michigan
./dataset/00000380.jpg,a football player is about to throw the ball
./dataset/00000381.jpg,a man in a uniform
./dataset/00000382.jpg,the football team is playing on the field
./dataset/00000383.jpg,a group of young men playing a game of football
./dataset/00000384.jpg,a football game is being played on a field
./dataset/00000385.jpg,a football player is running with the ball
./dataset/00000386.jpg,a football player is falling to the ground
./dataset/00000387.jpg,a group of people standing on top of a field
./dataset/00000388.jpg,the football team is getting ready to enter the tunnel
./dataset/00000389.jpg,a group of people standing around a stadium
./dataset/00000390.jpg,a football player is running on the field
./dataset/00000391.jpg,a football game with the ball in the air
./dataset/00000392.jpg,a large crowd of people
./dataset/00000393.jpg,a man running with a football
./dataset/00000394.jpg,a group of people playing soccer on a field
./dataset/00000395.jpg,a crowd of people watching a football game
./dataset/00000396.jpg,a football game with the ball in the air
./dataset/00000397.jpg,a football game with a player holding a football
./dataset/00000398.jpg,a stadium with a field and a blue sky
./dataset/00000399.jpg,a football field
./dataset/00000400.jpg,the girls'soccer team poses for a photo after winning the state championship
./dataset/00000401.jpg,texas stadium football field
./dataset/00000402.jpg,a group of young football players running on a field
./dataset/00000403.jpg,a group of young men playing a game of fr fr fr fr fr fr fr fr fr fr
./dataset/00000404.jpg,a football team is walking on the field
./dataset/00000405.jpg,a football player is running with the ball
./dataset/00000406.jpg,a football game is being played in a stadium
./dataset/00000407.jpg,a football game is being played on a field
./dataset/00000408.jpg,a football player is tackled by a player
./dataset/00000409.jpg,a man running with a football on a field
./dataset/00000410.jpg,a football game
./dataset/00000411.jpg,a man and woman walking on a field
./dataset/00000412.jpg,a soccer stadium
./dataset/00000413.jpg,the football field
./dataset/00000414.jpg,a football game with many people watching
./dataset/00000415.jpg,a football player running with the ball
./dataset/00000416.jpg,the stadium at the super bowl
./dataset/00000417.jpg,a man running on a field
./dataset/00000418.jpg,a football player running with the ball
./dataset/00000419.jpg,a football game is being played on the field
./dataset/00000420.jpg,the chicago bears play against the pittsburgh steelers in the first quarter
./dataset/00000421.jpg,a football player running with the ball
./dataset/00000422.jpg,the football team is playing on the field
./dataset/00000423.jpg,a football player running with the ball
./dataset/00000424.jpg,a football player running with the ball
./dataset/00000425.jpg,the football field at the university of michigan
./dataset/00000426.jpg,a lacrosse game with players on the field
./dataset/00000427.jpg,a football player is running with the ball
./dataset/00000428.jpg,a football game with a player running the ball
./dataset/00000429.jpg,a stadium filled with people
./dataset/00000430.jpg,a group of young men playing soccer on a field
./dataset/00000431.jpg,the view from the upper level of the stadium
./dataset/00000432.jpg,the broncos hud up for a play against the broncos
./dataset/00000433.jpg,a football game is being played on the field
./dataset/00000434.jpg,a football game is being played
./dataset/00000435.jpg,a field with a building in the background
./dataset/00000436.jpg,the football team is standing on the field
./dataset/00000437.jpg,the notre football team running onto the field
./dataset/00000438.jpg,the football field
./dataset/00000439.jpg,a football game with the ball in the air
./dataset/00000440.jpg,a group of people playing football on a field
./dataset/00000441.jpg,the seahawks players are on the field during a game
./dataset/00000442.jpg,a football game with a player running the ball
./dataset/00000443.jpg,a football player running with the ball
./dataset/00000444.jpg,a large stadium
./dataset/00000445.jpg,a football game is being played
./dataset/00000446.jpg,a football player is about to throw the ball
./dataset/00000447.jpg,a football game is being played on the field
./dataset/00000448.jpg,a young boy wearing a helmet and holding a football
./dataset/00000449.jpg,the football field at usc stadium
./dataset/00000450.jpg,a soccer team posing for a picture
./dataset/00000451.jpg,a green field
./dataset/00000452.jpg,a football player is getting ready to throw the ball
./dataset/00000453.jpg,the giants line up for the national anthem
./dataset/00000454.jpg,a football player running on the field
./dataset/00000455.jpg,a man in a uniform
./dataset/00000456.jpg,a boat on the shore
./dataset/00000457.jpg,a group of young children playing football on a field
./dataset/00000458.jpg,a football game with a referee and referee
./dataset/00000459.jpg,a football player running on the field
./dataset/00000460.jpg,a group of cheerleaders
./dataset/00000461.jpg,a group of people standing on a field
./dataset/00000462.jpg,the football team is lined up for the game
./dataset/00000463.jpg,the football field at the university of tennessee
./dataset/00000464.jpg,a football game with a player running the ball
./dataset/00000465.jpg,a football stadium
./dataset/00000466.jpg,a football game
./dataset/00000467.jpg,a group of people playing soccer on a field
./dataset/00000468.jpg,a football game is being played on the field
./dataset/00000469.jpg,a soccer field with a crowd watching
./dataset/00000470.jpg,a football player running with the ball
./dataset/00000471.jpg,a football game with a player running the ball
./dataset/00000472.jpg,a football game is being played on the field
./dataset/00000473.jpg,a football field
./dataset/00000474.jpg,the players are talking to each other players
./dataset/00000475.jpg,the football field at the university of michigan
./dataset/00000476.jpg,a football game with the ball in the air
./dataset/00000477.jpg,a football field
./dataset/00000478.jpg,a group of young men playing a game of lacrosse
./dataset/00000479.jpg,a man wearing a blue shirt
./dataset/00000480.jpg,a man wearing a red hat
./dataset/00000481.jpg,the purdue football team is running on the field
./dataset/00000482.jpg,a group of young men playing football on a field
./dataset/00000483.jpg,a football player is running with the ball
./dataset/00000484.jpg,a football player running with the ball
./dataset/00000485.jpg,the football team is standing on the field
./dataset/00000486.jpg,a football field
./dataset/00000487.jpg,a football team is huddled on the field
./dataset/00000488.jpg,a boy running with a football
./dataset/00000489.jpg,a football player is running with the ball
./dataset/00000490.jpg,a football player running with the ball
./dataset/00000491.jpg,a group of young men playing football on a field
./dataset/00000492.jpg,a football game is being played on the field
./dataset/00000493.jpg,the football team is standing on the field
./dataset/00000494.jpg,a crowd of people standing on a field
./dataset/00000495.jpg,a crowd of people
./dataset/00000496.jpg,the football field at michigan state
./dataset/00000497.jpg,a football game with the ball in the air
./dataset/00000498.jpg,a football game is being played
./dataset/00000499.jpg,a stadium with a red track and a blue sky
./dataset/00000500.jpg,a soccer game is being played in a stadium
./dataset/00000501.jpg,a group of young people playing soccer on a field
./dataset/00000502.jpg,a large field
./dataset/00000503.jpg,two boys in striped uniforms
./dataset/00000504.jpg,a football game is being played on the field
./dataset/00000505.jpg,the players are playing
./dataset/00000506.jpg,a football game with the ball in the air
./dataset/00000507.jpg,the cheerleaders perform before the game
./dataset/00000508.jpg,the ball is in the air
./dataset/00000509.jpg,a soccer field
./dataset/00000510.jpg,the football team is running on the field
./dataset/00000511.jpg,a football game with a player running on the field
./dataset/00000512.jpg,the patriots'defense is a big problem for the patriots
./dataset/00000513.jpg,the baltimore ravens play against the baltimore ravens in the first quarter
./dataset/00000514.jpg,the football team celebrates after winning the championship
./dataset/00000515.jpg,a football game with a player running for the ball
./dataset/00000516.jpg,the chicago bears hu a hut before the game
./dataset/00000517.jpg,a group of people in green jerseys
./dataset/00000518.jpg,a football player running with the ball
./dataset/00000519.jpg,the football field at the university of virginia
./dataset/00000520.jpg,a red track
./dataset/00000521.jpg,a man in a uniform
./dataset/00000522.jpg,a football game
./dataset/00000523.jpg,a group of young men playing a game of football
./dataset/00000524.jpg,a football game is being played on the field
./dataset/00000525.jpg,a football game is being played on the field
./dataset/00000526.jpg,a football player running with the ball
./dataset/00000527.jpg,the washington redskins running the ball during a game
./dataset/00000528.jpg,a football game is being played on the field
./dataset/00000529.jpg,a football player is about to throw the ball
./dataset/00000530.jpg,a group of men playing soccer on a field
./dataset/00000531.jpg,a football game is being played in a stadium
./dataset/00000532.jpg,a football player is running with the ball
./dataset/00000533.jpg,usc football - usc football - usc football
./dataset/00000534.jpg,a football game with a crowd watching
./dataset/00000535.jpg,a football game with players on the field
./dataset/00000536.jpg,a football player is running with the ball
./dataset/00000537.jpg,a football player catching a ball in the air
./dataset/00000538.jpg,a football stadium with a field full of people
./dataset/00000539.jpg,a group of football players standing on a field
./dataset/00000540.jpg,the football field at the university of queensland
./dataset/00000541.jpg,a group of people on a field playing football
./dataset/00000542.jpg,a man kicking a soccer ball on a field
./dataset/00000543.jpg,a football player is running with the ball
./dataset/00000544.jpg,the football field at the university of michigan
./dataset/00000545.jpg,a football game with a player running the ball
./dataset/00000546.jpg,the football team is celebrating
./dataset/00000547.jpg,a football game is being played in a stadium
./dataset/00000548.jpg,the stadium at the home of reading
./dataset/00000549.jpg,a football game with a crowd of people watching
./dataset/00000550.jpg,an aerial view of the new stadium
./dataset/00000551.jpg,the football team is standing on the field
./dataset/00000552.jpg,a football player is throwing a ball
./dataset/00000553.jpg,two boys standing behind a fence
./dataset/00000554.jpg,a football player is about to throw the ball
./dataset/00000555.jpg,a football game with the referee on the sidelines
./dataset/00000556.jpg,a soccer field
./dataset/00000557.jpg,a soccer stadium
./dataset/00000558.jpg,the pittsburgh steelers running the ball during a game
./dataset/00000559.jpg,the football team is celebrating
./dataset/00000560.jpg,the washington redskins mascot is seen in the background as the crowd cheers
./dataset/00000561.jpg,a group of young men playing a game of soccer
./dataset/00000562.jpg,a football game with a player running the ball
./dataset/00000563.jpg,a football game is being played on a field
./dataset/00000564.jpg,the football field at clemson stadium
./dataset/00000565.jpg,the patriots are playing a game in the nfl playoffs
./dataset/00000566.jpg,a group of people posing for a picture
./dataset/00000567.jpg,a football player running with the ball
./dataset/00000568.jpg,the marching team performs at the football game
./dataset/00000569.jpg,the duke band marchesd during the game
./dataset/00000570.jpg,a young boy kicking a soccer ball on a field
./dataset/00000571.jpg,the washington redskins players are lined up for a game
./dataset/00000572.jpg,a field with a soccer field and a soccer goal
./dataset/00000573.jpg,a man and woman standing in a baseball stadium
./dataset/00000574.jpg,the stadium at stanford stadium
./dataset/00000575.jpg,a football game is being played on the field
./dataset/00000576.jpg,a football player is running with the ball
./dataset/00000577.jpg,a football player is trying to block a defender
./dataset/00000578.jpg,a football game is being played on the field
./dataset/00000579.jpg,a football player running with the ball
./dataset/00000580.jpg,a football game is being played on the field
./dataset/00000581.jpg,two football players
./dataset/00000582.jpg,a crowd of people
./dataset/00000583.jpg,a field with a football field and trees
./dataset/00000584.jpg,a man in a uniform
./dataset/00000585.jpg,a young boy running with a football ball
./dataset/00000586.jpg,a group of girls running on a field
./dataset/00000587.jpg,a large crowd of people on a football field
./dataset/00000588.jpg,a football game is being played on a field
./dataset/00000589.jpg,a football game is being played on the field
./dataset/00000590.jpg,a view of a city with a soccer field
./dataset/00000591.jpg,the football team is getting ready to play
./dataset/00000592.jpg,a blue and yellow field
./dataset/00000593.jpg,a football player is running with the ball
./dataset/00000594.jpg,a football player is falling on the field
./dataset/00000595.jpg,"the broncos stadium in denver, where the broncos are playing"
./dataset/00000596.jpg,the stadium is empty
./dataset/00000597.jpg,the green bay packers are trying to break the redskins'defense
./dataset/00000598.jpg,a football game is being played on a large screen
./dataset/00000599.jpg,the football field at the university of virginia
./dataset/00000600.jpg,a football game is being played on the field
./dataset/00000601.jpg,a stadium filled with people watching a football game
./dataset/00000602.jpg,a football game is being played on a field
./dataset/00000603.jpg,a football field with a crowd watching
./dataset/00000604.jpg,a football player is running with the ball
./dataset/00000605.jpg,a football player running on the field
./dataset/00000606.jpg,a football player running with the ball
./dataset/00000607.jpg,a man holding a young boy
./dataset/00000608.jpg,a football player running with the ball
./dataset/00000609.jpg,a man running on a field with a ball
./dataset/00000610.jpg,a football player running with the ball
./dataset/00000611.jpg,a group of young boys playing football on a field
./dataset/00000612.jpg,the stadium at night
./dataset/00000613.jpg,a football player is running with the ball
./dataset/00000614.jpg,a football game with players on the field
./dataset/00000615.jpg,a football player is throwing the ball
./dataset/00000616.jpg,a group of women playing a game of football
./dataset/00000617.jpg,a football game is being played on a big screen
./dataset/00000618.jpg,a soccer field
./dataset/00000619.jpg,a football field
./dataset/00000620.jpg,a group of people on a field
./dataset/00000621.jpg,a football field with a red field and white numbers
./dataset/00000622.jpg,a man standing on a football field
./dataset/00000623.jpg,a large crowd of people
./dataset/00000624.jpg,a football player is trying to get the ball
./dataset/00000625.jpg,a col of a football game with multiple shots
./dataset/00000626.jpg,a football player is running with the ball
./dataset/00000627.jpg,the stadium is empty and empty
./dataset/00000628.jpg,a football player is about to throw the ball
./dataset/00000629.jpg,a group of young football players
./dataset/00000630.jpg,the jets are playing in the nfl game
./dataset/00000631.jpg,a group of people playing soccer on a field
./dataset/00000632.jpg,a soccer stadium
./dataset/00000633.jpg,a crowd of people
./dataset/00000634.jpg,a football game with a player running for the ball
./dataset/00000635.jpg,a football player throwing a ball in the air
./dataset/00000636.jpg,a football game is being played on the field
./dataset/00000637.jpg,a group of people standing on a field
./dataset/00000638.jpg,a football game is being played in a stadium
./dataset/00000639.jpg,a football field with a white line painted on it
./dataset/00000640.jpg,a group of young boys playing a game of football
./dataset/00000641.jpg,a band performing on a field
./dataset/00000642.jpg,a soccer game
./dataset/00000643.jpg,a football game with a player running for the ball
./dataset/00000644.jpg,a crowd of people
./dataset/00000645.jpg,a football player running with the ball
./dataset/00000646.jpg,a football player is preparing to kick the ball
./dataset/00000647.jpg,the football players are playing on the field
./dataset/00000648.jpg,the football field at the nfl stadium
./dataset/00000649.jpg,a group of people playing frc
./dataset/00000650.jpg,a field with white benches and a fence
./dataset/00000651.jpg,a football game with a crowd of people
./dataset/00000652.jpg,the washington redskins hut after the loss
./dataset/00000653.jpg,a football player running with the ball
./dataset/00000654.jpg,a football game with a crowd watching
./dataset/00000655.jpg,a football player is running with the ball
./dataset/00000656.jpg,a field with a soccer field and a building in the background
./dataset/00000657.jpg,a group of police officers walking across a field
./dataset/00000658.jpg,the football field at the university of michigan
./dataset/00000659.jpg,a large field
./dataset/00000660.jpg,a reflection of the ground
./dataset/00000661.jpg,a football player is running with the ball
./dataset/00000662.jpg,a football player is throwing the ball
./dataset/00000663.jpg,a football game is being played on the field
./dataset/00000664.jpg,the girls'lacrosse team is seen on the field
./dataset/00000665.jpg,a large stadium
./dataset/00000666.jpg,a football game is being played on the field
./dataset/00000667.jpg,a group of young children playing in a park
./dataset/00000668.jpg,the usc football team is walking off the field
./dataset/00000669.jpg,a football game with a player running the ball
./dataset/00000670.jpg,the stadium at penn field
./dataset/00000671.jpg,the players are celebrating
./dataset/00000672.jpg,a football field
./dataset/00000673.jpg,a football player running with the ball
./dataset/00000674.jpg,a group of people standing on top of a field
./dataset/00000675.jpg,a football game is being played on the field
./dataset/00000676.jpg,a man is jumping in the air
./dataset/00000677.jpg,a football player running with the ball
./dataset/00000678.jpg,a soccer field at night with lights on
./dataset/00000679.jpg,a football player running with the ball
./dataset/00000680.jpg,a football game is being played on the field
./dataset/00000681.jpg,a football player running with the ball
./dataset/00000682.jpg,snow covers the ground at the stadium
./dataset/00000683.jpg,a crowd of people sitting on a soccer field
./dataset/00000684.jpg,a football player is preparing to run the ball
./dataset/00000685.jpg,a football game with the team running on the field
./dataset/00000686.jpg,a large red and white flag
./dataset/00000687.jpg,the view from inside the stadium
./dataset/00000688.jpg,a football game with a player running the ball
./dataset/00000689.jpg,a football game with a player on the field
./dataset/00000690.jpg,a football field with a score board and a field
./dataset/00000691.jpg,a football player running with a ball
./dataset/00000692.jpg,a football player is running with the ball
./dataset/00000693.jpg,a group of people playing soccer on a field
./dataset/00000694.jpg,a group of people walking across a field
./dataset/00000695.jpg,a soccer player is celebrating a goal
./dataset/00000696.jpg,a football game is being played on the field
./dataset/00000697.jpg,the school is surrounded by trees and a tennis court
./dataset/00000698.jpg,a soccer player is running on the field
./dataset/00000699.jpg,a football game with a player running the ball
./dataset/00000700.jpg,the stadium is full of people
./dataset/00000701.jpg,a football player running with the ball
./dataset/00000702.jpg,a football player running with the ball
./dataset/00000703.jpg,michigan state running back to the big game
./dataset/00000704.jpg,a couple of men playing soccer on a field
./dataset/00000705.jpg,a football player catching a ball in the air
./dataset/00000706.jpg,a football team is lined up on the field
./dataset/00000707.jpg,a football game is being played in a stadium
./dataset/00000708.jpg,a football player is running with the ball
./dataset/00000709.jpg,a football game is being played on the field
./dataset/00000710.jpg,washington redskins running back to the end line
./dataset/00000711.jpg,a group of people playing a game of soccer
./dataset/00000712.jpg,a football player catching a ball in the air
./dataset/00000713.jpg,a group of people sitting on top of a field
./dataset/00000714.jpg,the football field at the university of minnesota
./dataset/00000715.jpg,a football player running with the ball
./dataset/00000716.jpg,a man in a green and yellow uniform
./dataset/00000717.jpg,a football player running with the ball
./dataset/00000718.jpg,a football player running with the ball
./dataset/00000719.jpg,a large green field
./dataset/00000720.jpg,a football player is running with the ball
./dataset/00000721.jpg,a football game is being played on the field
./dataset/00000722.jpg,a football player running with the ball
./dataset/00000723.jpg,a football player running with the ball
./dataset/00000724.jpg,a large stadium
./dataset/00000725.jpg,a stadium with a soccer field and a stadium
./dataset/00000726.jpg,a football player running with the ball
./dataset/00000727.jpg,a football player throwing a ball
./dataset/00000728.jpg,a football team running on the field
./dataset/00000729.jpg,a football player throwing a ball on a field
./dataset/00000730.jpg,a football game with players on the field
./dataset/00000731.jpg,a football game is being played on the field
./dataset/00000732.jpg,a football game is being played
./dataset/00000733.jpg,a man in a field
./dataset/00000734.jpg,a man kneeling on a field with a bunch of football balls
./dataset/00000735.jpg,a group of people playing football on a field
./dataset/00000736.jpg,a man running with a football
./dataset/00000737.jpg,a football player running with the ball
./dataset/00000738.jpg,a stadium filled with people
./dataset/00000739.jpg,a football player catching a ball
./dataset/00000740.jpg,a stadium filled with people
./dataset/00000741.jpg,a man running with a football
./dataset/00000742.jpg,a large stadium filled with people
./dataset/00000743.jpg,the football field at the university of michigan
./dataset/00000744.jpg,a football field
./dataset/00000745.jpg,a football game is being played in a stadium
./dataset/00000746.jpg,a football player running with the ball
./dataset/00000747.jpg,a football player running with the ball
./dataset/00000748.jpg,a football game is being played on a large field
./dataset/00000749.jpg,a football game is being played on the field
./dataset/00000750.jpg,a football player is trying to get the ball
./dataset/00000751.jpg,a football player is getting ready to throw the ball
./dataset/00000752.jpg,a football game with a player running the ball
./dataset/00000753.jpg,two men are playing soccer on the field
./dataset/00000754.jpg,a football player is running with the ball
./dataset/00000755.jpg,a football game is being played on the field
./dataset/00000756.jpg,a crowd of people
./dataset/00000757.jpg,a soccer player is kicking the ball
./dataset/00000758.jpg,a football player running on the field
./dataset/00000759.jpg,a football player is running with the ball
./dataset/00000760.jpg,a stadium filled with people watching a football game
./dataset/00000761.jpg,a football player running with the ball
./dataset/00000762.jpg,a crowd of people watching a baseball game
./dataset/00000763.jpg,a football player running with the ball
./dataset/00000764.jpg,a football game
./dataset/00000765.jpg,the football player is trying to get the ball
./dataset/00000766.jpg,the university of california football stadium in the game
./dataset/00000767.jpg,the football players are talking on the field
./dataset/00000768.jpg,a football player is falling off the field
./dataset/00000769.jpg,a rendering of the proposed stadium
./dataset/00000770.jpg,a football game is being played on the field
./dataset/00000771.jpg,a football game
./dataset/00000772.jpg,the stadium stadium stadium seating
./dataset/00000773.jpg,the 2013 - 2016 varsity team
./dataset/00000774.jpg,three men in camouflage uniforms sitting on a field
./dataset/00000775.jpg,the football stadium at lsu stadium
./dataset/00000776.jpg,a young boy running with a football
./dataset/00000777.jpg,a soccer field
./dataset/00000778.jpg,a football player running with the ball
./dataset/00000779.jpg,a group of people standing on top of a field
./dataset/00000780.jpg,the football field
./dataset/00000781.jpg,a football stadium
./dataset/00000782.jpg,a football player standing on the field
./dataset/00000783.jpg,a football game with players on the field
./dataset/00000784.jpg,a man throwing a football
./dataset/00000785.jpg,the seahawks cheer team is seen during the game
./dataset/00000786.jpg,a soccer player is standing on the field
./dataset/00000787.jpg,a group of men playing soccer on a field
./dataset/00000788.jpg,a football player is falling off the field
./dataset/00000789.jpg,a football player is catching the ball
./dataset/00000790.jpg,a football field
./dataset/00000791.jpg,the patriots'quarterbacks are ready to throw the ball
./dataset/00000792.jpg,a football player throwing a ball
./dataset/00000793.jpg,a football stadium
./dataset/00000794.jpg,a group of young men standing on a field
./dataset/00000795.jpg,michigan state football - michigan state football
./dataset/00000796.jpg,a football game is being played on the field
./dataset/00000797.jpg,the baltimore ravens play the baltimore ravens in the nfc game
./dataset/00000798.jpg,a football player running with the ball
./dataset/00000799.jpg,a football game is being played on a field
./dataset/00000800.jpg,a football player running with the ball
./dataset/00000801.jpg,a man running with a football
./dataset/00000802.jpg,the football team is playing on the field
./dataset/00000803.jpg,a football game is being played on a field
./dataset/00000804.jpg,a football game is being played on a field
./dataset/00000805.jpg,a football game with the ball in the air
./dataset/00000806.jpg,a football player is running with the ball
./dataset/00000807.jpg,a group of young boys sitting on the ground
./dataset/00000808.jpg,madden's football game
./dataset/00000809.jpg,a football player standing on the field
./dataset/00000810.jpg,a football player running with the ball
./dataset/00000811.jpg,a soccer field
./dataset/00000812.jpg,a football game with a player running the ball
./dataset/00000813.jpg,a football game with players on the field
./dataset/00000814.jpg,the stadium is full of fans
./dataset/00000815.jpg,a football player is celebrating a touchdown
./dataset/00000816.jpg,a football game is being played on the field
./dataset/00000817.jpg,the steelers stadium
./dataset/00000818.jpg,a football player is running with the ball
./dataset/00000819.jpg,the football team is playing on the field
./dataset/00000820.jpg,a football game is being played on a field
./dataset/00000821.jpg,the eagles are looking to make a move
./dataset/00000822.jpg,a soccer field
./dataset/00000823.jpg,the philadelphia eagles hut the philadelphia eagles hut the philadelphia eagles hut the philadelphia eagles hu
./dataset/00000824.jpg,a man in a white uniform
./dataset/00000825.jpg,a football game with players on the field
./dataset/00000826.jpg,a baseball player swinging a bat on a field
./dataset/00000827.jpg,a large stadium
./dataset/00000828.jpg,a football game with the players running for the ball
./dataset/00000829.jpg,a football game is being played on the field
./dataset/00000830.jpg,a football game is being played on the field
./dataset/00000831.jpg,a field with a baseball field and a baseball field
./dataset/00000832.jpg,a field with a football field and a field
./dataset/00000833.jpg,a football game with a player running the ball
./dataset/00000834.jpg,a football player running with the ball
./dataset/00000835.jpg,a football game is being played on the field
./dataset/00000836.jpg,a football stadium
./dataset/00000837.jpg,"lincoln field, section 2, row 2, seat 1"
./dataset/00000838.jpg,a football game is being played on the field
./dataset/00000839.jpg,a group of people standing on top of a field
./dataset/00000840.jpg,a football game is being played on the field
./dataset/00000841.jpg,a football player is running with the ball
./dataset/00000842.jpg,a field with a soccer field and a soccer field
./dataset/00000843.jpg,a soccer game is being played in a stadium
./dataset/00000844.jpg,a football player is running with the ball
./dataset/00000845.jpg,a football game is being played on the field
./dataset/00000846.jpg,"seating view for lamb stadium section c, row 12, seat 10"
./dataset/00000847.jpg,a football game is being played on the field
./dataset/00000848.jpg,a group of people on a field
./dataset/00000849.jpg,the packers's defense is a big problem
./dataset/00000850.jpg,a football player running with the ball
./dataset/00000851.jpg,the rams hut the rams defense
./dataset/00000852.jpg,the football team is running for the ball
./dataset/00000853.jpg,a football player is about to throw the ball
./dataset/00000854.jpg,a football game is being played on the field
./dataset/00000855.jpg,the stadium at wembley stadium
./dataset/00000856.jpg,a football player is making a catch
./dataset/00000857.jpg,a football player running with the ball
./dataset/00000858.jpg,a man in a blue uniform
./dataset/00000859.jpg,a football game is being played on the field
./dataset/00000860.jpg,a football game with a player on the field
./dataset/00000861.jpg,a football player is running with the ball
./dataset/00000862.jpg,a group of people playing a game of football
./dataset/00000863.jpg,a view of the field at clemson stadium
./dataset/00000864.jpg,the penn football team is playing in the game
./dataset/00000865.jpg,a large american flag
./dataset/00000866.jpg,a football game with players running on the field
./dataset/00000867.jpg,a football player is running with the ball
./dataset/00000868.jpg,the jets line up for a play
./dataset/00000869.jpg,a football player running on the field
./dataset/00000870.jpg,a football player running with the ball
./dataset/00000871.jpg,a man is running on a track
./dataset/00000872.jpg,a group of people playing a game of football
./dataset/00000873.jpg,a man standing on a field with a red and green logo
./dataset/00000874.jpg,a man with tattoos on his arm and a football helmet
./dataset/00000875.jpg,a man in a white uniform
./dataset/00000876.jpg,the carolina panthers play against the jacksonville jaguars in the first quarter
./dataset/00000877.jpg,a football game with a player running the ball
./dataset/00000878.jpg,a video game showing a football game
./dataset/00000879.jpg,a man in a gray shirt and white pants
./dataset/00000880.jpg,the football players are playing on the field
./dataset/00000881.jpg,a group of people playing a game of football
./dataset/00000882.jpg,a football player running with the ball
./dataset/00000883.jpg,a football player running with the ball
./dataset/00000884.jpg,a football player running with the ball
./dataset/00000885.jpg,a football game with a player running the ball
./dataset/00000886.jpg,a football player is about to throw the ball
./dataset/00000887.jpg,a man running with a ball in his hand
./dataset/00000888.jpg,a man in a black jacket
./dataset/00000889.jpg,a couple standing on the sidelines at a football game
./dataset/00000890.jpg,a man in a uniform
./dataset/00000891.jpg,a camera is on the ground in front of a crowd
./dataset/00000892.jpg,a football player running with the ball
./dataset/00000893.jpg,a football game is being played on the field
./dataset/00000894.jpg,a group of people playing football on a field
./dataset/00000895.jpg,the football field at gill stadium
./dataset/00000896.jpg,a football game is being played on a field
./dataset/00000897.jpg,a young man in a football uniform standing on a field
./dataset/00000898.jpg,a football player throwing a ball
./dataset/00000899.jpg,a large stadium
./dataset/00000900.jpg,a football player running with the ball
./dataset/00000901.jpg,a football player is walking off the field
./dataset/00000902.jpg,a football game is being played on the field
./dataset/00000903.jpg,a group of people are on a track
./dataset/00000904.jpg,the cheer team is performing during the game
./dataset/00000905.jpg,a football game is being played on the field
./dataset/00000906.jpg,a man holding a bat
./dataset/00000907.jpg,a video of a football game being played
./dataset/00000908.jpg,a group of people on a field with a football field
./dataset/00000909.jpg,a soccer player
./dataset/00000910.jpg,the football team runs the ball during practice
./dataset/00000911.jpg,a football game is being played on the field
./dataset/00000912.jpg,a football player running with the ball
./dataset/00000913.jpg,a football game is being played on the field
./dataset/00000914.jpg,a football player running with the ball
./dataset/00000915.jpg,a football field
./dataset/00000916.jpg,a football player running with the ball
./dataset/00000917.jpg,a man in a black jacket and a man in a white hat
./dataset/00000918.jpg,a football player is running with the ball
./dataset/00000919.jpg,the alabama football team hus during a game
./dataset/00000920.jpg,a man in a uniform
./dataset/00000921.jpg,the football players are playing on the field
./dataset/00000922.jpg,the broncos running the ball during a game
./dataset/00000923.jpg,a football game is being played on a field
./dataset/00000924.jpg,a football game is being played on a field
./dataset/00000925.jpg,a football player is about to throw the ball
./dataset/00000926.jpg,a football game is being played on a field
./dataset/00000927.jpg,a group of people playing a game of roller skate
./dataset/00000928.jpg,a football game
./dataset/00000929.jpg,a football game is being played on the field
./dataset/00000930.jpg,the flag is being carried by the football team
./dataset/00000931.jpg,a stadium filled with fans
./dataset/00000932.jpg,a football player running with the ball
./dataset/00000933.jpg,a football game is being played on the field
./dataset/00000934.jpg,a man is running with a football ball
./dataset/00000935.jpg,a football game is being played on the field
./dataset/00000936.jpg,a football game with a player running for the ball
./dataset/00000937.jpg,a football player is running with the ball
./dataset/00000938.jpg,a group of people playing a game on a field
./dataset/00000939.jpg,the football team is walking down the field
./dataset/00000940.jpg,a football game is being played on a rainy day
./dataset/00000941.jpg,a football player is throwing the ball
./dataset/00000942.jpg,a football player running with the ball
./dataset/00000943.jpg,a man in a blue jacket standing on a field
./dataset/00000944.jpg,a soccer player
./dataset/00000945.jpg,a black and white photo of a soccer field
./dataset/00000946.jpg,a television screen
./dataset/00000947.jpg,a stadium full of people
./dataset/00000948.jpg,the football team is playing on the field
./dataset/00000949.jpg,a football player running with the ball
./dataset/00000950.jpg,a football game with a player running for the ball
./dataset/00000951.jpg,a group of people standing on top of a field
./dataset/00000952.jpg,a football player running with the ball
./dataset/00000953.jpg,a football player running with the ball
./dataset/00000954.jpg,a football player is running with the ball
./dataset/00000955.jpg,a football game with a player running for the ball
./dataset/00000956.jpg,a man running on a field
./dataset/00000957.jpg,a group of people standing on a field
./dataset/00000958.jpg,a football player running with the ball
./dataset/00000959.jpg,a football game is being played on the field
./dataset/00000960.jpg,a football player is trying to get past the defense
./dataset/00000961.jpg,a football player running with the ball
./dataset/00000962.jpg,a field with a soccer field and a soccer field
./dataset/00000963.jpg,a football player running with the ball
./dataset/00000964.jpg,a football player is about to throw the ball
./dataset/00000965.jpg,the rams are playing in the nfc game
./dataset/00000966.jpg,a football game with the opposing running
./dataset/00000967.jpg,the football team is huddled up on the field
./dataset/00000968.jpg,the marching team is performing on the field
./dataset/00000969.jpg,a group of children standing on a soccer field
./dataset/00000970.jpg,a view of a football game from a window
./dataset/00000971.jpg,a large crowd of people
./dataset/00000972.jpg,a boy running with a football
./dataset/00000973.jpg,the football field at the university of texas stadium
./dataset/00000974.jpg,the football team is running on the field
./dataset/00000975.jpg,the players are getting ready for the game
./dataset/00000976.jpg,a football game with a player holding a ball
./dataset/00000977.jpg,a football player is jumping in the air
./dataset/00000978.jpg,a football player running with the ball
./dataset/00000979.jpg,a tweet with a picture of a football field
./dataset/00000980.jpg,a football player running with the ball
./dataset/00000981.jpg,a man in a uniform
./dataset/00000982.jpg,a baseball player holding a bat on a field
./dataset/00000983.jpg,a football stadium
./dataset/00000984.jpg,a group of people playing a game of soccer
./dataset/00000985.jpg,a football player is running with the ball
./dataset/00000986.jpg,a tennis court with a net and ball
./dataset/00000987.jpg,a football game is being played on the field
./dataset/00000988.jpg,a football field
./dataset/00000989.jpg,a football game is being played on a field
./dataset/00000990.jpg,a football game
./dataset/00000991.jpg,a group of men running across a field
./dataset/00000992.jpg,the football team is shaking hands with the coach
./dataset/00000993.jpg,a football player is about to throw the ball
./dataset/00000994.jpg,a football player running with the ball
./dataset/00000995.jpg,a group of young football players standing on a field
./dataset/00000996.jpg,a football stadium
./dataset/00000997.jpg,a group of young people sitting on the grass
./dataset/00000998.jpg,a football game
./dataset/00000999.jpg,a football player running with the ball
./dataset/00001000.jpg,a football player is getting ready to throw the ball
./dataset/00001001.jpg,the redskins'defense is a big problem
./dataset/00001002.jpg,a stadium with a football field and a field
./dataset/00001003.jpg,a football player running with the ball
./dataset/00001004.jpg,a football player running with the ball
./dataset/00001005.jpg,a football player throwing a ball
./dataset/00001006.jpg,a man in a green and white uniform
./dataset/00001007.jpg,a man catching a football
./dataset/00001008.jpg,a crowd of people watching a soccer game
./dataset/00001009.jpg,a man in a green shirt and a blue hat
./dataset/00001010.jpg,the football team is playing in a stadium
./dataset/00001011.jpg,the cheer team performs during the game
./dataset/00001012.jpg,a football game with a player running the ball
./dataset/00001013.jpg,a football stadium
./dataset/00001014.jpg,the football team poses for a photo after winning the championship
./dataset/00001015.jpg,a group of young boys posing for a picture
./dataset/00001016.jpg,a football player running with the ball
./dataset/00001017.jpg,a football game with players on the field
./dataset/00001018.jpg,a man in a uniform
./dataset/00001019.jpg,a football team hus together on the field
./dataset/00001020.jpg,the football field
./dataset/00001021.jpg,a football player running with the ball
./dataset/00001022.jpg,a football game with fans in the stands
./dataset/00001023.jpg,the football team is getting ready to play
./dataset/00001024.jpg,a football game with a player running for the ball
./dataset/00001025.jpg,a man in a uniform holding a football
./dataset/00001026.jpg,a football player is trying to catch the ball
./dataset/00001027.jpg,a group of people standing on top of a field
./dataset/00001028.jpg,a football field
./dataset/00001029.jpg,the view from the stands at gill field
./dataset/00001030.jpg,the green bay packers hu a hut after the game
./dataset/00001031.jpg,a football player is standing on the field
./dataset/00001032.jpg,the aerial view of the football field at the university of minnesota
./dataset/00001033.jpg,a group of girls playing soccer on a field
./dataset/00001034.jpg,the football player is running with the ball
./dataset/00001035.jpg,a stadium with a band of people playing
./dataset/00001036.jpg,a group of people standing on top of a field
./dataset/00001037.jpg,a football game is being played on a field
./dataset/00001038.jpg,a football player running with the ball
./dataset/00001039.jpg,a football game with a player getting ready to pass
./dataset/00001040.jpg,a group of young football players running on a field
./dataset/00001041.jpg,a football game is being played in a stadium
./dataset/00001042.jpg,a man throwing a football
./dataset/00001043.jpg,the football game is being played
./dataset/00001044.jpg,a soccer game is being played in a stadium
./dataset/00001045.jpg,a man is running on a track
./dataset/00001046.jpg,the players are playing
./dataset/00001047.jpg,a football player catching a ball
./dataset/00001048.jpg,a football player running with the ball
./dataset/00001049.jpg,the girls'lacrosse team poses for a photo
./dataset/00001050.jpg,a football player is catching the ball
./dataset/00001051.jpg,a football player running with the ball
./dataset/00001052.jpg,a football player is about to throw the ball
./dataset/00001053.jpg,a football player throwing a ball
./dataset/00001054.jpg,a football game is being played on the field
./dataset/00001055.jpg,a football game is being played on a field
./dataset/00001056.jpg,a group of people playing a game of soccer
./dataset/00001057.jpg,a football player wearing a helmet and holding a ball
./dataset/00001058.jpg,a group of people standing in a field
./dataset/00001059.jpg,the band is playing on the field
./dataset/00001060.jpg,a stadium with a football field
./dataset/00001061.jpg,two men playing soccer
./dataset/00001062.jpg,a football game is being played
./dataset/00001063.jpg,a football player is running with the ball
./dataset/00001064.jpg,a man and woman standing in front of a stadium
./dataset/00001065.jpg,a football game with a crowd watching
./dataset/00001066.jpg,the cheer team is performing at the football game
./dataset/00001067.jpg,a football player running with the ball
./dataset/00001068.jpg,a football game with a crowd watching
./dataset/00001069.jpg,"lincoln field, section 2, row 2, seat 15"
./dataset/00001070.jpg,a football player running on a field
./dataset/00001071.jpg,a football game with a player running the ball
./dataset/00001072.jpg,a football player is running on the field
./dataset/00001073.jpg,a football game with a player running for the ball
./dataset/00001074.jpg,a football player running with the ball
./dataset/00001075.jpg,a football player is getting ready to throw the ball
./dataset/00001076.jpg,the us marine band marches during the opening day ceremony for the 2012 nfl super bowl at the national
./dataset/00001077.jpg,a football game with a large group of people
./dataset/00001078.jpg,a football game with a player running the ball
./dataset/00001079.jpg,a football game with a player in the middle of the field
./dataset/00001080.jpg,green bay packers running back to the side
./dataset/00001081.jpg,a football player is greeted by fans
./dataset/00001082.jpg,a young man running on a field
./dataset/00001083.jpg,a group of people standing on a field
./dataset/00001084.jpg,a football game with players on the field
./dataset/00001085.jpg,a football player standing on the field
./dataset/00001086.jpg,a col of a football game with a player running
./dataset/00001087.jpg,"the penn football team walks onto the field after the game against penn on sept 6, 2012"
./dataset/00001088.jpg,a football game is being played
./dataset/00001089.jpg,a soccer player is trying to block the ball
./dataset/00001090.jpg,a football field
./dataset/00001091.jpg,a man in a helmet holding a football
./dataset/00001092.jpg,"lamb stadium, section c, row 2, seat 10"
./dataset/00001093.jpg,a football game with a player running for the ball
./dataset/00001094.jpg,the football team is on the field
./dataset/00001095.jpg,a football game is shown on the screen
./dataset/00001096.jpg,the miami dolphins running the ball during a game
./dataset/00001097.jpg,the pittsburgh steelers play in the nfl game
./dataset/00001098.jpg,a football game is being played on the field
./dataset/00001099.jpg,seating for the 49ers
./dataset/00001100.jpg,a football game with the ball in the air
./dataset/00001101.jpg,the football field at the university of nevada
./dataset/00001102.jpg,a football player is being tackled by a team
./dataset/00001103.jpg,an aerial view of the football stadium
./dataset/00001104.jpg,a group of young men playing soccer on a field
./dataset/00001105.jpg,a train on the tracks
./dataset/00001106.jpg,a group of men playing a game of rugby
./dataset/00001107.jpg,the football team is running on the field
./dataset/00001108.jpg,a soccer player is kicking the ball on the field
./dataset/00001109.jpg,a football game is being played on the field
./dataset/00001110.jpg,a football field
./dataset/00001111.jpg,a group of people playing a game of football
./dataset/00001112.jpg,a baseball field
./dataset/00001113.jpg,a football game is being played in a gymnasium
./dataset/00001114.jpg,a man in a green bay packers uniform
./dataset/00001115.jpg,a football player running with the ball
./dataset/00001116.jpg,a soccer stadium
./dataset/00001117.jpg,a football player is diving for a ball
./dataset/00001118.jpg,a football player running with the ball
./dataset/00001119.jpg,a football player running with the ball
./dataset/00001120.jpg,a football game is being played in a stadium
./dataset/00001121.jpg,a football game with players running on the field
./dataset/00001122.jpg,the game is being played on the field
./dataset/00001123.jpg,the football players are running
./dataset/00001124.jpg,a soldier holding a flag
./dataset/00001125.jpg,a stadium with a large crowd watching a soccer game
./dataset/00001126.jpg,the jets are playing a game in the nfl playoffs
./dataset/00001127.jpg,a football player running with the ball
./dataset/00001128.jpg,the girls'soccer team poses for a photo
./dataset/00001129.jpg,the marching team at the football game
./dataset/00001130.jpg,a football player running with the ball
./dataset/00001131.jpg,a man in a uniform
./dataset/00001132.jpg,a football game is being played on the field
./dataset/00001133.jpg,a football player running with the ball
./dataset/00001134.jpg,the 49ers are playing in the nfc game
./dataset/00001135.jpg,the players are playing football
./dataset/00001136.jpg,a football player throwing a ball on the field
./dataset/00001137.jpg,a football game is being played on a field
./dataset/00001138.jpg,the view from the upper of the field at lamb stadium
./dataset/00001139.jpg,the football team runs the ball down the field
./dataset/00001140.jpg,a football game with the ball in the air
./dataset/00001141.jpg,the nfl game is being played on the field
./dataset/00001142.jpg,a football stadium
./dataset/00001143.jpg,a football game in the dark
./dataset/00001144.jpg,the players are playing
./dataset/00001145.jpg,a football game is being played on the field
./dataset/00001146.jpg,a man running with a football on a field
./dataset/00001147.jpg,a football player jumping up to catch the ball
./dataset/00001148.jpg,a man in a uniform holding a football
./dataset/00001149.jpg,a football game is being played on a field
./dataset/00001150.jpg,a football game is being played on the field
./dataset/00001151.jpg,a group of people posing for a picture
./dataset/00001152.jpg,a soccer game
./dataset/00001153.jpg,a football game is being played on a field
./dataset/00001154.jpg,a football field
./dataset/00001155.jpg,a football player running with the ball
./dataset/00001156.jpg,a man in a uniform
./dataset/00001157.jpg,a group of men running on a field
./dataset/00001158.jpg,the bears'quarterbacks are trying to get the ball
./dataset/00001159.jpg,a man in a white shirt
./dataset/00001160.jpg,a football game is being played on the field
./dataset/00001161.jpg,a football field with a blue and white football field
./dataset/00001162.jpg,a football game with a player running for the ball
./dataset/00001163.jpg,the football field
./dataset/00001164.jpg,a football game with the players running for the ball
./dataset/00001165.jpg,the football field at cowboys stadium
./dataset/00001166.jpg,seating view for texas state university stadium
./dataset/00001167.jpg,a stadium filled with people
./dataset/00001168.jpg,the football field at gill stadium
./dataset/00001169.jpg,a large crowd of people
./dataset/00001170.jpg,the pittsburgh steelers are playing in the nfl game
./dataset/00001171.jpg,a group of young football players running on a field
./dataset/00001172.jpg,the pittsburgh steelers running back to the steelers
./dataset/00001173.jpg,a football stadium
./dataset/00001174.jpg,a lacrosse player is getting ready to hit the ball
./dataset/00001175.jpg,a man is running on the soccer field
./dataset/00001176.jpg,a football game with a crowd watching
./dataset/00001177.jpg,the redskins'quarterbacks are ready to play in the nfc game
./dataset/00001178.jpg,a group of people standing on a field
./dataset/00001179.jpg,a soccer goal post
./dataset/00001180.jpg,a football game
./dataset/00001181.jpg,a crowd of people watching a football game
./dataset/00001182.jpg,the marching team performs at the football game
./dataset/00001183.jpg,a group of men playing a game of rugby
./dataset/00001184.jpg,a football player running with the ball
./dataset/00001185.jpg,a crowd of people watching a football game
./dataset/00001186.jpg,a group of people standing on a field
./dataset/00001187.jpg,the football players are celebrating
./dataset/00001188.jpg,a football player is running with the ball
./dataset/00001189.jpg,the football team practices on the field
./dataset/00001190.jpg,a football game is being played on the field
./dataset/00001191.jpg,the green bay football stadium
./dataset/00001192.jpg,a football player is about to throw the ball
./dataset/00001193.jpg,a group of people playing football on a field
./dataset/00001194.jpg,two football players running on a field
./dataset/00001195.jpg,a football game is being played on a field
./dataset/00001196.jpg,a group of people standing on a field
./dataset/00001197.jpg,a football game is being played on the field
./dataset/00001198.jpg,a football player is running after the ball
./dataset/00001199.jpg,a football player is tackled by another player
./dataset/00001200.jpg,a man in a green and white shirt
./dataset/00001201.jpg,a stadium with a football field
./dataset/00001202.jpg,a football player is running with the ball
./dataset/00001203.jpg,a football game is being played on the field
./dataset/00001204.jpg,a group of young football players running on a field
./dataset/00001205.jpg,the football players are walking on the field
./dataset/00001206.jpg,a large stadium
./dataset/00001207.jpg,a man wearing a helmet
./dataset/00001208.jpg,a woman sitting in a stadium
./dataset/00001209.jpg,the notres celebrate after their game against the purdue bulldogs
./dataset/00001210.jpg,a football game with a player running the ball
./dataset/00001211.jpg,the football team is walking off the field
./dataset/00001212.jpg,a man running on a field
./dataset/00001213.jpg,the carolinas are playing in the nfl game
./dataset/00001214.jpg,a group of people standing on a field
./dataset/00001215.jpg,the redskins'defense is a big problem
./dataset/00001216.jpg,a group of people walking across a field
./dataset/00001217.jpg,a man in a red uniform
./dataset/00001218.jpg,a group of men playing soccer on a field
./dataset/00001219.jpg,the university of wisconsin campus in wisconsin
./dataset/00001220.jpg,a football player is falling off the ground
./dataset/00001221.jpg,a football player is running with the ball
./dataset/00001222.jpg,a football field with the number 40 on it
./dataset/00001223.jpg,the football team is playing on the field
./dataset/00001224.jpg,a person holding a can of soda in a stadium
./dataset/00001225.jpg,a group of people standing on a field
./dataset/00001226.jpg,a stadium with a light shining on the side
./dataset/00001227.jpg,a football player is running with the ball
./dataset/00001228.jpg,a football player is running with the ball
./dataset/00001229.jpg,the football players are running on the field
./dataset/00001230.jpg,a football game is being played on the field
./dataset/00001231.jpg,a football player is running with the ball
./dataset/00001232.jpg,a stadium with a football field and a stadium lit up at night
./dataset/00001233.jpg,a football game with the ball in the air
./dataset/00001234.jpg,a football game is being played on a field
./dataset/00001235.jpg,a football player is running with the ball
./dataset/00001236.jpg,the marching team is performing on the field
./dataset/00001237.jpg,a woman in a green and yellow uniform
./dataset/00001238.jpg,a football player is running with the ball
./dataset/00001239.jpg,a football game with the opposing and players
./dataset/00001240.jpg,a football player is running with the ball
./dataset/00001241.jpg,the football team is standing on the field
./dataset/00001242.jpg,a football player running with the ball
./dataset/00001243.jpg,the cheer team performs at night
./dataset/00001244.jpg,a group of young men playing football on a field
./dataset/00001245.jpg,a football player is being tackled by a referee
./dataset/00001246.jpg,"metdome stadium, section a, row 2, seat 10"
./dataset/00001247.jpg,a group of people playing football on a field
./dataset/00001248.jpg,a crowd of people
./dataset/00001249.jpg,a football player catching a ball on the field
./dataset/00001250.jpg,a football game
./dataset/00001251.jpg,a group of people playing baseball on a field
./dataset/00001252.jpg,a soccer player
./dataset/00001253.jpg,a snow covered field
./dataset/00001254.jpg,a lacrosse player running with the ball
./dataset/00001255.jpg,a football game is being played on the field
./dataset/00001256.jpg,a mascot mascot is standing on the field
./dataset/00001257.jpg,a football player running with the ball
./dataset/00001258.jpg,a football game is being played on the field
./dataset/00001259.jpg,the new england logo on the field at the nfl stadium
./dataset/00001260.jpg,a large american flag
./dataset/00001261.jpg,the stadium at the university of wisconsin
./dataset/00001262.jpg,the players are playing
./dataset/00001263.jpg,a green field with houses in the background
./dataset/00001264.jpg,a football game is being played in a stadium
./dataset/00001265.jpg,a football player wearing a helmet
./dataset/00001266.jpg,a soccer game is being played in a stadium
./dataset/00001267.jpg,a band playing on a football field
./dataset/00001268.jpg,a football player running with the ball
./dataset/00001269.jpg,a football player is running with the ball
./dataset/00001270.jpg,a football field with a helmet on it
./dataset/00001271.jpg,a football player running with the ball
./dataset/00001272.jpg,the sims sims sims sims sims sims sims sims sims sims sims sims sims sims sims sims sims sims
./dataset/00001273.jpg,a man in a uniform
./dataset/00001274.jpg,the football team is posing for a photo
./dataset/00001275.jpg,a football field
./dataset/00001276.jpg,a woman riding a horse
./dataset/00001277.jpg,a football game is being played on the field
./dataset/00001278.jpg,a soccer game is being played on a field
./dataset/00001279.jpg,a football player is holding a helmet
./dataset/00001280.jpg,a football player is throwing the ball
./dataset/00001281.jpg,a football game is being played on the field
./dataset/00001282.jpg,a football player running with the ball
./dataset/00001283.jpg,a football player throwing a ball on the field
./dataset/00001284.jpg,a football player running with the ball
./dataset/00001285.jpg,the marching team is performing at the football game
./dataset/00001286.jpg,the cheer team is running on the field
./dataset/00001287.jpg,the new england patriots celebrate a touchdown
./dataset/00001288.jpg,"the titans'coach, left, talks with quarterbacks during a game against the titans"
./dataset/00001289.jpg,a football player running with the ball
./dataset/00001290.jpg,a man in uniform shaking hands with two men
./dataset/00001291.jpg,a football player running with the ball
./dataset/00001292.jpg,a football player running with the ball
./dataset/00001293.jpg,a young man in a football uniform throwing a ball
./dataset/00001294.jpg,a football game with a player running the ball
./dataset/00001295.jpg,a girl wearing a green and white uniform
./dataset/00001296.jpg,a football player is being tackled by a referee
./dataset/00001297.jpg,a man running with a football
./dataset/00001298.jpg,a football player is talking to an official
./dataset/00001299.jpg,a football game is being played on the field
./dataset/00001300.jpg,the football team is running on the field
./dataset/00001301.jpg,a football player running with the ball
./dataset/00001302.jpg,a football game
./dataset/00001303.jpg,a group of people standing on a field
./dataset/00001304.jpg,the football player is jumping in the air
./dataset/00001305.jpg,a man in a suit throwing a football
./dataset/00001306.jpg,a group of people
./dataset/00001307.jpg,a man in a uniform
./dataset/00001308.jpg,a lacrosse game with players on the field
./dataset/00001309.jpg,a crowd of people watching a football game
./dataset/00001310.jpg,a boy standing on a soccer field
./dataset/00001311.jpg,a tennis court
./dataset/00001312.jpg,a man in a white shirt
./dataset/00001313.jpg,the players are standing together
./dataset/00001314.jpg,a football player is on the field with other players
./dataset/00001315.jpg,a football game is being played on a field
./dataset/00001316.jpg,a football field
./dataset/00001317.jpg,the washington redskins play against the minnesota vikings in the first quarter
./dataset/00001318.jpg,a group of men playing a game of fr fr fr fr fr fr fr fr fr fr fr
./dataset/00001319.jpg,"mercedes stadium, section a, row 2, seat 10"
./dataset/00001320.jpg,a group of players
./dataset/00001321.jpg,a football game with a player running for the ball
./dataset/00001322.jpg,a group of people standing on a field
./dataset/00001323.jpg,a football game
./dataset/00001324.jpg,a man in a uniform
./dataset/00001325.jpg,a football game with a player running the ball
./dataset/00001326.jpg,a group of people are playing soccer on a field
./dataset/00001327.jpg,a football player is preparing to kick the ball
./dataset/00001328.jpg,a football game with a player running for the ball
./dataset/00001329.jpg,a football game with the players running
./dataset/00001330.jpg,a football field
./dataset/00001331.jpg,a man in a uniform is running with a football
./dataset/00001332.jpg,a man in a helmet and uniform is throwing a ball
./dataset/00001333.jpg,the football field at the indianapolis stadium
./dataset/00001334.jpg,a group of people playing frc
./dataset/00001335.jpg,a football player running with the ball
./dataset/00001336.jpg,a football game is being played in a stadium
./dataset/00001337.jpg,the football field at the university of iowa
./dataset/00001338.jpg,a football game with a large crowd watching
./dataset/00001339.jpg,two men playing soccer on a field
./dataset/00001340.jpg,a group of young men playing a game of football
./dataset/00001341.jpg,a man in a blue shirt and a helmet
./dataset/00001342.jpg,a football game is being played on a sunny day
./dataset/00001343.jpg,a man wearing a helmet
./dataset/00001344.jpg,the band is playing on the field
./dataset/00001345.jpg,a woman holding a bunch of flowers
./dataset/00001346.jpg,the football team is running on the field
./dataset/00001347.jpg,a football game with the team running on the field
./dataset/00001348.jpg,a stadium with a lot of empty seats
./dataset/00001349.jpg,a soccer field
./dataset/00001350.jpg,a group of people standing around a man throwing a ball
./dataset/00001351.jpg,a football player is running with the ball
./dataset/00001352.jpg,a football player running with the ball
./dataset/00001353.jpg,a large stadium
./dataset/00001354.jpg,the green bay packers are the green bay packers'best team in the nfl
./dataset/00001355.jpg,a football game with a player running the ball
./dataset/00001356.jpg,penn state football players celebrate after winning the class 4a championship
./dataset/00001357.jpg,a football game with a player running for the ball
./dataset/00001358.jpg,a group of people playing a game of football
./dataset/00001359.jpg,a group of young men playing football on a field
./dataset/00001360.jpg,a football field with the number fifty on it
./dataset/00001361.jpg,the 49ers's defense is a big problem
./dataset/00001362.jpg,the football team is celebrating after the game
./dataset/00001363.jpg,a crowd of people watching a football game
./dataset/00001364.jpg,a man running with a football
./dataset/00001365.jpg,the band is marching on the field
./dataset/00001366.jpg,the football team is standing on the field
./dataset/00001367.jpg,the football team is running on the field
./dataset/00001368.jpg,a group of soccer players on a field
./dataset/00001369.jpg,the football field
./dataset/00001370.jpg,a football game is being played on the field
./dataset/00001371.jpg,a football game is being played on a field
./dataset/00001372.jpg,a football player is running with the ball
./dataset/00001373.jpg,a football stadium
./dataset/00001374.jpg,a football player is tackled by another player
./dataset/00001375.jpg,a football game with a crowd watching
./dataset/00001376.jpg,a football game with players on the field
./dataset/00001377.jpg,a football game with players on the field
./dataset/00001378.jpg,a soccer player is jumping to catch the ball
./dataset/00001379.jpg,the ravens play the ravens in the afc super bowl game
./dataset/00001380.jpg,a group of young men playing a game of soccer
./dataset/00001381.jpg,a group of people on a field
./dataset/00001382.jpg,a football player is running on the field
./dataset/00001383.jpg,the emirates stadium
./dataset/00001384.jpg,a soccer player in action on the field
./dataset/00001385.jpg,a man in a uniform
./dataset/00001386.jpg,a football player running with the ball
./dataset/00001387.jpg,a man is bending his leg
./dataset/00001388.jpg,a football player running with the ball
./dataset/00001389.jpg,a group of people on a field playing football
./dataset/00001390.jpg,a football game with the players on the field
./dataset/00001391.jpg,a group of girls
./dataset/00001392.jpg,a football player is about to throw the ball
./dataset/00001393.jpg,a football game is being played on a field
./dataset/00001394.jpg,a football player is running with the ball
./dataset/00001395.jpg,a football player is tackled by a defender
./dataset/00001396.jpg,a group of young men playing a game of football
./dataset/00001397.jpg,a group of people standing in a field
./dataset/00001398.jpg,a football player is running with the ball
./dataset/00001399.jpg,person running the ball
./dataset/00001400.jpg,a stadium with a football field
./dataset/00001401.jpg,a football game is being played on a field
./dataset/00001402.jpg,"georgia stadium, section 2, row 2, seat 10"
./dataset/00001403.jpg,the chiefs running back to the chiefs
./dataset/00001404.jpg,a large crowd of people
./dataset/00001405.jpg,a football player running with the ball
./dataset/00001406.jpg,a football player is catching the ball
./dataset/00001407.jpg,a man running with a football on a field
./dataset/00001408.jpg,a football player running with the ball
./dataset/00001409.jpg,a group of young boys playing a game of football
./dataset/00001410.jpg,the football players are playing on the field
./dataset/00001411.jpg,a group of children standing in a field
./dataset/00001412.jpg,a football player is tackled by a player
./dataset/00001413.jpg,a football game is being played on the field
./dataset/00001414.jpg,a football player is trying to get the ball
./dataset/00001415.jpg,a football game with players running on the field
./dataset/00001416.jpg,a soccer goal on a field
./dataset/00001417.jpg,a man is climbing up a steep
./dataset/00001418.jpg,a football game with a player throwing the ball
./dataset/00001419.jpg,a football player is running with the ball
./dataset/00001420.jpg,the oregon state football team celebrates after a win over the oregon state
./dataset/00001421.jpg,a group of young boys playing football on a field
./dataset/00001422.jpg,a football player running with the ball
./dataset/00001423.jpg,a group of people sitting on a field
./dataset/00001424.jpg,a football player running with the ball
./dataset/00001425.jpg,a stadium filled with people
./dataset/00001426.jpg,a soccer field with a goal and a soccer goal
./dataset/00001427.jpg,a football player running with the ball
./dataset/00001428.jpg,a football game with players on the field
./dataset/00001429.jpg,the bears are getting ready for the super bowl game
./dataset/00001430.jpg,a group of people watching a kite fly over a field
./dataset/00001431.jpg,a man in a white shirt
./dataset/00001432.jpg,a football player running with the ball
./dataset/00001433.jpg,the football team is huddled up on the field
./dataset/00001434.jpg,a group of people playing football on a field
./dataset/00001435.jpg,a football game with players on the field
./dataset/00001436.jpg,a football team is walking onto the field
./dataset/00001437.jpg,a football player is running on the field
./dataset/00001438.jpg,a football player running on the field
./dataset/00001439.jpg,cheerleaders at the football game
./dataset/00001440.jpg,a football player running with the ball
./dataset/00001441.jpg,a stadium filled with fans
./dataset/00001442.jpg,a football field with a number on it
./dataset/00001443.jpg,a football game with a large screen in the background
./dataset/00001444.jpg,a football game is being played on a cloudy day
./dataset/00001445.jpg,a football field
./dataset/00001446.jpg,a group of people on a field playing soccer
./dataset/00001447.jpg,a football player running with the ball
./dataset/00001448.jpg,a man wearing a helmet
./dataset/00001449.jpg,a football field
./dataset/00001450.jpg,a football player running with the ball
./dataset/00001451.jpg,a football player running with the ball
./dataset/00001452.jpg,a football game with the ball in the air
./dataset/00001453.jpg,a football player running on the field
./dataset/00001454.jpg,the football field at michigan stadium
./dataset/00001455.jpg,the player is running
./dataset/00001456.jpg,a football player is getting ready to throw the ball
./dataset/00001457.jpg,a football game is being played on the field
./dataset/00001458.jpg,a man kneeling on the ground
./dataset/00001459.jpg,a soccer field with a goal post and a goal post
./dataset/00001460.jpg,a football player running with the ball
./dataset/00001461.jpg,a football player running with the ball
./dataset/00001462.jpg,a group of young boys playing a game of baseball
./dataset/00001463.jpg,a group of young boys standing on a field
./dataset/00001464.jpg,a football game is being played
./dataset/00001465.jpg,a football player running with the ball
./dataset/00001466.jpg,the washington redskins running back to the redskins
./dataset/00001467.jpg,a man in a uniform
./dataset/00001468.jpg,the broncos running back to the broncos
./dataset/00001469.jpg,a football player running with the ball
./dataset/00001470.jpg,a football game with the players running for the ball
./dataset/00001471.jpg,a football game is being played on the field
./dataset/00001472.jpg,the arena is full of people
./dataset/00001473.jpg,the football field at the university of texas stadium
./dataset/00001474.jpg,a football player running with the ball
./dataset/00001475.jpg,the field at met stadium
./dataset/00001476.jpg,a large stadium
./dataset/00001477.jpg,a man wearing a green jacket
./dataset/00001478.jpg,a football player running with the ball
./dataset/00001479.jpg,a crowd of people at a football game
./dataset/00001480.jpg,a football game with a player getting ready to block the ball
./dataset/00001481.jpg,a football player running with the ball
./dataset/00001482.jpg,a group of young football players running on a field
./dataset/00001483.jpg,a football game with a player on the field
./dataset/00001484.jpg,a football game with a player running the ball
./dataset/00001485.jpg,a man in a uniform
./dataset/00001486.jpg,the players are running
./dataset/00001487.jpg,a football game is being played on the field
./dataset/00001488.jpg,a football player is running with the ball
./dataset/00001489.jpg,a football player running with the ball
./dataset/00001490.jpg,a football player running with the ball
./dataset/00001491.jpg,a group of young men playing soccer on a field
./dataset/00001492.jpg,a man running with a football
./dataset/00001493.jpg,a football game with a crowd of people watching
./dataset/00001494.jpg,a football game
./dataset/00001495.jpg,a puddle in the grass
./dataset/00001496.jpg,the washington redskins running for the ball
./dataset/00001497.jpg,a group of people watching a soccer game
./dataset/00001498.jpg,a young boy running on a field with a football ball
./dataset/00001499.jpg,a group of young soccer players standing on a field
./dataset/00001500.jpg,a football game with the ball in the air
./dataset/00001501.jpg,a group of young boys in blue and white uniforms
./dataset/00001502.jpg,two men standing on a football field
./dataset/00001503.jpg,a football game is being played on the field
./dataset/00001504.jpg,a stadium with a lot of dirt on the ground
./dataset/00001505.jpg,a football player running with the ball
./dataset/00001506.jpg,a football game is being played on the field
./dataset/00001507.jpg,the view from the upper of the stadium
./dataset/00001508.jpg,a football game with a player running the ball
./dataset/00001509.jpg,"the rose bowl stadium in rose bowl, home of the arizona cardinals"
./dataset/00001510.jpg,a football game with the ball in the air
./dataset/00001511.jpg,a football player running with the ball
./dataset/00001512.jpg,a football game with a player trying to block the ball
./dataset/00001513.jpg,a football player running with the ball
./dataset/00001514.jpg,a group of football players standing on a field
./dataset/00001515.jpg,two boys playing soccer
./dataset/00001516.jpg,a man running with a football
./dataset/00001517.jpg,a football game with a player running for the ball
./dataset/00001518.jpg,a soccer field with a soccer goal and a soccer field
./dataset/00001519.jpg,a group of young men standing on a field
./dataset/00001520.jpg,a football player running with the ball
./dataset/00001521.jpg,a football game is being played on a field
./dataset/00001522.jpg,a football player running with the ball
./dataset/00001523.jpg,a soccer stadium with many fans watching
./dataset/00001524.jpg,a group of young football players are lined up
./dataset/00001525.jpg,a crowd of people
./dataset/00001526.jpg,a football player is running with the ball
./dataset/00001527.jpg,a group of football players
./dataset/00001528.jpg,a young boy in a helmet and uniform running a football
./dataset/00001529.jpg,a football game with players on the field
./dataset/00001530.jpg,the michigan football team is playing on the field
./dataset/00001531.jpg,the stadium at the seattle reign
./dataset/00001532.jpg,a football game is being played on the field
./dataset/00001533.jpg,a football player running with the ball
./dataset/00001534.jpg,a football game with a player running the ball
./dataset/00001535.jpg,a football player is running with the ball
./dataset/00001536.jpg,a football game with the ball in the air
./dataset/00001537.jpg,the baltimore ravens walk onto the field before the game
./dataset/00001538.jpg,a football field
./dataset/00001539.jpg,a football game is being played on the field
./dataset/00001540.jpg,a football player running with the ball
./dataset/00001541.jpg,a soccer match with a crowd of people watching
./dataset/00001542.jpg,a football player is running with the ball
./dataset/00001543.jpg,the kansas chiefs are the only team in the nfl playoffs
./dataset/00001544.jpg,a man in a yellow uniform
./dataset/00001545.jpg,a baseball field with a baseball field and a baseball field
./dataset/00001546.jpg,a football game is being played on the field
./dataset/00001547.jpg,a football player running with the ball
./dataset/00001548.jpg,a football stadium filled with fans
./dataset/00001549.jpg,a football game is being played on a cloudy night
./dataset/00001550.jpg,a football player is running with the ball
./dataset/00001551.jpg,a football player running with the ball
./dataset/00001552.jpg,a football player is running with the ball
./dataset/00001553.jpg,a man in an orange shirt
./dataset/00001554.jpg,the football field at michigan stadium
./dataset/00001555.jpg,the football team is standing on the field
./dataset/00001556.jpg,a football player running with the ball
./dataset/00001557.jpg,a football game is being played on the field
./dataset/00001558.jpg,a football game with a player running the ball
./dataset/00001559.jpg,a football player holding a football ball
./dataset/00001560.jpg,michigan football players running on the field
./dataset/00001561.jpg,a field with a soccer goal and a soccer field
./dataset/00001562.jpg,a soccer field with a goal and a soccer field
./dataset/00001563.jpg,a football player running with the ball
./dataset/00001564.jpg,a football player running with the ball
./dataset/00001565.jpg,a football game is being played
./dataset/00001566.jpg,a group of people playing soccer on a field
./dataset/00001567.jpg,a football player catching a ball in a game
./dataset/00001568.jpg,a group of young men playing a game of fr fr fr fr fr fr fr fr fr fr
./dataset/00001569.jpg,a man in a white uniform
./dataset/00001570.jpg,a football player running with the ball
./dataset/00001571.jpg,a football game with the ball in the air
./dataset/00001572.jpg,the new stadium in pretoria
./dataset/00001573.jpg,the football field at the university of illinois stadium
./dataset/00001574.jpg,a football player running with the ball
./dataset/00001575.jpg,the notre football team is lined up for the national anthem
./dataset/00001576.jpg,a football player is about to throw the ball
./dataset/00001577.jpg,the girls are running on the field
./dataset/00001578.jpg,the marching team performs at the game
./dataset/00001579.jpg,a man running on a soccer field
./dataset/00001580.jpg,a man in a uniform
./dataset/00001581.jpg,a group of people playing a game of fr fr fr fr fr fr fr fr fr fr fr
./dataset/00001582.jpg,a football game with a crowd watching
./dataset/00001583.jpg,a football player is throwing the ball
./dataset/00001584.jpg,a lacrosse player running on the field
./dataset/00001585.jpg,green bay quarterback aaron mc and quarterback aaron mc celebrate after the game
./dataset/00001586.jpg,the view from inside the stadium
./dataset/00001587.jpg,a man in a white shirt
./dataset/00001588.jpg,the girls are wearing white boots
./dataset/00001589.jpg,the view from inside lincoln field
./dataset/00001590.jpg,a view of a football field from a balcony
./dataset/00001591.jpg,the football field at the university of michigan
./dataset/00001592.jpg,the stanford stanford stanford football team celebrates after a touchdown
./dataset/00001593.jpg,a football player is about to throw the ball
./dataset/00001594.jpg,the football team is running on the field
./dataset/00001595.jpg,the cheer team performs during the game
./dataset/00001596.jpg,a football field
./dataset/00001597.jpg,seating for the game
./dataset/00001598.jpg,a football player running with the ball
./dataset/00001599.jpg,a football game is being played on a large field
./dataset/00001600.jpg,a crowd of people standing on a field
./dataset/00001601.jpg,clemson football players running on the field
./dataset/00001602.jpg,a man standing on a red carpet
./dataset/00001603.jpg,a football game with a player on the field
./dataset/00001604.jpg,a football game is being played on the field
./dataset/00001605.jpg,a view of a soccer field from a balcony
./dataset/00001606.jpg,a football game with the players running on the field
./dataset/00001607.jpg,the football player is about to throw the ball
./dataset/00001608.jpg,a group of men playing soccer on a field
./dataset/00001609.jpg,a football game is being played
./dataset/00001610.jpg,a football game is being played on a field
./dataset/00001611.jpg,a football player is running with the ball
./dataset/00001612.jpg,a man in a helmet
./dataset/00001613.jpg,a man in a uniform
./dataset/00001614.jpg,a football field with a crowd watching
./dataset/00001615.jpg,a rendering of the proposed stadium
./dataset/00001616.jpg,a football player running with the ball
./dataset/00001617.jpg,the football team is running on the field
./dataset/00001618.jpg,a football player is about to throw the ball
./dataset/00001619.jpg,a football player throwing a ball
./dataset/00001620.jpg,the stadium is empty
./dataset/00001621.jpg,a group of young children running on a field
./dataset/00001622.jpg,a football player running with the ball
./dataset/00001623.jpg,a football game
./dataset/00001624.jpg,a group of young football players running on a field
./dataset/00001625.jpg,the marching team at the football game
./dataset/00001626.jpg,green bay packers running back to the end zone
./dataset/00001627.jpg,a football game is being played on a field
./dataset/00001628.jpg,a man is holding a ball
./dataset/00001629.jpg,the game is in progress for the patriots
./dataset/00001630.jpg,a group of people playing a game of rugby
./dataset/00001631.jpg,a football game with the players on the field
./dataset/00001632.jpg,a man in a gray shirt and a white hat
./dataset/00001633.jpg,the field at the university of wisconsin
./dataset/00001634.jpg,a man in a red shirt
./dataset/00001635.jpg,a football player is about to throw the ball
./dataset/00001636.jpg,a football game with a player running the ball
./dataset/00001637.jpg,a football player catching a ball in the air
./dataset/00001638.jpg,a man kneeling on a football field
./dataset/00001639.jpg,a football game is being played on the field
./dataset/00001640.jpg,a football game is being played on the field
./dataset/00001641.jpg,a football game with the ball in the air
./dataset/00001642.jpg,a group of people playing a game of football
./dataset/00001643.jpg,the football field
./dataset/00001644.jpg,a football field
./dataset/00001645.jpg,a football field
./dataset/00001646.jpg,a group of people playing a game of football
./dataset/00001647.jpg,a football game with the ball in the air
./dataset/00001648.jpg,a football player running with the ball
./dataset/00001649.jpg,a soccer field
./dataset/00001650.jpg,a football player is about to throw the ball
./dataset/00001651.jpg,a football player is being carried off the field
./dataset/00001652.jpg,the view from the end zone at the cleveland stadium
./dataset/00001653.jpg,a football game is being played on the field
./dataset/00001654.jpg,a football player is tackled by a group of defenders
./dataset/00001655.jpg,a football game with players and fans on the field
./dataset/00001656.jpg,the bears'defense is a big problem
./dataset/00001657.jpg,the usc football team is running onto the field
./dataset/00001658.jpg,a group of people playing on a field
./dataset/00001659.jpg,a group of people playing soccer on a field
./dataset/00001660.jpg,a football player is running with the ball
./dataset/00001661.jpg,a football player running on the field
./dataset/00001662.jpg,a football player running with the ball
./dataset/00001663.jpg,a football game is being played on the field
./dataset/00001664.jpg,the football team is huddled up for a game
./dataset/00001665.jpg,a football game is being played on the field
./dataset/00001666.jpg,a man in a green and yellow uniform
./dataset/00001667.jpg,a football player is throwing the ball
./dataset/00001668.jpg,a cheerleader performs during the game
./dataset/00001669.jpg,a large field
./dataset/00001670.jpg,a football player running with the ball
./dataset/00001671.jpg,the football team celebrates after their win
./dataset/00001672.jpg,a football game with a player running the ball
./dataset/00001673.jpg,the usc football team is sitting on the field
./dataset/00001674.jpg,the football team is running on the field
./dataset/00001675.jpg,a group of people playing a game of football
./dataset/00001676.jpg,a football game is being played on the field
./dataset/00001677.jpg,a group of people standing on a field
./dataset/00001678.jpg,a football game is being played on the field
./dataset/00001679.jpg,two men playing soccer on a field
./dataset/00001680.jpg,a football game is being played
./dataset/00001681.jpg,a football player is catching the ball
./dataset/00001682.jpg,a band of people standing on a field
./dataset/00001683.jpg,a football player running with the ball
./dataset/00001684.jpg,the yale football team poses for a photo
./dataset/00001685.jpg,the football team is huddled up for a game
./dataset/00001686.jpg,a group of young men playing a game of football
./dataset/00001687.jpg,a group of young men playing a game of football
./dataset/00001688.jpg,a football game is being played
./dataset/00001689.jpg,a football player is about to throw the ball
./dataset/00001690.jpg,a large crowd of people
./dataset/00001691.jpg,a football player running with the ball
./dataset/00001692.jpg,a soccer player
./dataset/00001693.jpg,the football team is running on the field
./dataset/00001694.jpg,a large crowd of people
./dataset/00001695.jpg,a group of young men playing football on a field
./dataset/00001696.jpg,the bears'defense is a big problem
./dataset/00001697.jpg,a football game is being played on the field
./dataset/00001698.jpg,the cheer team performs at the football game
./dataset/00001699.jpg,a football player running with the ball
./dataset/00001700.jpg,a football player catching a ball
./dataset/00001701.jpg,a football game is being played in a stadium
./dataset/00001702.jpg,the football field at penn stadium
./dataset/00001703.jpg,the field at the mercedes stadium
./dataset/00001704.jpg,a group of people standing on a field
./dataset/00001705.jpg,a football player catching a ball
./dataset/00001706.jpg,"metdome stadium, section a, row 2, seat 10"
./dataset/00001707.jpg,a group of young football players running on a field
./dataset/00001708.jpg,the boys are posing for a photo with their trophies
./dataset/00001709.jpg,a group of people standing around a soccer field
./dataset/00001710.jpg,a football game is being played on the field
./dataset/00001711.jpg,a group of girls playing soccer on a field
./dataset/00001712.jpg,a group of people standing on a field
./dataset/00001713.jpg,the seahawks offense is a big problem
./dataset/00001714.jpg,a football game with a player on the field
./dataset/00001715.jpg,a baseball stadium with an american flag on the field
./dataset/00001716.jpg,a group of football players standing on a field
./dataset/00001717.jpg,a football player is about to throw the ball
./dataset/00001718.jpg,a marching band
./dataset/00001719.jpg,a man standing on a field
./dataset/00001720.jpg,a group of players
./dataset/00001721.jpg,a football player is running with the ball
./dataset/00001722.jpg,a stadium with a large stadium in the middle
./dataset/00001723.jpg,a football player running with the ball
./dataset/00001724.jpg,a football game with the ball in the air
./dataset/00001725.jpg,a football player is getting ready to throw the ball
./dataset/00001726.jpg,a football player catching a ball
./dataset/00001727.jpg,two men playing soccer on a field
./dataset/00001728.jpg,a football player is running with the ball
./dataset/00001729.jpg,a television screen
./dataset/00001730.jpg,a football field with a crowd of people
./dataset/00001731.jpg,the miami dolphins running back to the end line
./dataset/00001732.jpg,a football game with a player running the ball
./dataset/00001733.jpg,the iowa football field
./dataset/00001734.jpg,a young boy throwing a football ball
./dataset/00001735.jpg,a white fence
./dataset/00001736.jpg,a football player is running with the ball
./dataset/00001737.jpg,a football player is jumping in the air
./dataset/00001738.jpg,seating view for washington stadium section c row 2 seat 10
./dataset/00001739.jpg,a football player is running with the ball
./dataset/00001740.jpg,a group of people walking on a track
./dataset/00001741.jpg,a football player running with the ball
./dataset/00001742.jpg,a football player running with the ball
./dataset/00001743.jpg,a football player running with the ball
./dataset/00001744.jpg,the football team is standing on the sidelines
./dataset/00001745.jpg,a football player running with the ball
./dataset/00001746.jpg,a football player is tackled by a player
./dataset/00001747.jpg,two players in a football game
./dataset/00001748.jpg,a football player running with the ball
./dataset/00001749.jpg,the field at the broncos stadium
./dataset/00001750.jpg,a group of people playing a game of fr frc
./dataset/00001751.jpg,a group of people watching a football game
./dataset/00001752.jpg,two young men are playing football on a field
./dataset/00001753.jpg,a football game with a player on the field
./dataset/00001754.jpg,the football team is celebrating their victory
./dataset/00001755.jpg,a football game with the ball in the air
./dataset/00001756.jpg,a football game is being played on the field
./dataset/00001757.jpg,ncaa football 2012 - screenshote
./dataset/00001758.jpg,a group of young football players on a field
./dataset/00001759.jpg,a stadium with a lot of seats
./dataset/00001760.jpg,the football players are celebrating
./dataset/00001761.jpg,a football game with players on the field
./dataset/00001762.jpg,a soccer game is being played in a stadium
./dataset/00001763.jpg,a football game with a player running the ball
./dataset/00001764.jpg,two men playing a game of rugby
./dataset/00001765.jpg,a football player is being tackled by a referee
./dataset/00001766.jpg,the washington redskins defense is on the line
./dataset/00001767.jpg,the stadium at met field
./dataset/00001768.jpg,the football team is talking to each other players
./dataset/00001769.jpg,the giants are in the nfl playoffs
./dataset/00001770.jpg,the texans and texans players are running on the field
./dataset/00001771.jpg,a football game with the ball in the air
./dataset/00001772.jpg,the logo of the denver broncos on the field
./dataset/00001773.jpg,a football field
./dataset/00001774.jpg,a group of people on a field
./dataset/00001775.jpg,a football game is being played on the field
./dataset/00001776.jpg,the oregon state football team is running for the ball
./dataset/00001777.jpg,a group of people sitting on a bench
./dataset/00001778.jpg,a football player is running on the field
./dataset/00001779.jpg,a referee is standing on the field
./dataset/00001780.jpg,the players are all wearing helmets
./dataset/00001781.jpg,a group of people playing a game of football
./dataset/00001782.jpg,a football player running with the ball
./dataset/00001783.jpg,a group of people playing football on a field
./dataset/00001784.jpg,the huskies celebrate after a touchdown
./dataset/00001785.jpg,a football player is about to throw the ball
./dataset/00001786.jpg,a group of people standing on a soccer field
./dataset/00001787.jpg,a group of people walking on a field
./dataset/00001788.jpg,a football game
./dataset/00001789.jpg,a football player running with the ball
./dataset/00001790.jpg,a group of people playing tug
./dataset/00001791.jpg,a group of people
./dataset/00001792.jpg,a football field
./dataset/00001793.jpg,a football player is diving into the goal
./dataset/00001794.jpg,a group of people standing on a field
./dataset/00001795.jpg,a group of people playing a game of football
./dataset/00001796.jpg,a soccer field with lights on it
./dataset/00001797.jpg,a football field with a man on it
./dataset/00001798.jpg,a man standing next to a large sign
./dataset/00001799.jpg,a group of people standing on top of a field
./dataset/00001800.jpg,the football team is preparing to take on the field
./dataset/00001801.jpg,the redskins'defense is a big problem
./dataset/00001802.jpg,the pittsburgh steelers are playing football on the field
./dataset/00001803.jpg,a football player running with the ball
./dataset/00001804.jpg,a man running with a football
./dataset/00001805.jpg,a baseball player is getting ready to hit the ball
./dataset/00001806.jpg,a football game with the ball in the air
./dataset/00001807.jpg,a baseball stadium
./dataset/00001808.jpg,a soccer stadium
./dataset/00001809.jpg,a football player running on the field
./dataset/00001810.jpg,a football player is running with the ball
./dataset/00001811.jpg,a football player running with the ball
./dataset/00001812.jpg,a soccer game is being played in a stadium
./dataset/00001813.jpg,a football player is tackled by another player
./dataset/00001814.jpg,a football game with players on the field
./dataset/00001815.jpg,cheerleaders perform at the start of the game
./dataset/00001816.jpg,a group of cheerleaders
./dataset/00001817.jpg,a group of people posing for a picture on a football field
./dataset/00001818.jpg,a football player running with the ball
./dataset/00001819.jpg,a football game is being played in a stadium
./dataset/00001820.jpg,the cheerleaders are all smiles
./dataset/00001821.jpg,a football player running with the ball
./dataset/00001822.jpg,a soccer game is being played in a stadium
./dataset/00001823.jpg,a football player running with the ball
./dataset/00001824.jpg,a football player running with the ball
./dataset/00001825.jpg,the man is wearing a helmet
./dataset/00001826.jpg,a football stadium
./dataset/00001827.jpg,a football game is being played on a field
./dataset/00001828.jpg,the football field
./dataset/00001829.jpg,a football game is being played on a field
./dataset/00001830.jpg,ncaa football 2012 - screenshote
./dataset/00001831.jpg,a woman in a green shirt
./dataset/00001832.jpg,a football player is running with the ball
./dataset/00001833.jpg,the bears'defense is a big problem for the bears
./dataset/00001834.jpg,a man throwing a football
./dataset/00001835.jpg,a football player is trying to block a football player
./dataset/00001836.jpg,a football game is being played on a field
./dataset/00001837.jpg,a football player running with the ball
./dataset/00001838.jpg,the stadium at wembley stadium
./dataset/00001839.jpg,a football player is tackled by a player
./dataset/00001840.jpg,a football game is being played on the field
./dataset/00001841.jpg,a football player is about to throw the ball
./dataset/00001842.jpg,a football field
./dataset/00001843.jpg,the browns'defense is a big problem
./dataset/00001844.jpg,the track and field at the university of michigan
./dataset/00001845.jpg,the bengals's offense is not as good as the bengals's offense
./dataset/00001846.jpg,a football player running with the ball
./dataset/00001847.jpg,a football player running on the field
./dataset/00001848.jpg,a football player is about to throw the ball
./dataset/00001849.jpg,the seahawks offense is a big problem
./dataset/00001850.jpg,a group of people playing a game of rugby
./dataset/00001851.jpg,the football players are playing in the field
./dataset/00001852.jpg,a soccer stadium with a large crowd
./dataset/00001853.jpg,a football player is trying to catch the ball
./dataset/00001854.jpg,a young boy in a stadium watching a football game
./dataset/00001855.jpg,a football game is being played in a stadium
./dataset/00001856.jpg,a stadium with a soccer field
./dataset/00001857.jpg,a field with a red and white field
./dataset/00001858.jpg,a football game with players running and playing
./dataset/00001859.jpg,the stadium at the university of north carolina
./dataset/00001860.jpg,the band is performing on the field
./dataset/00001861.jpg,a football game is being played on a field
./dataset/00001862.jpg,a group of people standing around a coach
./dataset/00001863.jpg,a football game with the players on the field
./dataset/00001864.jpg,a football player running with the ball
./dataset/00001865.jpg,a man in a football uniform holding a football
./dataset/00001866.jpg,a football player running with the ball
./dataset/00001867.jpg,a group of people standing on a field
./dataset/00001868.jpg,a football player running with the ball
./dataset/00001869.jpg,a football game with the ball in the air
./dataset/00001870.jpg,a soccer player is trying to get the ball
./dataset/00001871.jpg,the football team is standing on the field
./dataset/00001872.jpg,a football player running with the ball
./dataset/00001873.jpg,a football game with a player running for the ball
./dataset/00001874.jpg,a football game with players running and playing
./dataset/00001875.jpg,a football game with a player running for the ball
./dataset/00001876.jpg,the football team is talking to each other players
./dataset/00001877.jpg,the seahawks's offense is not the only way to make it
./dataset/00001878.jpg,a football player running with the ball
./dataset/00001879.jpg,a large crowd of people
./dataset/00001880.jpg,a football game is being played on the field
./dataset/00001881.jpg,a group of young children playing football on a field
./dataset/00001882.jpg,the bears hu a hut after the game
./dataset/00001883.jpg,the green bay packers's field at lamb stadium
./dataset/00001884.jpg,a football player running with the ball
./dataset/00001885.jpg,a group of people standing on a field
./dataset/00001886.jpg,a football game with the ball in the air
./dataset/00001887.jpg,a football player running with the ball
./dataset/00001888.jpg,a football game with a player running the ball
./dataset/00001889.jpg,a group of young men playing soccer on a field
./dataset/00001890.jpg,the giants'defense is a big problem for the chiefs
./dataset/00001891.jpg,a man and woman walking in a field
./dataset/00001892.jpg,the washington redskins running the ball during a game
./dataset/00001893.jpg,a football game
./dataset/00001894.jpg,"the stadium at levi stadium in detroit, michigan"
./dataset/00001895.jpg,the new england patriots line up against the new england patriots
./dataset/00001896.jpg,the football team is standing on the field
./dataset/00001897.jpg,a group of people standing on a field
./dataset/00001898.jpg,a soccer player is trying to block the ball
./dataset/00001899.jpg,a soccer game with players in the background
./dataset/00001900.jpg,a field with a light pole and a crowd of people
./dataset/00001901.jpg,a man throwing a baseball ball on a field
./dataset/00001902.jpg,a football player running with the ball
./dataset/00001903.jpg,a crowd of people
./dataset/00001904.jpg,the jets celebrate after a touchdown
./dataset/00001905.jpg,the rams'defense is a big problem
./dataset/00001906.jpg,the football team is walking off the field
./dataset/00001907.jpg,a football player catching a ball
./dataset/00001908.jpg,a football game with a player running with the ball
./dataset/00001909.jpg,the football team is playing on the field
./dataset/00001910.jpg,a football game is being played
./dataset/00001911.jpg,a football player is running with the ball
./dataset/00001912.jpg,a football field
./dataset/00001913.jpg,a view of a football field from a window
./dataset/00001914.jpg,a baseball field
./dataset/00001915.jpg,a football game is being played on the field
./dataset/00001916.jpg,a group of people playing a game of fr fr fr fr fr fr fr fr fr fr fr
./dataset/00001917.jpg,a red and black football field with the words `'' on it
./dataset/00001918.jpg,a football player is running with the ball
./dataset/00001919.jpg,a soccer game is being played in a stadium
./dataset/00001920.jpg,a football player is tackled by another players
./dataset/00001921.jpg,the marching team performs at the football game
./dataset/00001922.jpg,a football player is running with the ball
./dataset/00001923.jpg,a group of young football players are playing
./dataset/00001924.jpg,a field with a soccer goal and a mountain in the background
./dataset/00001925.jpg,a group of men playing soccer on a field
./dataset/00001926.jpg,a football player is running with the ball
./dataset/00001927.jpg,a man catching a football
./dataset/00001928.jpg,the football field at the university of california
./dataset/00001929.jpg,a football game with a player running for the ball
./dataset/00001930.jpg,a football player is throwing the ball
./dataset/00001931.jpg,a football player is running with the ball
./dataset/00001932.jpg,a football player running with the ball
./dataset/00001933.jpg,a man wearing a red shirt
./dataset/00001934.jpg,a large crowd of people
./dataset/00001935.jpg,a man in a wheelchair
./dataset/00001936.jpg,a football player throwing a ball on the field
./dataset/00001937.jpg,a football player running with the ball
./dataset/00001938.jpg,a group of young baseball players standing on a field
./dataset/00001939.jpg,a man in a red shirt
./dataset/00001940.jpg,a football game is being played on a field
./dataset/00001941.jpg,a football player running with the ball
./dataset/00001942.jpg,a football player running with the ball
./dataset/00001943.jpg,a group of young men playing football on a field
./dataset/00001944.jpg,a man throwing a football
./dataset/00001945.jpg,a football player running with the ball
./dataset/00001946.jpg,a football player is running with the ball
./dataset/00001947.jpg,a football game with players on the field
./dataset/00001948.jpg,a football game is being played on a field
./dataset/00001949.jpg,a man catching a football
./dataset/00001950.jpg,a football player is standing on the field
./dataset/00001951.jpg,a football player is about to throw the ball
./dataset/00001952.jpg,a football player running on the field
./dataset/00001953.jpg,a football player is walking on the field
./dataset/00001954.jpg,a soccer player is trying to get the ball
./dataset/00001955.jpg,a football game is being played on a field
./dataset/00001956.jpg,a soccer field with a goal in the middle
./dataset/00001957.jpg,a football game with the players on the field
./dataset/00001958.jpg,a football game with players running on the field
./dataset/00001959.jpg,a group of people playing a game of baseball
./dataset/00001960.jpg,a group of people playing a game of football
./dataset/00001961.jpg,a woman is walking on a yellow line
./dataset/00001962.jpg,a football game is being played on a field
./dataset/00001963.jpg,a group of young boys playing football on a field
./dataset/00001964.jpg,the marching team at the football game
./dataset/00001965.jpg,the redskins'defense is a big problem
./dataset/00001966.jpg,a football field
./dataset/00001967.jpg,a football game is being played on a field
./dataset/00001968.jpg,a football game with a player running the ball
./dataset/00001969.jpg,"usc stadium, section 2, row 2, seat 10"
./dataset/00001970.jpg,a stadium full of people
./dataset/00001971.jpg,a football player is standing on the field
./dataset/00001972.jpg,a group of young people playing football on a field
./dataset/00001973.jpg,a football player is tackled by a player
./dataset/00001974.jpg,madden's gameday - madden's gameday - madden's gameday
./dataset/00001975.jpg,patriots quarterback tom brady running for a touchdown
./dataset/00001976.jpg,a football player running with the ball
./dataset/00001977.jpg,the carolinas running the ball during a game
./dataset/00001978.jpg,a group of people playing a game of fr fr fr fr fr fr fr fr fr fr fr
./dataset/00001979.jpg,a football game is being played
./dataset/00001980.jpg,a football game is being played on a field
./dataset/00001981.jpg,a group of young boys playing football on a field
./dataset/00001982.jpg,a football game with a crowd of people
./dataset/00001983.jpg,a football player is holding a football
./dataset/00001984.jpg,a football player running with the ball
./dataset/00001985.jpg,a soccer game is being played in a stadium
./dataset/00001986.jpg,the football field at the university of michigan
./dataset/00001987.jpg,a football player running with the ball
./dataset/00001988.jpg,a football game
./dataset/00001989.jpg,a football field
./dataset/00001990.jpg,a stadium with a football field and a crowd
./dataset/00001991.jpg,the football player is trying to get the ball
./dataset/00001992.jpg,a football game is being played on the field
./dataset/00001993.jpg,a football player running with the ball
./dataset/00001994.jpg,a man in a uniform
./dataset/00001995.jpg,a football game with players on the field
./dataset/00001996.jpg,a football game is being played on the field
./dataset/00001997.jpg,a football player about to throw the ball
./dataset/00001998.jpg,a football game is being played on the field
./dataset/00001999.jpg,a football game is being played on the field
./dataset/00002000.jpg,a man and woman are posing for a picture
./dataset/00002001.jpg,a soccer field with a crowd of people watching
./dataset/00002002.jpg,a person is flying a kite on a field
./dataset/00002003.jpg,a football player throwing a ball
./dataset/00002004.jpg,a football game is being played in a stadium
./dataset/00002005.jpg,a football game is being played
./dataset/00002006.jpg,a large crowd of people
./dataset/00002007.jpg,a man is standing on a small cart
./dataset/00002008.jpg,the football field at the university of georgia
./dataset/00002009.jpg,a football game is being played on the field
./dataset/00002010.jpg,a football player running with the ball
./dataset/00002011.jpg,a group of people standing on a field
./dataset/00002012.jpg,a football game with many people on the field
./dataset/00002013.jpg,the stadium in the 1950s
./dataset/00002014.jpg,the carolina panthers practice at the university of north carolina
./dataset/00002015.jpg,a football player is running with the ball
./dataset/00002016.jpg,the stadium is empty and empty
./dataset/00002017.jpg,a football player running with the ball
./dataset/00002018.jpg,a football game
./dataset/00002019.jpg,a man and a woman sitting in a stadium
./dataset/00002020.jpg,a group of people running on a field
./dataset/00002021.jpg,a football game
./dataset/00002022.jpg,a football game is being played on the field
./dataset/00002023.jpg,the new england patriots are ready to play in the nfl game
./dataset/00002024.jpg,a stadium filled with people
./dataset/00002025.jpg,a football player running with the ball
./dataset/00002026.jpg,a stadium filled with fans
./dataset/00002027.jpg,a woman sitting in a stadium with a football field
./dataset/00002028.jpg,a football game with a player running the ball
./dataset/00002029.jpg,a football player running with the ball
./dataset/00002030.jpg,a stadium with a football field and a field
./dataset/00002031.jpg,a group of people playing a game of fr fr fr fr fr fr fr fr fr fr fr
./dataset/00002032.jpg,a football player running with the ball
./dataset/00002033.jpg,a large stadium
./dataset/00002034.jpg,a man taking a picture of a football game
./dataset/00002035.jpg,a football game is being played on a field
./dataset/00002036.jpg,a boat in the water
./dataset/00002037.jpg,a soccer player is running after the ball
./dataset/00002038.jpg,a football game with the opposing
./dataset/00002039.jpg,two men standing on a field
./dataset/00002040.jpg,a football game is being played
./dataset/00002041.jpg,a football game is being played on a field
./dataset/00002042.jpg,the view from the upper deck of soldier stadium
./dataset/00002043.jpg,two men playing soccer on a field
./dataset/00002044.jpg,a group of people standing on a field
./dataset/00002045.jpg,a football game is being played
./dataset/00002046.jpg,a football game is being played on the field
./dataset/00002047.jpg,a view of the field from the stands at the football game
./dataset/00002048.jpg,a football game is being played on the field
./dataset/00002049.jpg,the football team is running on the field
./dataset/00002050.jpg,a football game in a stadium with fans watching
./dataset/00002051.jpg,a football game is being played in a stadium
./dataset/00002052.jpg,the football team is walking onto the field
./dataset/00002053.jpg,a football player is running with the ball
./dataset/00002054.jpg,a football game with a large crowd
./dataset/00002055.jpg,a group of people in yellow uniforms
./dataset/00002056.jpg,a football field
./dataset/00002057.jpg,a football player is running with the ball
./dataset/00002058.jpg,a football player is running with the ball
./dataset/00002059.jpg,a football game is being played on a field
./dataset/00002060.jpg,the stadium is full of fans
./dataset/00002061.jpg,a group of young children playing a game of football
./dataset/00002062.jpg,a soccer game with a referee and players
./dataset/00002063.jpg,the football players are celebrating
./dataset/00002064.jpg,a football game is shown on a tv screen
./dataset/00002065.jpg,a football player running with the ball
./dataset/00002066.jpg,a football player is jumping in the air
./dataset/00002067.jpg,a football stadium filled with fans and a football field
./dataset/00002068.jpg,the giants are playing in the nfl game
./dataset/00002069.jpg,a football player running with the ball
./dataset/00002070.jpg,a football player jumps to catch the ball
./dataset/00002071.jpg,a football game is being played on the field
./dataset/00002072.jpg,the football player is about to throw the ball
./dataset/00002073.jpg,a football player running with the ball
./dataset/00002074.jpg,a football game is being played on a field
./dataset/00002075.jpg,a football player running with the ball
./dataset/00002076.jpg,the stadium is full of fans
./dataset/00002077.jpg,a football game with players on the field
./dataset/00002078.jpg,a football player is trying to catch the ball
./dataset/00002079.jpg,a football player is running with the ball
./dataset/00002080.jpg,a baseball field
./dataset/00002081.jpg,a football player running with the ball
./dataset/00002082.jpg,a soccer field with a soccer goal and a soccer field
./dataset/00002083.jpg,a man in a blue uniform
./dataset/00002084.jpg,the football field at the university of michigan
./dataset/00002085.jpg,a football game
./dataset/00002086.jpg,a group of people standing on a field
./dataset/00002087.jpg,a football player is getting ready to kick the ball
./dataset/00002088.jpg,a football game is being played on the field
./dataset/00002089.jpg,a football game is being played on the field
./dataset/00002090.jpg,a football player is running with the ball
./dataset/00002091.jpg,a group of people watching a soccer game
./dataset/00002092.jpg,the stadium is full of fans and flags
./dataset/00002093.jpg,the football field at michigan stadium
./dataset/00002094.jpg,a football player running with the ball
./dataset/00002095.jpg,a woman is standing on the grass
./dataset/00002096.jpg,a football player is getting ready to run the ball
./dataset/00002097.jpg,a football game is being played on the field
./dataset/00002098.jpg,a group of soccer players playing a game
./dataset/00002099.jpg,a football game
./dataset/00002100.jpg,a man is standing in a flooded stadium
./dataset/00002101.jpg,a football stadium
./dataset/00002102.jpg,the football team poses for a photo
./dataset/00002103.jpg,a man throwing a football
./dataset/00002104.jpg,a football game with players on the field
./dataset/00002105.jpg,a football game is being played on a field
./dataset/00002106.jpg,the carolinas running the ball during a game
./dataset/00002107.jpg,a football game with the opposing running
./dataset/00002108.jpg,a football player running with the ball
./dataset/00002109.jpg,the stadium at lucas field
./dataset/00002110.jpg,a football player throwing a ball on a field
./dataset/00002111.jpg,a man in a black uniform
./dataset/00002112.jpg,a group of people playing soccer on a field
./dataset/00002113.jpg,a football game in a stadium with fans
./dataset/00002114.jpg,the football team is standing on the field
./dataset/00002115.jpg,a football game is being played on a field
./dataset/00002116.jpg,the football team is playing on the field
./dataset/00002117.jpg,a football game is being played on the field
./dataset/00002118.jpg,a football game with a player running the ball
./dataset/00002119.jpg,a group of young children standing on a field
./dataset/00002120.jpg,a man in a black shirt
./dataset/00002121.jpg,a group of young football players standing on a field
./dataset/00002122.jpg,a football game is being played on the field
./dataset/00002123.jpg,a band of people standing on a field
./dataset/00002124.jpg,the view from the top of the rockefeller rockefeller building
./dataset/00002125.jpg,a football game with players on the field
./dataset/00002126.jpg,a football player is running with the ball
./dataset/00002127.jpg,a group of young boys standing on a field
./dataset/00002128.jpg,a man throwing a football
./dataset/00002129.jpg,a football game is being played in a stadium
./dataset/00002130.jpg,a field with a soccer goal and a soccer field
./dataset/00002131.jpg,the new stadium at the university of michigan
./dataset/00002132.jpg,a football game with players on the field
./dataset/00002133.jpg,a football game with a crowd watching
./dataset/00002134.jpg,a football player is running for the ball
./dataset/00002135.jpg,a football game is being played on a field
./dataset/00002136.jpg,the football team is celebrating their victory
./dataset/00002137.jpg,a view of a football stadium from a window
./dataset/00002138.jpg,a football game is being played on the field
./dataset/00002139.jpg,a large group of people
./dataset/00002140.jpg,the football stadium in the 1950s
./dataset/00002141.jpg,a stadium with a football field and a field
./dataset/00002142.jpg,the cheer team is performing their routine
./dataset/00002143.jpg,a large stadium
./dataset/00002144.jpg,a group of people
./dataset/00002145.jpg,a football game is being played
./dataset/00002146.jpg,a group of men standing on top of a field
./dataset/00002147.jpg,a soccer game with a crowd watching
./dataset/00002148.jpg,a man holding a football
./dataset/00002149.jpg,a football field with a line and a football field in the background
./dataset/00002150.jpg,the football field at the university of maryland
./dataset/00002151.jpg,a football player is cheering with his team
./dataset/00002152.jpg,a group of young football players hu a coach
./dataset/00002153.jpg,a football field with the numbers 50 and 50 on it
./dataset/00002154.jpg,the football field at the university of wisconsin
./dataset/00002155.jpg,a football game with a player running the ball
./dataset/00002156.jpg,a soccer player in action
./dataset/00002157.jpg,a football player is running with the ball
./dataset/00002158.jpg,a large stadium
./dataset/00002159.jpg,a football player running with the ball
./dataset/00002160.jpg,a man standing in front of a goal post
./dataset/00002161.jpg,a football game is being played on a field
./dataset/00002162.jpg,a group of young football players running on a field
./dataset/00002163.jpg,a group of players
./dataset/00002164.jpg,a view of a city at night from a rooftop
./dataset/00002165.jpg,green bay running back to the end zone
./dataset/00002166.jpg,a football player is jumping in the air
./dataset/00002167.jpg,a football game with a crowd watching
./dataset/00002168.jpg,the players are playing
./dataset/00002169.jpg,a football player is throwing the ball
./dataset/00002170.jpg,a football player running with the ball
./dataset/00002171.jpg,a football game
./dataset/00002172.jpg,a baseball stadium with a crowd watching
./dataset/00002173.jpg,a football player jumping in the air
./dataset/00002174.jpg,a football player running with the ball
./dataset/00002175.jpg,a football field with a line of white numbers
./dataset/00002176.jpg,a football game with a player on the ground
./dataset/00002177.jpg,a football game is being played on a cloudy day
./dataset/00002178.jpg,a football player running with the ball
./dataset/00002179.jpg,a group of girls playing soccer on a field
./dataset/00002180.jpg,a field with a white line
./dataset/00002181.jpg,the green bay packers are ready to play
./dataset/00002182.jpg,a football player running with the ball
./dataset/00002183.jpg,the cleveland browns running backfielder is tackled by the cleveland browns'defense
./dataset/00002184.jpg,a baseball field
./dataset/00002185.jpg,a football player is running with the ball
./dataset/00002186.jpg,michigan wolverines football field
./dataset/00002187.jpg,a football player wearing a helmet
./dataset/00002188.jpg,a football stadium
./dataset/00002189.jpg,a football player running with the ball
./dataset/00002190.jpg,a man throwing a football
./dataset/00002191.jpg,a football player running with the ball
./dataset/00002192.jpg,a football game with players on the field
./dataset/00002193.jpg,a large house with a green roof
./dataset/00002194.jpg,a football field with a football field and a football field
./dataset/00002195.jpg,a football game with a crowd of people
./dataset/00002196.jpg,the band is performing on the field
./dataset/00002197.jpg,a football game is being played
./dataset/00002198.jpg,a red stadium
./dataset/00002199.jpg,the view from the end zone at penn field
./dataset/00002200.jpg,a football game is being played on the field
./dataset/00002201.jpg,a football player is running with the ball
./dataset/00002202.jpg,a football game with a player running the ball
./dataset/00002203.jpg,fans cheering at a football game
./dataset/00002204.jpg,a football game with a player running the ball
./dataset/00002205.jpg,a football game is being played in a stadium
./dataset/00002206.jpg,a football player is standing on the field
./dataset/00002207.jpg,a group of people playing frc
./dataset/00002208.jpg,a group of young boys standing on a field
./dataset/00002209.jpg,a football game is being played on the field
./dataset/00002210.jpg,a football player running with the ball
./dataset/00002211.jpg,a football game is being played
./dataset/00002212.jpg,a man in a white shirt
./dataset/00002213.jpg,a football game is being played on the field
./dataset/00002214.jpg,the football team is standing on the field
./dataset/00002215.jpg,a football player is running with the ball
./dataset/00002216.jpg,the football team is standing on the field
./dataset/00002217.jpg,a football game with players running on the field
./dataset/00002218.jpg,a young man holding a football in front of a school
./dataset/00002219.jpg,a football player is about to throw the ball
./dataset/00002220.jpg,a man in a red and white uniform
./dataset/00002221.jpg,a man throwing a football in a field
./dataset/00002222.jpg,a football player running with the ball
./dataset/00002223.jpg,a soccer field with red seats and white stands
./dataset/00002224.jpg,a soccer player is running after the ball
./dataset/00002225.jpg,a football game is being played on the field
./dataset/00002226.jpg,the ravens are playing in the nfl game
./dataset/00002227.jpg,a football player is tackled by two defenders
./dataset/00002228.jpg,"the penn football team practices drills during practice at penn stadium on friday, aug 14, 2012"
./dataset/00002229.jpg,a football player running with the ball
./dataset/00002230.jpg,a large crowd of people on a field
./dataset/00002231.jpg,a soccer stadium
./dataset/00002232.jpg,a football player running with the ball
./dataset/00002233.jpg,a woman in a blue shirt is on the field
./dataset/00002234.jpg,a football game with the ball in the air
./dataset/00002235.jpg,a group of soccer players standing on a field
./dataset/00002236.jpg,the purdue football team walks out the field
./dataset/00002237.jpg,a man on a football field with a helmet
./dataset/00002238.jpg,a football game
./dataset/00002239.jpg,the usc football team is playing in a game
./dataset/00002240.jpg,a football game with the players running for the ball
./dataset/00002241.jpg,a football game with the players on the field
./dataset/00002242.jpg,the players are jumping
./dataset/00002243.jpg,the player is wearing a helmet
./dataset/00002244.jpg,a group of men standing on top of a soccer field
./dataset/00002245.jpg,the president walks on the field at the nfl stadium
./dataset/00002246.jpg,a man in a uniform
./dataset/00002247.jpg,a football player running with the ball
./dataset/00002248.jpg,ncaa football 2012 screenshots
./dataset/00002249.jpg,the american flag is being carried by the crowd
./dataset/00002250.jpg,the football team is getting ready to run
./dataset/00002251.jpg,the football team is celebrating after a play
./dataset/00002252.jpg,a football game is being played on the field
./dataset/00002253.jpg,a man running with a football on a field
./dataset/00002254.jpg,a football game is being played on a field
./dataset/00002255.jpg,a stadium with a red track and a blue sky
./dataset/00002256.jpg,the football field at purdue stadium
./dataset/00002257.jpg,a football game with a player running the ball
./dataset/00002258.jpg,the cheer team performs during the game
./dataset/00002259.jpg,a group of people watching a football game
./dataset/00002260.jpg,the view from the end zone at met stadium
./dataset/00002261.jpg,a football player is trying to catch the ball
./dataset/00002262.jpg,a football game is being played on a field
./dataset/00002263.jpg,a large indoor sports field
./dataset/00002264.jpg,a football game with players running on the field
./dataset/00002265.jpg,a football player running with the ball
./dataset/00002266.jpg,a football game is being played on a field
./dataset/00002267.jpg,the player is running
./dataset/00002268.jpg,a football field with a white line and a green field
./dataset/00002269.jpg,a football player throwing a ball
./dataset/00002270.jpg,a football field
./dataset/00002271.jpg,a football stadium
./dataset/00002272.jpg,a group of men playing soccer on a field
./dataset/00002273.jpg,the football team practices for practice
./dataset/00002274.jpg,a soccer field
./dataset/00002275.jpg,a group of people playing a game of football
./dataset/00002276.jpg,a football game is being played on the field
./dataset/00002277.jpg,green bay packers wide receiver aaron mc
./dataset/00002278.jpg,a soccer field
./dataset/00002279.jpg,a football game with a player on the field
./dataset/00002280.jpg,a young man in a football uniform holding a ball
./dataset/00002281.jpg,a soccer field
./dataset/00002282.jpg,a football game with a player in the middle of the field
./dataset/00002283.jpg,a man running with a football
./dataset/00002284.jpg,a woman in a bikini holding a football
./dataset/00002285.jpg,a large crowd of people
./dataset/00002286.jpg,a large stadium
./dataset/00002287.jpg,a football game with a player running for the ball
./dataset/00002288.jpg,the football field at the university of michigan
./dataset/00002289.jpg,the new york patriots stadium
./dataset/00002290.jpg,a large indoor sports field
./dataset/00002291.jpg,a football game is being played on the field
./dataset/00002292.jpg,a group of young boys playing football
./dataset/00002293.jpg,a field with a house in the background
./dataset/00002294.jpg,a football player running with the ball
./dataset/00002295.jpg,a football player is about to throw the ball
./dataset/00002296.jpg,a group of people standing on a field
./dataset/00002297.jpg,a crowd of people watching a baseball game
./dataset/00002298.jpg,a football player is standing on the field
./dataset/00002299.jpg,a football player running on a field
./dataset/00002300.jpg,a football game is being played on the field
./dataset/00002301.jpg,a football game is being played on the field
./dataset/00002302.jpg,a soccer game is being played on the field
./dataset/00002303.jpg,a man in a uniform
./dataset/00002304.jpg,a football player running with the ball
./dataset/00002305.jpg,a football player is running with the ball
./dataset/00002306.jpg,the seahawks players are running on the field
./dataset/00002307.jpg,a football game with the players on the field
./dataset/00002308.jpg,a football field
./dataset/00002309.jpg,a football player running with the ball
./dataset/00002310.jpg,a map of the proposed football field
./dataset/00002311.jpg,a crowd of people watching a football game
./dataset/00002312.jpg,a football game is being played
./dataset/00002313.jpg,a football player is kneeling on the field
./dataset/00002314.jpg,a referee is talking to a referee on the field
./dataset/00002315.jpg,a football player is running with the ball
./dataset/00002316.jpg,a group of people playing soccer on a field
./dataset/00002317.jpg,the football team is playing on the field
./dataset/00002318.jpg,a group of people playing a game of football
./dataset/00002319.jpg,a soccer field with a crowd of people watching
./dataset/00002320.jpg,the washington redskins line up against the washington redskins
./dataset/00002321.jpg,the football field at the university of missouri
./dataset/00002322.jpg,the cheer team performs during the game
./dataset/00002323.jpg,a man kneeling down on a field
./dataset/00002324.jpg,a stadium full of people
./dataset/00002325.jpg,a football game with a player running the ball
./dataset/00002326.jpg,the referee is shown by the referee's hands as he is shown by the referee's
./dataset/00002327.jpg,a football game with players running and playing
./dataset/00002328.jpg,a football game in the stadium
./dataset/00002329.jpg,a football player is making a tackle
./dataset/00002330.jpg,a football stadium with a large crowd
./dataset/00002331.jpg,a group of men playing soccer on a field
./dataset/00002332.jpg,the cheer team sings for the crowd
./dataset/00002333.jpg,a group of people walking across a field
./dataset/00002334.jpg,a man in a uniform
./dataset/00002335.jpg,a cheer team is performing a stunt on the field
./dataset/00002336.jpg,a football player is throwing a ball
./dataset/00002337.jpg,a football player is running with the ball
./dataset/00002338.jpg,a vintage photo of a football game
./dataset/00002339.jpg,a football player is running with the ball
./dataset/00002340.jpg,a football player is running with the ball
./dataset/00002341.jpg,a baseball player is standing on the field
./dataset/00002342.jpg,a football game with a player running the ball
./dataset/00002343.jpg,a group of people in a stadium
./dataset/00002344.jpg,a woman in a cheer uniform
./dataset/00002345.jpg,a large crowd of people
./dataset/00002346.jpg,a football player is running with the ball
./dataset/00002347.jpg,a group of people playing frc
./dataset/00002348.jpg,a football player running with the ball
./dataset/00002349.jpg,the football field at the university of michigan
./dataset/00002350.jpg,a football game is being played on the field
./dataset/00002351.jpg,a football player is throwing the ball
./dataset/00002352.jpg,a football game
./dataset/00002353.jpg,a football game with a player running the ball
./dataset/00002354.jpg,a football player running with the ball
./dataset/00002355.jpg,a football player walking on the field
./dataset/00002356.jpg,a soccer player kicking a soccer ball
./dataset/00002357.jpg,a soccer game with a player kicking the ball
./dataset/00002358.jpg,a football game is being played on a field
./dataset/00002359.jpg,a football game with fans and a crowd
./dataset/00002360.jpg,a girl in a white shirt
./dataset/00002361.jpg,a football player is running with the ball
./dataset/00002362.jpg,a football game with a player throwing a ball
./dataset/00002363.jpg,a football game with players on the field
./dataset/00002364.jpg,a football player running with the ball
./dataset/00002365.jpg,a football player is getting ready to kick the ball
./dataset/00002366.jpg,a football game is being played on the field
./dataset/00002367.jpg,a football game is being played in a stadium
./dataset/00002368.jpg,a stadium filled with people
./dataset/00002369.jpg,usc football players walking onto the field
./dataset/00002370.jpg,a group of people playing soccer on a field
./dataset/00002371.jpg,a football player is shaking another player
./dataset/00002372.jpg,a football field
./dataset/00002373.jpg,a football game is being played on the field
./dataset/00002374.jpg,a football player is jumping in the air
./dataset/00002375.jpg,a football game is being played on the field
./dataset/00002376.jpg,green bay packers quarterback aaron mc
./dataset/00002377.jpg,a football game with the ball in the air
./dataset/00002378.jpg,a man is standing on a ladder
./dataset/00002379.jpg,a stadium filled with people
./dataset/00002380.jpg,the crowd at the stadium cheering for the football team
./dataset/00002381.jpg,a football player is diving for a ball
./dataset/00002382.jpg,a girl is playing soccer on a field
./dataset/00002383.jpg,the football field at the school
./dataset/00002384.jpg,a football player is running with the ball
./dataset/00002385.jpg,a football player is on the field
./dataset/00002386.jpg,a group of people playing soccer on a field
./dataset/00002387.jpg,a field with a soccer field and a soccer goal
./dataset/00002388.jpg,the bengals are playing in the nfl game
./dataset/00002389.jpg,a rugby player is trying to get the ball
./dataset/00002390.jpg,a football player running with the ball
./dataset/00002391.jpg,a football player running
./dataset/00002392.jpg,a football field with people on it
./dataset/00002393.jpg,a group of people playing hockey on a rink
./dataset/00002394.jpg,a football player running with the ball
./dataset/00002395.jpg,a blue and white field
./dataset/00002396.jpg,a football game is being played on the field
./dataset/00002397.jpg,the football field
./dataset/00002398.jpg,the stadium was full of fans
./dataset/00002399.jpg,the stadium at penn state
./dataset/00002400.jpg,a football player running with the ball
./dataset/00002401.jpg,the marching team performs at the football game
./dataset/00002402.jpg,a football game is being played on a field
./dataset/00002403.jpg,the seahawks's offense is not the only way to make it
./dataset/00002404.jpg,a field with a light on it at night
./dataset/00002405.jpg,a football player running with the ball
./dataset/00002406.jpg,a soccer game is being played in a stadium
./dataset/00002407.jpg,the broncos'defense is on the line
./dataset/00002408.jpg,a football game with a player running the ball
./dataset/00002409.jpg,a football field
./dataset/00002410.jpg,a football player running with the ball
./dataset/00002411.jpg,the football team poses for a photo after winning the championship
./dataset/00002412.jpg,a football player is holding a football
./dataset/00002413.jpg,the stadium at lucas field
./dataset/00002414.jpg,a group of people standing on a field
./dataset/00002415.jpg,the football player is about to throw the ball
./dataset/00002416.jpg,a football player is about to throw the ball
./dataset/00002417.jpg,a football player running with the ball
./dataset/00002418.jpg,a group of people playing football on a field
./dataset/00002419.jpg,a band is playing on the field
./dataset/00002420.jpg,a group of people playing a game of fr fr fr fr fr fr fr fr fr fr fr
./dataset/00002421.jpg,a football stadium filled with people and fans
./dataset/00002422.jpg,two men playing soccer
./dataset/00002423.jpg,a football player running with the ball
./dataset/00002424.jpg,a group of young men playing a game of football
./dataset/00002425.jpg,a group of people playing a game of football
./dataset/00002426.jpg,a football game with a player running the ball
./dataset/00002427.jpg,"the sun sets over the field at sun bowl stadium in sun valley, calif"
./dataset/00002428.jpg,a football player running with the ball
./dataset/00002429.jpg,a football game with a player on the field
./dataset/00002430.jpg,a football game with a referee on the field
./dataset/00002431.jpg,a group of young football players playing a game
./dataset/00002432.jpg,a group of young football players running on a field
./dataset/00002433.jpg,a baseball player is sliding into home plate
./dataset/00002434.jpg,the football field at heinz stadium
./dataset/00002435.jpg,a man in a helmet holding a football
./dataset/00002436.jpg,the football stadium in the city of denver
./dataset/00002437.jpg,the football players are playing on the field
./dataset/00002438.jpg,a football player running with the ball
./dataset/00002439.jpg,a football stadium
./dataset/00002440.jpg,a football game with a referee and referee
./dataset/00002441.jpg,a football player is running with the ball
./dataset/00002442.jpg,a football player is tackled by a player
./dataset/00002443.jpg,a football game is being played on the field
./dataset/00002444.jpg,a stadium with a lot of people sitting on the blea
./dataset/00002445.jpg,a group of people playing a game of football
./dataset/00002446.jpg,a football player running with the ball
./dataset/00002447.jpg,a football field with a number 20 on it
./dataset/00002448.jpg,a stadium with a green field and a blue sky
./dataset/00002449.jpg,a baseball field
./dataset/00002450.jpg,a football player running with the ball
./dataset/00002451.jpg,the new orleans saints line up before the game
./dataset/00002452.jpg,the football field at the university of michigan
./dataset/00002453.jpg,the titans celebrate their win
./dataset/00002454.jpg,a group of men playing soccer on a field
./dataset/00002455.jpg,a football game is being played on the field
./dataset/00002456.jpg,a football player is tackled by another player
./dataset/00002457.jpg,a football game is being played on the field
./dataset/00002458.jpg,a football player in a black and white uniform
./dataset/00002459.jpg,a football game is being played on the field
./dataset/00002460.jpg,the pittsburgh steelers celebrate after a touchdown
./dataset/00002461.jpg,a football game is being played
./dataset/00002462.jpg,a football player running with the ball
./dataset/00002463.jpg,a football player running with the ball
./dataset/00002464.jpg,a football game is being played on the field
./dataset/00002465.jpg,a crowd of people watching a soccer game
./dataset/00002466.jpg,a stadium with a lot of people
./dataset/00002467.jpg,a football player is about to throw the ball
./dataset/00002468.jpg,a football player is running with the ball
./dataset/00002469.jpg,a group of people playing a game of roller skate
./dataset/00002470.jpg,a football game with a player running the ball
./dataset/00002471.jpg,the stadium at the university of michigan
./dataset/00002472.jpg,a football game is being played on the field
./dataset/00002473.jpg,a soccer field
./dataset/00002474.jpg,a football game is being played on the field
./dataset/00002475.jpg,a football player running with the ball
./dataset/00002476.jpg,the football players are playing a game
./dataset/00002477.jpg,a man throwing a football
./dataset/00002478.jpg,the football team is walking onto the field
./dataset/00002479.jpg,a football game with a player running for the ball
./dataset/00002480.jpg,the seahawks players are walking on the field
./dataset/00002481.jpg,a man in a uniform
./dataset/00002482.jpg,a football player is running with the ball
./dataset/00002483.jpg,a young boy wearing a helmet and holding a football
./dataset/00002484.jpg,the green bay packers are playing a game
./dataset/00002485.jpg,a football game is being played on the field
./dataset/00002486.jpg,a soccer player kicking a soccer ball
./dataset/00002487.jpg,a football game with the green bay packers
./dataset/00002488.jpg,a football player catching a ball on the field
./dataset/00002489.jpg,a group of kids playing soccer on a field
./dataset/00002490.jpg,a football game
./dataset/00002491.jpg,a crowd of people at a football game
./dataset/00002492.jpg,a football game with a player running the ball
./dataset/00002493.jpg,the football team is running on the field
./dataset/00002494.jpg,a man standing in front of a soccer field
./dataset/00002495.jpg,a football player is tackled by several other players
./dataset/00002496.jpg,a football stadium
./dataset/00002497.jpg,a group of people on a field playing football
./dataset/00002498.jpg,the football team is celebrating after a play
./dataset/00002499.jpg,a large stadium
./dataset/00002500.jpg,a man in a uniform
./dataset/00002501.jpg,the seahawks football team is playing on the field
./dataset/00002502.jpg,the football field at the university of michigan
./dataset/00002503.jpg,a group of young men playing football on a field
./dataset/00002504.jpg,a football field
./dataset/00002505.jpg,a baseball field
./dataset/00002506.jpg,a football player running on the field
./dataset/00002507.jpg,a football game is being played on the field
./dataset/00002508.jpg,a football player running with the ball
./dataset/00002509.jpg,a football game with a crowd watching
./dataset/00002510.jpg,a man kneeling on the ground
./dataset/00002511.jpg,a football game being played on a field
./dataset/00002512.jpg,a football player running with the ball
./dataset/00002513.jpg,a football player is running with the ball
./dataset/00002514.jpg,a football game is being played on the field
./dataset/00002515.jpg,a football player is running with the ball
./dataset/00002516.jpg,a football game is being played on the field
./dataset/00002517.jpg,a man in a uniform
./dataset/00002518.jpg,a football player running with the ball
./dataset/00002519.jpg,the new football stadium in the city of minneapolis
./dataset/00002520.jpg,a football player is tackled by a defender
./dataset/00002521.jpg,a woman in a maroon and gold outfit is dancing
./dataset/00002522.jpg,a football game is being played on the field
./dataset/00002523.jpg,a black and white photo of a football field
./dataset/00002524.jpg,a man is playing soccer on a field
./dataset/00002525.jpg,the team of the gambias pose for a photo
./dataset/00002526.jpg,the stadium is empty
./dataset/00002527.jpg,a soccer game is being played on a field
./dataset/00002528.jpg,the stadium is full of fans
./dataset/00002529.jpg,a football player is trying to get the ball
./dataset/00002530.jpg,a football game is being played on the field
./dataset/00002531.jpg,a football game with players on the field
./dataset/00002532.jpg,the football team is on the field
./dataset/00002533.jpg,the football team is standing on the field
./dataset/00002534.jpg,a man in a helmet talking to a football team
./dataset/00002535.jpg,the green bay packers line up for a play
./dataset/00002536.jpg,a football game is being played on the field
./dataset/00002537.jpg,a football game is being played on a field
./dataset/00002538.jpg,a man running with a football
./dataset/00002539.jpg,a soccer field at night
./dataset/00002540.jpg,a man in a black suit is throwing a football
./dataset/00002541.jpg,a football player is running with the ball
./dataset/00002542.jpg,a group of football players standing on a field
./dataset/00002543.jpg,a football player running with the ball
./dataset/00002544.jpg,a football game is being played on the field
./dataset/00002545.jpg,a group of people playing football on a field
./dataset/00002546.jpg,a crowd of people sitting in a field
./dataset/00002547.jpg,a football game is being played on the field
./dataset/00002548.jpg,a soccer field with a goal and a goal post
./dataset/00002549.jpg,a group of football players
./dataset/00002550.jpg,two players standing on the field
./dataset/00002551.jpg,a football player is running with the ball
./dataset/00002552.jpg,the football team is celebrating their victory
./dataset/00002553.jpg,a group of football players
./dataset/00002554.jpg,a group of men playing soccer on a field
./dataset/00002555.jpg,the bears celebrate after a touchdown
./dataset/00002556.jpg,a football game with a referee and players
./dataset/00002557.jpg,a group of young men playing a game of football
./dataset/00002558.jpg,a baseball field
./dataset/00002559.jpg,a football game with a player running with the ball
./dataset/00002560.jpg,a man kneeling on the field
./dataset/00002561.jpg,the new england patriots play against the new england patriots in the afc super bowl game
./dataset/00002562.jpg,an aerial view of the football stadium
./dataset/00002563.jpg,the football game is being played
./dataset/00002564.jpg,a football game is being played on the field
./dataset/00002565.jpg,a man catching a football
./dataset/00002566.jpg,the field at the school
./dataset/00002567.jpg,a stadium with a red track and green grass
./dataset/00002568.jpg,a football player catching a ball on the field
./dataset/00002569.jpg,a football game with a referee and a referee
./dataset/00002570.jpg,a football game is being played on the field
./dataset/00002571.jpg,the new england football team is introduced at gill stadium
./dataset/00002572.jpg,a football player running with a ball
./dataset/00002573.jpg,a group of young people playing football on a field
./dataset/00002574.jpg,the titans are playing in the nfl game
./dataset/00002575.jpg,a group of people standing on a field
./dataset/00002576.jpg,a band marching on a football field
./dataset/00002577.jpg,the broncos stadium
./dataset/00002578.jpg,a football field with a line on it
./dataset/00002579.jpg,a group of young football players running on a field
./dataset/00002580.jpg,a football player is running on the field
./dataset/00002581.jpg,a grassy field
./dataset/00002582.jpg,a crowd of people watching a baseball game
./dataset/00002583.jpg,a man kicking a soccer ball on a field
./dataset/00002584.jpg,a football player is about to throw the ball
./dataset/00002585.jpg,a soccer game is being played on the field
./dataset/00002586.jpg,a field with a score board and a football field
./dataset/00002587.jpg,the new orleans saints are the only team in the nfl draft lottery
./dataset/00002588.jpg,the players are sitting on the bench
./dataset/00002589.jpg,a young boy running with a football
./dataset/00002590.jpg,the football team is in the stands at the end of the field
./dataset/00002591.jpg,a soccer player is trying to get the ball
./dataset/00002592.jpg,the tennessee stadium
./dataset/00002593.jpg,a group of people playing a game of football
./dataset/00002594.jpg,a football field
./dataset/00002595.jpg,the michigan wolverines football team is seen in this file photo
./dataset/00002596.jpg,a football game with a group of players on the field
./dataset/00002597.jpg,a football player running with the ball
./dataset/00002598.jpg,a man throwing a football
./dataset/00002599.jpg,a football player kneeling on the field
./dataset/00002600.jpg,a football game is being played on a field
./dataset/00002601.jpg,a group of people playing a game of fr frc
./dataset/00002602.jpg,a soccer field
./dataset/00002603.jpg,a football game is being played on the field
./dataset/00002604.jpg,a football player running with the ball
./dataset/00002605.jpg,the football players are playing on the field
./dataset/00002606.jpg,a woman throwing a ball on a field
./dataset/00002607.jpg,a football game is being played on the field
./dataset/00002608.jpg,a football game with a player running for the ball
./dataset/00002609.jpg,a football game is being played on a field
./dataset/00002610.jpg,a man holding a trophy in front of a crowd
./dataset/00002611.jpg,the football players are running with the ball
./dataset/00002612.jpg,a man wearing a helmet
./dataset/00002613.jpg,a man in a black suit riding a motorcycle
./dataset/00002614.jpg,a football game is being played on the field
./dataset/00002615.jpg,a football stadium
./dataset/00002616.jpg,a baseball player is getting ready to hit the ball
./dataset/00002617.jpg,the olympic stadium in london
./dataset/00002618.jpg,a football player running with the ball
./dataset/00002619.jpg,a group of people playing a game of football
./dataset/00002620.jpg,a football player is running with the ball
./dataset/00002621.jpg,a football game is being played on the field
./dataset/00002622.jpg,a man running with a football
./dataset/00002623.jpg,a football player is running with the ball
./dataset/00002624.jpg,the broncos football team is playing in the nfl game
./dataset/00002625.jpg,the bears are playing in the nfl game
./dataset/00002626.jpg,a football game is being played on the field
./dataset/00002627.jpg,a group of men standing on a soccer field
./dataset/00002628.jpg,a football player running with the ball
./dataset/00002629.jpg,a football game with the opposing
./dataset/00002630.jpg,the new gill field
./dataset/00002631.jpg,a man standing in front of a stadium
./dataset/00002632.jpg,a young boy in a red jersey is running with a football
./dataset/00002633.jpg,a group of people playing a game of soccer
./dataset/00002634.jpg,a young boy running with a football ball
./dataset/00002635.jpg,a football stadium
./dataset/00002636.jpg,the football team is walking off the field
./dataset/00002637.jpg,the band is standing on the field
./dataset/00002638.jpg,the football team is getting ready to run
./dataset/00002639.jpg,a football player running with the ball
./dataset/00002640.jpg,two men holding a football ball
./dataset/00002641.jpg,a view of a stadium from a plane
./dataset/00002642.jpg,a football game is being played
./dataset/00002643.jpg,a football game is being played on the field
./dataset/00002644.jpg,a football field with a number on it
./dataset/00002645.jpg,a soccer field with a fence and trees
./dataset/00002646.jpg,a soccer field with a goal and a goal
./dataset/00002647.jpg,the team at the stadium after their game
./dataset/00002648.jpg,a football player running on the field
./dataset/00002649.jpg,a group of men playing a game of rugby
./dataset/00002650.jpg,a group of people standing on a field
./dataset/00002651.jpg,a football player running with the ball
./dataset/00002652.jpg,the redskins'defense is a big problem
./dataset/00002653.jpg,a football game with a player about to throw the ball
./dataset/00002654.jpg,a football game is being played in a stadium
./dataset/00002655.jpg,a man running with a football
./dataset/00002656.jpg,a football player is running with the ball
./dataset/00002657.jpg,a man running with a football
./dataset/00002658.jpg,the washington redskins running on the field
./dataset/00002659.jpg,a football game with players on the field
./dataset/00002660.jpg,a football game is being played on the field
./dataset/00002661.jpg,a woman in a green uniform
./dataset/00002662.jpg,a football player running with the ball
./dataset/00002663.jpg,the cheerleaders perform before the game
./dataset/00002664.jpg,a grassy field with a house in the background
./dataset/00002665.jpg,the usc marching team is seen in this aerial photo
./dataset/00002666.jpg,a soccer game with a crowd watching
./dataset/00002667.jpg,a baseball player is hugging another player
./dataset/00002668.jpg,a football game is being played on a cloudy day
./dataset/00002669.jpg,the players are wearing helmets
./dataset/00002670.jpg,a soccer game is being played in a stadium
./dataset/00002671.jpg,a football game with a player running for the ball
./dataset/00002672.jpg,a cheerleader performs during the game
./dataset/00002673.jpg,a group of men playing a game of football
./dataset/00002674.jpg,a football game with the opposing running
./dataset/00002675.jpg,a football field with a football field and a football field
./dataset/00002676.jpg,a football player running with the ball
./dataset/00002677.jpg,a football game with a player running the ball
./dataset/00002678.jpg,a group of young boys playing a game of football
./dataset/00002679.jpg,a football player is about to throw the ball
./dataset/00002680.jpg,a football player running with the ball
./dataset/00002681.jpg,a football stadium
./dataset/00002682.jpg,a football player catching a ball
./dataset/00002683.jpg,a football game in a stadium with a crowd watching
./dataset/00002684.jpg,a stadium with a field and a baseball field
./dataset/00002685.jpg,a football field
./dataset/00002686.jpg,a soccer stadium
./dataset/00002687.jpg,a football player running with a ball in his hand
./dataset/00002688.jpg,a soccer game is being played in a stadium
./dataset/00002689.jpg,a football player running with the ball
./dataset/00002690.jpg,a football stadium
./dataset/00002691.jpg,a crowd of people
./dataset/00002692.jpg,a football player is running with the ball
./dataset/00002693.jpg,a football game is being played on the field
./dataset/00002694.jpg,the broncos's defense is a big problem
./dataset/00002695.jpg,the football stadium in the university of wisconsin
./dataset/00002696.jpg,a football game with a crowd watching
./dataset/00002697.jpg,a football game is being played on the field
./dataset/00002698.jpg,a football game with a player running for the ball
./dataset/00002699.jpg,the seahawks players are running on the field
./dataset/00002700.jpg,a football player is trying to get the ball
./dataset/00002701.jpg,a football game with the ball in the air
./dataset/00002702.jpg,an aerial view of the airport
./dataset/00002703.jpg,the green bay packers line up against the green bay packers
./dataset/00002704.jpg,a football player running with the ball
./dataset/00002705.jpg,a football game is being played on the field
./dataset/00002706.jpg,a football game is being played on the field
./dataset/00002707.jpg,the green bay packers cheer team
./dataset/00002708.jpg,a football player is tackled by a player
./dataset/00002709.jpg,the stadium is empty and empty
./dataset/00002710.jpg,a group of men in uniform
./dataset/00002711.jpg,the football team poses for a photo
./dataset/00002712.jpg,a blue field
./dataset/00002713.jpg,a soccer game is being played in a stadium
./dataset/00002714.jpg,a football player is running for the ball
./dataset/00002715.jpg,a football player is running with the ball
./dataset/00002716.jpg,a football game with players running on the field
./dataset/00002717.jpg,usc football - usc football
./dataset/00002718.jpg,the players are wearing black and white uniforms
./dataset/00002719.jpg,a young man in a helmet and uniform
./dataset/00002720.jpg,a football game with a player running the ball
./dataset/00002721.jpg,two young boys playing football on a field
./dataset/00002722.jpg,a group of young men playing soccer on a field
./dataset/00002723.jpg,a football game is being played
./dataset/00002724.jpg,a man running with a football
./dataset/00002725.jpg,a football game with a crowd of people
./dataset/00002726.jpg,a football player throwing a ball
./dataset/00002727.jpg,a football game is being played on the field
./dataset/00002728.jpg,a man in a red jacket
./dataset/00002729.jpg,a group of people on a field
./dataset/00002730.jpg,the seattle seahawks players celebrate after the game
./dataset/00002731.jpg,a football game with a player running on the field
./dataset/00002732.jpg,the saints'defense is a big problem for the saints
./dataset/00002733.jpg,the players are wearing helmets
./dataset/00002734.jpg,the football team is celebrating their win
./dataset/00002735.jpg,a soccer game is being played in a stadium
./dataset/00002736.jpg,a football game is being played on the field
./dataset/00002737.jpg,a football game is being played on a field
./dataset/00002738.jpg,a football game is being played in a stadium
./dataset/00002739.jpg,a soccer field with a field goal and a goal
./dataset/00002740.jpg,a football stadium filled with fans and a large green field
./dataset/00002741.jpg,a football game with a player running on the field
./dataset/00002742.jpg,the football field at the university of minnesota
./dataset/00002743.jpg,a football game is being played in a stadium
./dataset/00002744.jpg,a football player catching a ball in front of a crowd
./dataset/00002745.jpg,a crowd of people watching a football game
./dataset/00002746.jpg,a football game is being played on a field
./dataset/00002747.jpg,a fire truck is pulling a fireman
./dataset/00002748.jpg,a football player running with the ball
./dataset/00002749.jpg,a football player running with the ball
./dataset/00002750.jpg,a football player throwing a ball on a field
./dataset/00002751.jpg,a football game with a crowd watching
./dataset/00002752.jpg,a football game is being played in a stadium
./dataset/00002753.jpg,a black and white photo of a crowd of people
./dataset/00002754.jpg,the nfl logo is displayed on the field
./dataset/00002755.jpg,the football team is walking onto the field
./dataset/00002756.jpg,the football team is walking on the field
./dataset/00002757.jpg,a football player running with the ball
./dataset/00002758.jpg,a group of young football players playing a game
./dataset/00002759.jpg,the players are running on the field
./dataset/00002760.jpg,a group of young men playing soccer on a field
./dataset/00002761.jpg,a crowd of people
./dataset/00002762.jpg,a group of people playing a game of fr frc
./dataset/00002763.jpg,a group of people playing soccer on a field
./dataset/00002764.jpg,a football game
./dataset/00002765.jpg,a football player running on the field
./dataset/00002766.jpg,a football player running with the ball
./dataset/00002767.jpg,a football field
./dataset/00002768.jpg,a group of young men playing a game of football
./dataset/00002769.jpg,a group of people playing soccer on a field
./dataset/00002770.jpg,a football player running on a field
./dataset/00002771.jpg,the packerss are playing in the nfl game
./dataset/00002772.jpg,a football player running with the ball
./dataset/00002773.jpg,a man in a red jersey
./dataset/00002774.jpg,a football game with the ball in the air
./dataset/00002775.jpg,a group of people playing a game of football
./dataset/00002776.jpg,a football player is laying on the field
./dataset/00002777.jpg,the football team is practicing on the field
./dataset/00002778.jpg,a group of people playing football on a field
./dataset/00002779.jpg,a soccer field
./dataset/00002780.jpg,a group of young men playing a game of football
./dataset/00002781.jpg,a football game with the players in the background
./dataset/00002782.jpg,a football stadium
./dataset/00002783.jpg,the new york jets'quarterback drew kitzh celebrates after scoring a touchdown against the detroit lions
./dataset/00002784.jpg,the view from the top of the football field
./dataset/00002785.jpg,a football player is talking to an official referee
./dataset/00002786.jpg,a football stadium
./dataset/00002787.jpg,the minnesota vikings are playing in the nfc game
./dataset/00002788.jpg,a football player running with the ball
./dataset/00002789.jpg,a group of men playing soccer on a field
./dataset/00002790.jpg,the football players are running on the field
./dataset/00002791.jpg,a stadium with snow on the ground
./dataset/00002792.jpg,a football player is running with the ball
./dataset/00002793.jpg,the football team is standing on the field
./dataset/00002794.jpg,the university of nebraska football team is cheering for their team
./dataset/00002795.jpg,a field with a football field and a field
./dataset/00002796.jpg,a football player running with the ball
./dataset/00002797.jpg,a group of young men playing soccer on a field
./dataset/00002798.jpg,a group of people playing a game of football
./dataset/00002799.jpg,a football game is being played in a stadium
./dataset/00002800.jpg,a football player running with the ball
./dataset/00002801.jpg,a football game is being played on a field
./dataset/00002802.jpg,a football game is being played on the field
./dataset/00002803.jpg,a football player running with the ball
./dataset/00002804.jpg,a group of people playing a game of fr fr fr fr fr fr fr fr fr fr fr
./dataset/00002805.jpg,a football player running with the ball
./dataset/00002806.jpg,a football game is being played on the field
./dataset/00002807.jpg,a football game is being played on the field
./dataset/00002808.jpg,a football player is tackled by another player
./dataset/00002809.jpg,the under 12s team
./dataset/00002810.jpg,a man in a red jersey
./dataset/00002811.jpg,a football player running with the ball
./dataset/00002812.jpg,the michigan football team playing at michigan stadium
./dataset/00002813.jpg,the players are wearing helmets
./dataset/00002814.jpg,a football game is being played on a field
./dataset/00002815.jpg,a football player running with the ball
./dataset/00002816.jpg,a football player running with the ball
./dataset/00002817.jpg,a group of people standing on a field
./dataset/00002818.jpg,a group of players
./dataset/00002819.jpg,a football game with a player running for the ball
./dataset/00002820.jpg,a football game is being played
./dataset/00002821.jpg,the players are on the field
./dataset/00002822.jpg,the browns'defense is on the way
./dataset/00002823.jpg,a football field with fans and a banner
./dataset/00002824.jpg,a group of people standing on a field
./dataset/00002825.jpg,a football player is running with the ball
./dataset/00002826.jpg,a group of young children playing football on a field
./dataset/00002827.jpg,a football player running with the ball
./dataset/00002828.jpg,a football game is being played on the field
./dataset/00002829.jpg,a football player running with the ball
./dataset/00002830.jpg,a football game with the ball in the air
./dataset/00002831.jpg,the football field at the university of michigan
./dataset/00002832.jpg,a man is throwing a fr fre ball
./dataset/00002833.jpg,a football game with a player running for the ball
./dataset/00002834.jpg,the ball is in the air
./dataset/00002835.jpg,a football game is being played on a field
./dataset/00002836.jpg,a group of young football players running on a field
./dataset/00002837.jpg,a football player is standing on the field
./dataset/00002838.jpg,a man standing on a field
./dataset/00002839.jpg,the green bay packers line up against the new york jets
./dataset/00002840.jpg,a stadium with a soccer field
./dataset/00002841.jpg,a soccer player in midden
./dataset/00002842.jpg,a football player is running with the ball
./dataset/00002843.jpg,a football player is falling to the ground
./dataset/00002844.jpg,a large crowd of people
./dataset/00002845.jpg,a football field
./dataset/00002846.jpg,oregon's aaron mc and aaron mc celebrate after the game
./dataset/00002847.jpg,a football game is being played on the field
./dataset/00002848.jpg,a football player running with the ball
./dataset/00002849.jpg,the cheer team walks onto the field
./dataset/00002850.jpg,the football team is celebrating their victory
./dataset/00002851.jpg,a group of young men playing football on a field
./dataset/00002852.jpg,the stanford stanford football team is seen in this aerial photo
./dataset/00002853.jpg,a man in a suit shaking another man's hand
./dataset/00002854.jpg,a band is playing on the field
./dataset/00002855.jpg,the lsu stadium
./dataset/00002856.jpg,the rugby team is huddled up in a hu
./dataset/00002857.jpg,a stadium filled with people
./dataset/00002858.jpg,a football game with a player running for the ball
./dataset/00002859.jpg,a football game is being played on the field
./dataset/00002860.jpg,a fence with a baseball field in the background
./dataset/00002861.jpg,the view from inside the stadium
./dataset/00002862.jpg,a football player is falling to the ground
./dataset/00002863.jpg,the broncos's offense is a big hit by the broncos
./dataset/00002864.jpg,a football game is being played in a stadium
./dataset/00002865.jpg,a band of young people playing instruments on a field
./dataset/00002866.jpg,a football player running with the ball
./dataset/00002867.jpg,a football game is being played on the field
./dataset/00002868.jpg,a large crowd of people
./dataset/00002869.jpg,a football game with a crowd watching
./dataset/00002870.jpg,a football player running with the ball
./dataset/00002871.jpg,the washington redskins fans are getting to get into the field
./dataset/00002872.jpg,a football player is thrown off the field
./dataset/00002873.jpg,a group of men in uniform
./dataset/00002874.jpg,a group of young men playing football on a field
./dataset/00002875.jpg,a man running with a football in his hand
./dataset/00002876.jpg,a football player is catching the ball
./dataset/00002877.jpg,a football game
./dataset/00002878.jpg,a football player is jumping in the air
./dataset/00002879.jpg,the football players are playing on the field
./dataset/00002880.jpg,a football game is being played
./dataset/00002881.jpg,a large crowd of people
./dataset/00002882.jpg,a football game with players running and playing
./dataset/00002883.jpg,a large stadium
./dataset/00002884.jpg,the football field
./dataset/00002885.jpg,a man is trying to catch a soccer ball
./dataset/00002886.jpg,a football game
./dataset/00002887.jpg,the football field at michigan stadium
./dataset/00002888.jpg,a football game is being played on the field
./dataset/00002889.jpg,a group of people playing a game of rugby
./dataset/00002890.jpg,a football game is being played in a stadium
./dataset/00002891.jpg,a football player is running on the field
./dataset/00002892.jpg,the atlanta falcons line up against the philadelphia eagles in the first half of the nfc super bowl game
./dataset/00002893.jpg,a football player running with the ball
./dataset/00002894.jpg,a green pool table
./dataset/00002895.jpg,the football team is playing on the field
./dataset/00002896.jpg,a football game with a group of players
./dataset/00002897.jpg,notre quarterback marcus griffin runs the ball against notre quarterback aaron jones
./dataset/00002898.jpg,the football team is playing on the field
./dataset/00002899.jpg,the players are on the field
./dataset/00002900.jpg,a group of people standing on a field
./dataset/00002901.jpg,a group of young women dancing on a field
./dataset/00002902.jpg,a baseball field
./dataset/00002903.jpg,a group of people
./dataset/00002904.jpg,a group of people on a field playing football
./dataset/00002905.jpg,a football game is being played on the field
./dataset/00002906.jpg,a football player is tackled by several defenders
./dataset/00002907.jpg,a football player is talking to another player
./dataset/00002908.jpg,a football game is being played on the field
./dataset/00002909.jpg,a football game with a player throwing the ball
./dataset/00002910.jpg,a football player is running with the ball
./dataset/00002911.jpg,the marching team is on the field
./dataset/00002912.jpg,a football game with players on the field
./dataset/00002913.jpg,a group of men playing a game of fr frc
./dataset/00002914.jpg,a football game with a player running the ball
./dataset/00002915.jpg,a football game is being played on the field
./dataset/00002916.jpg,a pink ribbon is seen on the field at the university of alabama
./dataset/00002917.jpg,a view of a city from above
./dataset/00002918.jpg,the coach is talking to his players
./dataset/00002919.jpg,a man in a green and white uniform
./dataset/00002920.jpg,a football game
./dataset/00002921.jpg,a football player running with the ball in his hand
./dataset/00002922.jpg,the view from the upper of soldier stadium
./dataset/00002923.jpg,a crowd of people watching a football game
./dataset/00002924.jpg,a football player is getting ready to throw the ball
./dataset/00002925.jpg,a football game with players on the field
./dataset/00002926.jpg,the football field
./dataset/00002927.jpg,a football field
./dataset/00002928.jpg,a young boy in a blue and white uniform
./dataset/00002929.jpg,a football player is diving for the ball
./dataset/00002930.jpg,a football game with a crowd of people
./dataset/00002931.jpg,the player is wearing a helmet
./dataset/00002932.jpg,a football player running with the ball
./dataset/00002933.jpg,the new orleans saints are the only team in the nfl draft
./dataset/00002934.jpg,a football game with a player running for the ball
./dataset/00002935.jpg,a football game is being played on the field
./dataset/00002936.jpg,a field with a soccer field and a soccer field
./dataset/00002937.jpg,a group of young men playing football on a field
./dataset/00002938.jpg,a football player running with the ball
./dataset/00002939.jpg,a football game is being played on a field
./dataset/00002940.jpg,the football team is running on the field
./dataset/00002941.jpg,a football player running with the ball
./dataset/00002942.jpg,a football player is running with the ball
./dataset/00002943.jpg,a football game is being played on the field
./dataset/00002944.jpg,a group of people standing on a field
./dataset/00002945.jpg,the cheer team performs during the game
./dataset/00002946.jpg,the new orleans saints will be playing in the nfl draft game
./dataset/00002947.jpg,a football player is jumping in the air
./dataset/00002948.jpg,a group of people sitting on a field
./dataset/00002949.jpg,the boys'soccer team poses for a photo
./dataset/00002950.jpg,a group of people playing a game of football
./dataset/00002951.jpg,a football game is being played on the field
./dataset/00002952.jpg,a football player running with the ball
./dataset/00002953.jpg,a football player running with the ball
./dataset/00002954.jpg,a football game in a stadium with fans
./dataset/00002955.jpg,the eagles play against the cardinals in the first quarter
./dataset/00002956.jpg,a football game is being played on the field
./dataset/00002957.jpg,the football team is posing for a photo
./dataset/00002958.jpg,a football player running with the ball
./dataset/00002959.jpg,a group of young children playing football on a field
./dataset/00002960.jpg,a football player running on the field
./dataset/00002961.jpg,a football player is on the field
./dataset/00002962.jpg,a football player running with the ball
./dataset/00002963.jpg,a group of young boys playing football on a field
./dataset/00002964.jpg,a football player is holding the ball
./dataset/00002965.jpg,a football field with a number 50 on it
./dataset/00002966.jpg,a view of a football stadium with a green bay packers logo
./dataset/00002967.jpg,a lacrosse player is trying to block the ball
./dataset/00002968.jpg,a football player is running after the ball
./dataset/00002969.jpg,a stadium with a football field and a blue sky
./dataset/00002970.jpg,a football player is about to throw the ball
./dataset/00002971.jpg,a football game is being played on a field
./dataset/00002972.jpg,the seattle seahawks line up against the oakland raiders
./dataset/00002973.jpg,a football game with a player running the ball
./dataset/00002974.jpg,a football player running with the ball
./dataset/00002975.jpg,a football player is hugging another player
./dataset/00002976.jpg,a man in a hard hat and safety vest looking out at a football field
./dataset/00002977.jpg,a football game is being played on the field
./dataset/00002978.jpg,a football game with the ball in the air
./dataset/00002979.jpg,a football player is falling to the ground
./dataset/00002980.jpg,a crowd of people watching a football game
./dataset/00002981.jpg,a group of football players standing on a field
./dataset/00002982.jpg,a football player in a white uniform
./dataset/00002983.jpg,the patriots running the ball in the nfl game
./dataset/00002984.jpg,the football team is getting ready to run
./dataset/00002985.jpg,a football game is being played in a stadium
./dataset/00002986.jpg,a football field
./dataset/00002987.jpg,a man standing on a field
./dataset/00002988.jpg,a football game with a player running for the ball
./dataset/00002989.jpg,a soccer game with a goal and a player in the middle
./dataset/00002990.jpg,a man in a football uniform on the field
./dataset/00002991.jpg,a football player running with the ball
./dataset/00002992.jpg,a baseball field
./dataset/00002993.jpg,a man throwing a ball
./dataset/00002994.jpg,a football player throwing a ball
./dataset/00002995.jpg,a football player running with the ball
./dataset/00002996.jpg,a man standing on top of a lush soccer field
./dataset/00002997.jpg,the football field
./dataset/00002998.jpg,a football game with a player holding a ball
./dataset/00002999.jpg,a football game with a player running the ball
./dataset/00003000.jpg,the huskies football team celebrates after a play
./dataset/00003001.jpg,a football game with the players on the field
./dataset/00003002.jpg,a view of a football stadium from the sidelines
./dataset/00003003.jpg,a football game with a bunch of players
./dataset/00003004.jpg,a football player is about to run the ball
./dataset/00003005.jpg,a football player is running with the ball
./dataset/00003006.jpg,a football player running with the ball
./dataset/00003007.jpg,the football player is running with the ball
./dataset/00003008.jpg,a stadium with a blue sky
./dataset/00003009.jpg,a football game is being played on the field
./dataset/00003010.jpg,a football player is tackled by several defenders
./dataset/00003011.jpg,a football player is trying to get past a defender
./dataset/00003012.jpg,a football player is trying to get away from a defender
./dataset/00003013.jpg,a football player is running with the ball
./dataset/00003014.jpg,the titans'defense is a big problem
./dataset/00003015.jpg,a man is throwing a football ball on a field
./dataset/00003016.jpg,a man holding a red and white flag
./dataset/00003017.jpg,the marching team performs during the game
./dataset/00003018.jpg,a stadium filled with fans
./dataset/00003019.jpg,a football player is running with the ball
./dataset/00003020.jpg,the football team is running on the field
./dataset/00003021.jpg,a group of people playing football on a field
./dataset/00003022.jpg,the football stadium
./dataset/00003023.jpg,a football player running with the ball
./dataset/00003024.jpg,the cheer team performs during the game
./dataset/00003025.jpg,the football field at the university of washington
./dataset/00003026.jpg,a football player running with the ball
./dataset/00003027.jpg,a large field
./dataset/00003028.jpg,a stadium filled with people
./dataset/00003029.jpg,a football field
./dataset/00003030.jpg,a boy in a black and white uniform
./dataset/00003031.jpg,a soccer field
./dataset/00003032.jpg,the football players are standing on the field
./dataset/00003033.jpg,the boise state football team runs through smoke
./dataset/00003034.jpg,the view from inside the stadium
./dataset/00003035.jpg,a group of people running on a field
./dataset/00003036.jpg,the field at the football stadium
./dataset/00003037.jpg,a man in a uniform
./dataset/00003038.jpg,a football game with a crowd watching
./dataset/00003039.jpg,a man in a gray shirt
./dataset/00003040.jpg,a football game is being played on the field
./dataset/00003041.jpg,a group of people walking on a field
./dataset/00003042.jpg,a football player running with the ball
./dataset/00003043.jpg,a football game with the ball in the air
./dataset/00003044.jpg,a football player running on the field
./dataset/00003045.jpg,a football game is being played on the field
./dataset/00003046.jpg,a football player running with the ball
./dataset/00003047.jpg,a football player is falling on the field
./dataset/00003048.jpg,a football game is being played on the field
./dataset/00003049.jpg,a football game is being played in a stadium
./dataset/00003050.jpg,a football player throwing a ball at a game
./dataset/00003051.jpg,a football game with the referee on the sidelines
./dataset/00003052.jpg,a football player running with the ball
./dataset/00003053.jpg,the stadium is full of fans and fans
./dataset/00003054.jpg,a stadium with a lot of people
./dataset/00003055.jpg,a football game with the ball in the air
./dataset/00003056.jpg,manchester united's wayne moola scores the ball to score the winner
./dataset/00003057.jpg,a football player running with the ball
./dataset/00003058.jpg,a football player running with the ball
./dataset/00003059.jpg,the marching team performs during the game
./dataset/00003060.jpg,a football game with the ball in the air
./dataset/00003061.jpg,a smoke bomb is being fired at a football game
./dataset/00003062.jpg,a football stadium
./dataset/00003063.jpg,a soccer game is being played on the field
./dataset/00003064.jpg,a group of people sitting on a field
./dataset/00003065.jpg,a baseball field with a baseball field and a baseball field
./dataset/00003066.jpg,a football player is walking on the field
./dataset/00003067.jpg,a stadium with a lot of seats
./dataset/00003068.jpg,a football player is running with the ball
./dataset/00003069.jpg,a man in a yellow shirt throwing a football
./dataset/00003070.jpg,a football game with players on the field
./dataset/00003071.jpg,a football player running with the ball
./dataset/00003072.jpg,a football game is being played at night
./dataset/00003073.jpg,a football player is running with the ball
./dataset/00003074.jpg,a man running with a football
./dataset/00003075.jpg,a man running with a football on a field
./dataset/00003076.jpg,the football field
./dataset/00003077.jpg,a football game is being played in a large indoor arena
./dataset/00003078.jpg,a football game is being played on a field
./dataset/00003079.jpg,ncaa football screenshots
./dataset/00003080.jpg,a stadium with a lot of seats
./dataset/00003081.jpg,the girls'lacrosse team runs out to the field
./dataset/00003082.jpg,a group of people playing soccer on a field
./dataset/00003083.jpg,the football field at the university of michigan
./dataset/00003084.jpg,a group of young men playing soccer on a field
./dataset/00003085.jpg,three men in green uniforms
./dataset/00003086.jpg,a football player running with the ball
./dataset/00003087.jpg,a football game with the ball in the air
./dataset/00003088.jpg,a man in a helmet and a drum
./dataset/00003089.jpg,a football game with players on the field
./dataset/00003090.jpg,the cleveland browns hut the browns'defense
./dataset/00003091.jpg,a group of people playing a game of football
./dataset/00003092.jpg,a stadium with a lot of seats and a large screen
./dataset/00003093.jpg,a football game is being played on the field
./dataset/00003094.jpg,a group of people playing a game of football
./dataset/00003095.jpg,a football game is being played on a field
./dataset/00003096.jpg,the stadium at the university of tennessee
./dataset/00003097.jpg,a football player running with the ball
./dataset/00003098.jpg,a football player is running with the ball
./dataset/00003099.jpg,a stadium with a football field and a field
./dataset/00003100.jpg,a group of people standing on a field
./dataset/00003101.jpg,a group of football players
./dataset/00003102.jpg,the green bay packers are running for the ball
./dataset/00003103.jpg,the cheerleaders are wearing red and white cheerleaders
./dataset/00003104.jpg,a boy standing on a soccer field
./dataset/00003105.jpg,a football game with a player running for the ball
./dataset/00003106.jpg,a football game with the ball being hit by the opposing
./dataset/00003107.jpg,a football game with a player running for the ball
./dataset/00003108.jpg,a football player is running with the ball
./dataset/00003109.jpg,a football game is being played on the field
./dataset/00003110.jpg,a football game is being played on a field
./dataset/00003111.jpg,a football player is about to throw the ball
./dataset/00003112.jpg,a football field
./dataset/00003113.jpg,a football game is being played in a stadium
./dataset/00003114.jpg,a man in a uniform holding a football
./dataset/00003115.jpg,a football player throwing a ball during a game
./dataset/00003116.jpg,a football player is running with the ball
./dataset/00003117.jpg,a football player is kneeling on the field
./dataset/00003118.jpg,the cheer team performs during the game
./dataset/00003119.jpg,a stadium with a row of seats
./dataset/00003120.jpg,the kansas chiefs are playing in the nfl game
./dataset/00003121.jpg,a group of people holding a banner on a field
./dataset/00003122.jpg,a football game is being played on the field
./dataset/00003123.jpg,a football game is being played on the field
./dataset/00003124.jpg,a football field
./dataset/00003125.jpg,a group of young football players playing a game
./dataset/00003126.jpg,a man in a green and white uniform
./dataset/00003127.jpg,the notres hu in a hut
./dataset/00003128.jpg,a football game is being played on the field
./dataset/00003129.jpg,a group of young men standing on a field
./dataset/00003130.jpg,a football player is celebrating a touchdown
./dataset/00003131.jpg,a football player running with the ball
./dataset/00003132.jpg,a football game is being played on the field
./dataset/00003133.jpg,a football player running with the ball
./dataset/00003134.jpg,michigan state running back to beat michigan state
./dataset/00003135.jpg,the pittsburgh steelers are looking to improve their team's performance
./dataset/00003136.jpg,a football player running on the field
./dataset/00003137.jpg,a football player is running with the ball
./dataset/00003138.jpg,a large crowd of people
./dataset/00003139.jpg,a football player running with the ball
./dataset/00003140.jpg,a football player is running with the ball
./dataset/00003141.jpg,the carolina panthers are the only team in the nfl draft
./dataset/00003142.jpg,a large crowd of people
./dataset/00003143.jpg,a football game in the middle of a stadium
./dataset/00003144.jpg,a large group of people watching a football game
./dataset/00003145.jpg,a crowd of people watching a football game
./dataset/00003146.jpg,the band is standing on the field
./dataset/00003147.jpg,a football game is being played on a field
./dataset/00003148.jpg,a field with a soccer field and a soccer field
./dataset/00003149.jpg,a soccer player is being tended by a referee
./dataset/00003150.jpg,a football player running with the ball
./dataset/00003151.jpg,a group of girls playing a game of football
./dataset/00003152.jpg,a football game with a referee on the sidelines
./dataset/00003153.jpg,a football game with a player running the ball
./dataset/00003154.jpg,a field with a blue sky in the background
./dataset/00003155.jpg,a man in a white shirt and red shoes walking on a soccer field
./dataset/00003156.jpg,a football player running with the ball
./dataset/00003157.jpg,a man and woman standing on a football field
./dataset/00003158.jpg,a man throwing a football
./dataset/00003159.jpg,a football player is running with the ball
./dataset/00003160.jpg,a football player is running with the ball
./dataset/00003161.jpg,a football team is standing on the field
./dataset/00003162.jpg,the football field at the university of virginia
./dataset/00003163.jpg,the football team is running on the field
./dataset/00003164.jpg,a football player running with the ball
./dataset/00003165.jpg,a football player is running with the ball
./dataset/00003166.jpg,a football player running with the ball
./dataset/00003167.jpg,a group of people playing soccer in a field
./dataset/00003168.jpg,a couple sitting on a bench in front of a football field
./dataset/00003169.jpg,a football game is being played
./dataset/00003170.jpg,a man in a uniform
./dataset/00003171.jpg,a football game is being played on a field
./dataset/00003172.jpg,the football team is running on the field
./dataset/00003173.jpg,the miami dolphins quarterback throws the ball during a game
./dataset/00003174.jpg,the giants'fans are in the stands at mete stadium
./dataset/00003175.jpg,a football game is being played on the field
./dataset/00003176.jpg,a group of people playing a game of fr fr fr fr fr fr fr fr fr fr fr
./dataset/00003177.jpg,madden's gameday - madden's gameday - madden's gameday - madden
./dataset/00003178.jpg,a football player is throwing the ball
./dataset/00003179.jpg,a dog is walking a mascot on a leash
./dataset/00003180.jpg,a group of young men playing football on a field
./dataset/00003181.jpg,the cheerleaders perform before the game
./dataset/00003182.jpg,the football team is playing on the field
./dataset/00003183.jpg,the football team is performing a smoke bomb
./dataset/00003184.jpg,a football player is running with the ball
./dataset/00003185.jpg,a football player is running with the ball
./dataset/00003186.jpg,a group of people playing a game of football
./dataset/00003187.jpg,a large field
./dataset/00003188.jpg,a football game with a crowd of people watching
./dataset/00003189.jpg,a football player running with the ball
./dataset/00003190.jpg,green bay quarterback aaron mc
./dataset/00003191.jpg,a group of men running on a field
./dataset/00003192.jpg,a football player is trying to get past a defender
./dataset/00003193.jpg,a baseball field with a fence and a field
./dataset/00003194.jpg,a man and a dog playing with a ball
./dataset/00003195.jpg,green bay packers vs packers
./dataset/00003196.jpg,a group of young men playing football on a field
./dataset/00003197.jpg,a football game is being played on the field
./dataset/00003198.jpg,a football player is running with the ball
./dataset/00003199.jpg,a football player is running with the ball
./dataset/00003200.jpg,a football player running on the field
./dataset/00003201.jpg,a football player running with the ball
./dataset/00003202.jpg,a group of people playing a game of football
./dataset/00003203.jpg,a football game is being played on the field
./dataset/00003204.jpg,a soccer field
./dataset/00003205.jpg,a football game with the ball being tackled by the players
./dataset/00003206.jpg,a football player running on the field
./dataset/00003207.jpg,a football game is being played
./dataset/00003208.jpg,a football player is running with the ball
./dataset/00003209.jpg,a football player running with the ball
./dataset/00003210.jpg,a football player running with the ball
./dataset/00003211.jpg,a football player is running with the ball
./dataset/00003212.jpg,the football team runs the ball down the field
./dataset/00003213.jpg,the inside of metdome stadium
./dataset/00003214.jpg,a group of people standing on a field
./dataset/00003215.jpg,a football player running with the ball
./dataset/00003216.jpg,a football game with a crowd watching
./dataset/00003217.jpg,a group of young football players running on a field
./dataset/00003218.jpg,a football player running with the ball
./dataset/00003219.jpg,a football field
./dataset/00003220.jpg,the football team is running on the field
./dataset/00003221.jpg,the cardinals are playing in the nfl game
./dataset/00003222.jpg,a football player is throwing the ball
./dataset/00003223.jpg,a group of young football players standing on a field
./dataset/00003224.jpg,a football player is running with the ball
./dataset/00003225.jpg,a football player is running with the ball
./dataset/00003226.jpg,a football game
./dataset/00003227.jpg,a black and white photo of a baseball game
./dataset/00003228.jpg,a group of people watching a soccer game
./dataset/00003229.jpg,a football player is running on the field
./dataset/00003230.jpg,a football game with a player running for the ball
./dataset/00003231.jpg,a group of men playing soccer on a field
./dataset/00003232.jpg,a football player running with the ball
./dataset/00003233.jpg,a football game in a stadium with fans
./dataset/00003234.jpg,a football player is running with the ball
./dataset/00003235.jpg,a group of young boys playing a game of football
./dataset/00003236.jpg,a football game is being played on a field
./dataset/00003237.jpg,a football game with a player running the ball
./dataset/00003238.jpg,a group of men playing soccer on a field
./dataset/00003239.jpg,the view from the window of the stadium
./dataset/00003240.jpg,the cheer team performs during the game
./dataset/00003241.jpg,a stadium filled with people
./dataset/00003242.jpg,a football game is being played on the field
./dataset/00003243.jpg,a football player running with the ball
./dataset/00003244.jpg,a football game is being played on the field
./dataset/00003245.jpg,a man in a uniform
./dataset/00003246.jpg,a football player throwing a ball
./dataset/00003247.jpg,a football player is running with the ball
./dataset/00003248.jpg,a man in a red uniform
./dataset/00003249.jpg,a boy running with a fr frc
./dataset/00003250.jpg,a man in a red shirt
./dataset/00003251.jpg,a football player running with the ball
./dataset/00003252.jpg,a stadium with a green field and a yellow sign
./dataset/00003253.jpg,the seahawks offense is a big problem
./dataset/00003254.jpg,a football player running with the ball
./dataset/00003255.jpg,a football game with a player running for the ball
./dataset/00003256.jpg,a man in a uniform
./dataset/00003257.jpg,the saints celebrate after the saints'touchdown
./dataset/00003258.jpg,a football player running with the ball
./dataset/00003259.jpg,a football game is being played in a stadium
./dataset/00003260.jpg,the football field
./dataset/00003261.jpg,a football player is running on the field
./dataset/00003262.jpg,a young girl kneeling on the grass
./dataset/00003263.jpg,a group of people standing on a field
./dataset/00003264.jpg,a stadium with a large crowd of people
./dataset/00003265.jpg,"texas stadium, section 9, row 12, seat 1"
./dataset/00003266.jpg,a football player running with the ball
./dataset/00003267.jpg,the stadium at the university of wisconsin
./dataset/00003268.jpg,a football game is being played on the field
./dataset/00003269.jpg,madden's new york jets uniforms
./dataset/00003270.jpg,a dirt road
./dataset/00003271.jpg,a football game with a player running the ball
./dataset/00003272.jpg,a football game with the ball in the air
./dataset/00003273.jpg,a crowd of people watching a football game
./dataset/00003274.jpg,a black and white photo of a baseball player
./dataset/00003275.jpg,a football game is shown in the screen
./dataset/00003276.jpg,a football team running on the field
./dataset/00003277.jpg,seating view for citizens park section 9 row 2 seat 1
./dataset/00003278.jpg,a football player running with the ball
./dataset/00003279.jpg,a soccer stadium with red seats and a green field
./dataset/00003280.jpg,the seats are empty
./dataset/00003281.jpg,a football game is being played
./dataset/00003282.jpg,a man catching a football in the air
./dataset/00003283.jpg,the stadium at the indianapolis colts
./dataset/00003284.jpg,a football game is being played on the field
./dataset/00003285.jpg,a man in a uniform
./dataset/00003286.jpg,a group of young men playing a game of football
./dataset/00003287.jpg,a football player running with the ball
./dataset/00003288.jpg,a football player in a uniform
./dataset/00003289.jpg,a man is playing a game on the field
./dataset/00003290.jpg,a football game with a referee and referee
./dataset/00003291.jpg,a large stadium filled with people
./dataset/00003292.jpg,a soccer field with people playing soccer
./dataset/00003293.jpg,a group of young children playing football on a field
./dataset/00003294.jpg,the cadets marching at the football game
./dataset/00003295.jpg,a crowd of people are gathered on the field
./dataset/00003296.jpg,a man sitting on a bench with a ball
./dataset/00003297.jpg,a group of young football players
./dataset/00003298.jpg,a football player running with the ball
./dataset/00003299.jpg,a group of girls playing a game of lacrosse
./dataset/00003300.jpg,three different shots of a football player running
./dataset/00003301.jpg,a football stadium
./dataset/00003302.jpg,a group of men running on a field
./dataset/00003303.jpg,a football game is being played on the field
./dataset/00003304.jpg,the cleveland browns play against the cleveland browns in the first quarter
./dataset/00003305.jpg,the pittsburgh steelers are looking to make a big impact
./dataset/00003306.jpg,a football game is being played on the field
./dataset/00003307.jpg,a football player running on the field
./dataset/00003308.jpg,a group of men standing in a field
./dataset/00003309.jpg,a man in a red uniform
./dataset/00003310.jpg,a man in a uniform running with a football
./dataset/00003311.jpg,a group of people playing a game of football
./dataset/00003312.jpg,a group of girls in red uniforms standing on a field
./dataset/00003313.jpg,a football stadium
./dataset/00003314.jpg,a football game with a player throwing the ball
./dataset/00003315.jpg,a football player is running with the ball
./dataset/00003316.jpg,a football player catching a ball
./dataset/00003317.jpg,a large stadium
./dataset/00003318.jpg,a football game with players on the field
./dataset/00003319.jpg,a football player is tackled by another player
./dataset/00003320.jpg,a football player running with the ball
./dataset/00003321.jpg,a football player running with the ball
./dataset/00003322.jpg,a football player is getting ready to throw the ball
./dataset/00003323.jpg,a football game
./dataset/00003324.jpg,a football game with a player running the ball
./dataset/00003325.jpg,a group of people on a field playing soccer
./dataset/00003326.jpg,green bay packers vs cardinals
./dataset/00003327.jpg,a football player running with the ball
./dataset/00003328.jpg,a football player running with a ball
./dataset/00003329.jpg,a soccer player is running with the ball
./dataset/00003330.jpg,a group of players
./dataset/00003331.jpg,a football player running with the ball
./dataset/00003332.jpg,a football player throwing a ball on a field
./dataset/00003333.jpg,a football game
./dataset/00003334.jpg,a man standing on a field
./dataset/00003335.jpg,a group of people standing on a field
./dataset/00003336.jpg,the football team is running on the field
./dataset/00003337.jpg,a football player running with the ball
./dataset/00003338.jpg,a football player running with the ball
./dataset/00003339.jpg,a football player running with the ball
./dataset/00003340.jpg,a football game is being played on a field
./dataset/00003341.jpg,a football player is running with the ball
./dataset/00003342.jpg,a football game
./dataset/00003343.jpg,a football player running with the ball
./dataset/00003344.jpg,a football player is trying to get away from a defender
./dataset/00003345.jpg,a snow covered field
./dataset/00003346.jpg,a football player running with the ball
./dataset/00003347.jpg,the football team is running on the field
./dataset/00003348.jpg,a group of girls running on a field
./dataset/00003349.jpg,the patriots are preparing for their next game
./dataset/00003350.jpg,the football player is running with the ball
./dataset/00003351.jpg,the view from the upper level of the stadium
./dataset/00003352.jpg,a soccer game is being played in a stadium
./dataset/00003353.jpg,a football game with a crowd watching
./dataset/00003354.jpg,a man standing on a field
./dataset/00003355.jpg,a young boy sitting on the field
./dataset/00003356.jpg,"the philadelphia eagles play against the philadelphia eagles in the nfc's super bowl game on sunday,"
./dataset/00003357.jpg,a football player running with a ball
./dataset/00003358.jpg,a football game with a player running for the ball
./dataset/00003359.jpg,a football player running with the ball
./dataset/00003360.jpg,a football game is being played on the field
./dataset/00003361.jpg,a field with a soccer goal and a soccer goal
./dataset/00003362.jpg,a football player running with the ball
./dataset/00003363.jpg,a football game with a player running for the ball
./dataset/00003364.jpg,a group of young men playing football on a field
./dataset/00003365.jpg,a football game is being played on a field
./dataset/00003366.jpg,a football player running with the ball
./dataset/00003367.jpg,the broncos stadium
./dataset/00003368.jpg,a football game with a player running the ball
./dataset/00003369.jpg,a man running on a field
./dataset/00003370.jpg,a football player running with the ball
./dataset/00003371.jpg,the football team is walking out from the tunnel
./dataset/00003372.jpg,a football game is being played on the field
./dataset/00003373.jpg,a football player running with the ball
./dataset/00003374.jpg,a group of young men playing football on a field
./dataset/00003375.jpg,the patriots'offense is a big hit by the patriots
./dataset/00003376.jpg,the football team is walking onto the field
./dataset/00003377.jpg,a football game
./dataset/00003378.jpg,a football stadium
./dataset/00003379.jpg,a football field
./dataset/00003380.jpg,the michigan hockey team is seen in this aerial image
./dataset/00003381.jpg,a man throwing a football
./dataset/00003382.jpg,a large crowd of people
./dataset/00003383.jpg,a football player running with the ball
./dataset/00003384.jpg,a person walking on a road with a blue sky in the background
./dataset/00003385.jpg,a football player running with the ball
./dataset/00003386.jpg,a man in a yellow shirt
./dataset/00003387.jpg,a crowd of people
./dataset/00003388.jpg,a football player throwing a ball
./dataset/00003389.jpg,a man is throwing a football ball on the field
./dataset/00003390.jpg,a football game is being played on a dark night
./dataset/00003391.jpg,a group of people playing a game of football
./dataset/00003392.jpg,a baseball pitcher throwing a pitch pitch
./dataset/00003393.jpg,a soccer player is trying to get the ball
./dataset/00003394.jpg,a football game with a player on the field
./dataset/00003395.jpg,a man in a uniform
./dataset/00003396.jpg,the football team is running on the field
./dataset/00003397.jpg,the saints running back to the field after the game
./dataset/00003398.jpg,a man walking on the field with a helmet
./dataset/00003399.jpg,a football player is about to throw the ball
./dataset/00003400.jpg,a lacrosse player is trying to block the ball
./dataset/00003401.jpg,a soccer player is standing on the field
./dataset/00003402.jpg,a football player running with the ball
./dataset/00003403.jpg,the football field
./dataset/00003404.jpg,a football player is running with the ball
./dataset/00003405.jpg,the huskies hu hus during a game against the university of minnesota
./dataset/00003406.jpg,the purdue football team warms up before the game
./dataset/00003407.jpg,a group of people standing on a field
./dataset/00003408.jpg,the stadium at the nfl stadium in new york
./dataset/00003409.jpg,a football stadium filled with fans and a large crowd
./dataset/00003410.jpg,a football player is catching the ball
./dataset/00003411.jpg,the football player is running with the ball
./dataset/00003412.jpg,the green bay packers hu a play during the game against the new york jets
./dataset/00003413.jpg,a football player running with the ball
./dataset/00003414.jpg,a group of young children playing football
./dataset/00003415.jpg,a man in a red uniform
./dataset/00003416.jpg,a football stadium
./dataset/00003417.jpg,a camera is on a tripod
./dataset/00003418.jpg,the marching team performs at the football game
./dataset/00003419.jpg,a group of young people playing a game of fr fr fr fr fr fr fr fr fr fr
./dataset/00003420.jpg,the auburn football team is celebrating after their win
./dataset/00003421.jpg,the 49ers's defense is a big problem
./dataset/00003422.jpg,the player is running
./dataset/00003423.jpg,the cowboys running back to the redskins
./dataset/00003424.jpg,a football player running with the ball
./dataset/00003425.jpg,a group of people standing on a field
./dataset/00003426.jpg,a football player catching a ball
./dataset/00003427.jpg,a football game with a player running the ball
./dataset/00003428.jpg,the view from the end zone at the new york stadium
./dataset/00003429.jpg,a football game with the opposing
./dataset/00003430.jpg,a football stadium
./dataset/00003431.jpg,a soccer game is being played in front of a crowd
./dataset/00003432.jpg,the inside of metdome stadium
./dataset/00003433.jpg,a football game with a crowd watching
./dataset/00003434.jpg,a football player running with the ball
./dataset/00003435.jpg,a woman sitting in a stadium
./dataset/00003436.jpg,a football player catching a ball on a field
./dataset/00003437.jpg,a soccer game in a stadium with fans watching
./dataset/00003438.jpg,a man in a uniform
./dataset/00003439.jpg,usc football team running onto the field
./dataset/00003440.jpg,a football game is being played
./dataset/00003441.jpg,a football player about to throw the ball
./dataset/00003442.jpg,a man is playing soccer with a ball
./dataset/00003443.jpg,the football team is standing on the field
./dataset/00003444.jpg,a soccer field
./dataset/00003445.jpg,a group of men playing soccer on a field
./dataset/00003446.jpg,a football player running with the ball
./dataset/00003447.jpg,a football game is being played on the field
./dataset/00003448.jpg,a football player is trying to get the ball
./dataset/00003449.jpg,a crowd of people watching a soccer game
./dataset/00003450.jpg,a football game is being played on the field
./dataset/00003451.jpg,a football game is being played on a field
./dataset/00003452.jpg,a football game with a crowd of people
./dataset/00003453.jpg,a football player is running with the ball
./dataset/00003454.jpg,madden's football game
./dataset/00003455.jpg,a football player running with the ball
./dataset/00003456.jpg,a football game with a player running the ball
./dataset/00003457.jpg,a football field
./dataset/00003458.jpg,the nfl game is shown in the image
./dataset/00003459.jpg,a football game with the ball in the air
./dataset/00003460.jpg,"lincoln field, section 1, row 2, seat 1"
./dataset/00003461.jpg,a football player running with the ball
./dataset/00003462.jpg,a football player catching a ball
./dataset/00003463.jpg,a woman holding a child on her shoulders
./dataset/00003464.jpg,a football game with a player running for the ball
./dataset/00003465.jpg,a man running with a football
./dataset/00003466.jpg,the giants'quarterbacks are in the nfl playoffs
./dataset/00003467.jpg,a football field
./dataset/00003468.jpg,a black and white photo of a football game
./dataset/00003469.jpg,the interior of the stadium
./dataset/00003470.jpg,a football game is being played on a field
./dataset/00003471.jpg,a football player is running with the ball
./dataset/00003472.jpg,the football team is celebrating their team's win
./dataset/00003473.jpg,a group of young people standing on a field
./dataset/00003474.jpg,a football field
./dataset/00003475.jpg,a group of people standing on a field
./dataset/00003476.jpg,a group of cheerleaders perform on the field
./dataset/00003477.jpg,the patriots play the patriots in the afc super bowl game
./dataset/00003478.jpg,a group of young men playing football on a field
./dataset/00003479.jpg,a football player is running on the field
./dataset/00003480.jpg,a football game with a player running the ball
./dataset/00003481.jpg,a football game is being played on a field
./dataset/00003482.jpg,a football game with the referee in the background
./dataset/00003483.jpg,a football team hus together on the field
./dataset/00003484.jpg,a man in a uniform
./dataset/00003485.jpg,a group of football players running on a field
./dataset/00003486.jpg,madden's game for the wii
./dataset/00003487.jpg,the man is wearing a helmet
./dataset/00003488.jpg,a man in a yellow shirt
./dataset/00003489.jpg,the stanford football team celebrates after their win over stanford
./dataset/00003490.jpg,a football game
./dataset/00003491.jpg,a group of people posing for a picture
./dataset/00003492.jpg,the marching team performs at the game
./dataset/00003493.jpg,a soccer field
./dataset/00003494.jpg,a football game is being played on a field
./dataset/00003495.jpg,a large crowd of people
./dataset/00003496.jpg,a football game is being played on a field
./dataset/00003497.jpg,a football game is being played on a field
./dataset/00003498.jpg,a football player standing on the field
./dataset/00003499.jpg,a group of people standing on a field
./dataset/00003500.jpg,a red and white field
./dataset/00003501.jpg,a football player is running with the ball
./dataset/00003502.jpg,a large crowd of people
./dataset/00003503.jpg,a man in a black and white striped shirt
./dataset/00003504.jpg,a football player throwing a ball on a field
./dataset/00003505.jpg,a football game with a player running the ball
./dataset/00003506.jpg,a football stadium
./dataset/00003507.jpg,a football field
./dataset/00003508.jpg,a football player is running with the ball
./dataset/00003509.jpg,a football player running with the ball
./dataset/00003510.jpg,the football team is huddled on the field
./dataset/00003511.jpg,a football game is being played on a field
./dataset/00003512.jpg,a football game with a referee on the sidelines
./dataset/00003513.jpg,a soccer field
./dataset/00003514.jpg,a group of young men playing soccer on a field
./dataset/00003515.jpg,a baseball player is being tended by a coach
./dataset/00003516.jpg,a rugby pitch
./dataset/00003517.jpg,a football game is being played on the field
./dataset/00003518.jpg,a football player running with the ball
./dataset/00003519.jpg,a man in a uniform
./dataset/00003520.jpg,a football game with a player running the ball
./dataset/00003521.jpg,the new track at the university of texas
./dataset/00003522.jpg,the football team is celebrating
./dataset/00003523.jpg,a crowd of people watching a football game
./dataset/00003524.jpg,the university of texas campus in texas
./dataset/00003525.jpg,the football player is running with the ball
./dataset/00003526.jpg,a group of young people posing for a picture
./dataset/00003527.jpg,a football player running with the ball
./dataset/00003528.jpg,a man in a gray shirt
./dataset/00003529.jpg,a football player is making a tackle
./dataset/00003530.jpg,a football player running with the ball
./dataset/00003531.jpg,a football player is about to throw the ball
./dataset/00003532.jpg,a football player throwing a ball in front of a crowd
./dataset/00003533.jpg,a group of young men playing football on a field
./dataset/00003534.jpg,a man in a green shirt
./dataset/00003535.jpg,a man throwing a football
./dataset/00003536.jpg,a group of young people playing a game of football
./dataset/00003537.jpg,a football game is being played in a stadium
./dataset/00003538.jpg,a football player is standing on the field
./dataset/00003539.jpg,a football player is diving for the ball
./dataset/00003540.jpg,the inside of the stadium
./dataset/00003541.jpg,a large stadium
./dataset/00003542.jpg,the football field
./dataset/00003543.jpg,a man catching a football
./dataset/00003544.jpg,aaron carter of the green bay packers runs with the ball
./dataset/00003545.jpg,a group of people playing football on a field
./dataset/00003546.jpg,a football player running with the ball
./dataset/00003547.jpg,a large crowd of people
./dataset/00003548.jpg,a group of people playing a game of fr frc
./dataset/00003549.jpg,a group of people on a field playing football
./dataset/00003550.jpg,a football player running with the ball
./dataset/00003551.jpg,a football game is being played in a stadium
./dataset/00003552.jpg,a football game is being played on the field
./dataset/00003553.jpg,a football player running with the ball
./dataset/00003554.jpg,a football game with a player running the ball
./dataset/00003555.jpg,a football player running with the ball
./dataset/00003556.jpg,a football player is running with the ball
./dataset/00003557.jpg,the bears hu hud before the game
./dataset/00003558.jpg,a soccer field with a spoon of water spering
./dataset/00003559.jpg,a football player running with the ball
./dataset/00003560.jpg,a group of people standing on a field
./dataset/00003561.jpg,a football player walking on the field
./dataset/00003562.jpg,a football player running with the ball
./dataset/00003563.jpg,a girl is holding a frng fr frng frng frng frng frng fr
./dataset/00003564.jpg,a football game is being played on a field
./dataset/00003565.jpg,a group of children
./dataset/00003566.jpg,a group of people posing for a picture
./dataset/00003567.jpg,a football game is being played on the field
./dataset/00003568.jpg,a football player is falling off the field
./dataset/00003569.jpg,a man in a blue uniform
./dataset/00003570.jpg,a group of people are playing soccer on the field
./dataset/00003571.jpg,a football player running with the ball
./dataset/00003572.jpg,a football player running with the ball
./dataset/00003573.jpg,a football player running with the ball
./dataset/00003574.jpg,a football game is being played
./dataset/00003575.jpg,a man in a red shirt standing on a field
./dataset/00003576.jpg,a football game with a player running with the ball
./dataset/00003577.jpg,a football player is tackled by another player
./dataset/00003578.jpg,a football game with a player running for the ball
./dataset/00003579.jpg,a man standing on a track
./dataset/00003580.jpg,a football player running on the field
./dataset/00003581.jpg,a group of people standing on a soccer field
./dataset/00003582.jpg,a football player is tackled by another player
./dataset/00003583.jpg,a football game is being played on the field
./dataset/00003584.jpg,a soccer game is being played in a stadium
./dataset/00003585.jpg,a football player is running with the ball
./dataset/00003586.jpg,a football field
./dataset/00003587.jpg,the football field at sun bowl stadium
./dataset/00003588.jpg,a football player is about to throw the ball
./dataset/00003589.jpg,a football player running with the ball
./dataset/00003590.jpg,a football player throwing a ball
./dataset/00003591.jpg,a group of men standing on top of a field
./dataset/00003592.jpg,a group of young people playing a game of football
./dataset/00003593.jpg,a group of young football players on a field
./dataset/00003594.jpg,a football player is running with the ball
./dataset/00003595.jpg,a table with a football field and a sign
./dataset/00003596.jpg,a man is playing soccer on a field
./dataset/00003597.jpg,a football player celebrating a touchdown
./dataset/00003598.jpg,the football team is celebrating their victory
./dataset/00003599.jpg,the green bay packers are the best team in the nfl
./dataset/00003600.jpg,a man standing on a field
./dataset/00003601.jpg,a football field
./dataset/00003602.jpg,the texans players are being carried off the field
./dataset/00003603.jpg,the marching team performs during the game
./dataset/00003604.jpg,a football stadium filled with fans and smoke
./dataset/00003605.jpg,a group of football players
./dataset/00003606.jpg,a football player is about to throw the ball
./dataset/00003607.jpg,a soccer goal in a field with mountains in the background
./dataset/00003608.jpg,a football player throwing a ball during a game
./dataset/00003609.jpg,the washington redskins running for a touchdown
./dataset/00003610.jpg,the football team is getting ready to run
./dataset/00003611.jpg,a soccer game is being played on the field
./dataset/00003612.jpg,a football stadium
./dataset/00003613.jpg,a man running with a football
./dataset/00003614.jpg,a football game is being played on a field
./dataset/00003615.jpg,a football game is being played on the field
./dataset/00003616.jpg,a man in a uniform
./dataset/00003617.jpg,a man is falling off of a race track
./dataset/00003618.jpg,a football game is being played on the field
./dataset/00003619.jpg,a young man in a yellow uniform throwing a football
./dataset/00003620.jpg,a football game
./dataset/00003621.jpg,a man wearing a football uniform
./dataset/00003622.jpg,a football game with players running and playing
./dataset/00003623.jpg,a football player running with the ball
./dataset/00003624.jpg,the football team is walking on the field
./dataset/00003625.jpg,a football player throwing a ball
./dataset/00003626.jpg,a man holding a camera
./dataset/00003627.jpg,a football player running with the ball
./dataset/00003628.jpg,the green bay packers are playing in the nfl game
./dataset/00003629.jpg,a football game with a player running for the ball
./dataset/00003630.jpg,a group of players
./dataset/00003631.jpg,the cheer team is running on the field
./dataset/00003632.jpg,a football player walking off the field
./dataset/00003633.jpg,a soccer game is being played in a stadium
./dataset/00003634.jpg,the washington redskins players are lined up for the national anthem
./dataset/00003635.jpg,a football player throwing a ball
./dataset/00003636.jpg,a football game is being played on the field
./dataset/00003637.jpg,a football player is running with the ball
./dataset/00003638.jpg,a football player is standing on the sidelines
./dataset/00003639.jpg,a football game is being played on a field
./dataset/00003640.jpg,a football field with a line and numbers
./dataset/00003641.jpg,a man in a uniform
./dataset/00003642.jpg,a football game with the ball in the air
./dataset/00003643.jpg,a man kneeling on the field
./dataset/00003644.jpg,a football game is being played on the field
./dataset/00003645.jpg,a football game is being played on the field
./dataset/00003646.jpg,a group of people standing on a field
./dataset/00003647.jpg,the football player is running with the ball
./dataset/00003648.jpg,a girl running on a field
./dataset/00003649.jpg,the football stadium
./dataset/00003650.jpg,a football player throwing a ball on a field
./dataset/00003651.jpg,a football player is running with the ball
./dataset/00003652.jpg,a group of football players are lined up
./dataset/00003653.jpg,a football player is tackled by another player
./dataset/00003654.jpg,the kansas chiefs are the only team in the nfl draft
./dataset/00003655.jpg,a football game is being played on a field
./dataset/00003656.jpg,a man holding a football in front of a stadium
./dataset/00003657.jpg,the 49ers are getting ready for the season opener
./dataset/00003658.jpg,a football player running with the ball
./dataset/00003659.jpg,a football player is trying to get the ball
./dataset/00003660.jpg,a man in a uniform
./dataset/00003661.jpg,a band playing on a field
./dataset/00003662.jpg,a football game is being played on a field
./dataset/00003663.jpg,the football team is on the field
./dataset/00003664.jpg,the football field at the university of texas
./dataset/00003665.jpg,the seahawks cheer team performs during the game
./dataset/00003666.jpg,a group of people standing on a field
./dataset/00003667.jpg,the inside of the stadium
./dataset/00003668.jpg,the players are practicing on the field
./dataset/00003669.jpg,a football field with the number 30 on it
./dataset/00003670.jpg,a football player is running with the ball
./dataset/00003671.jpg,a football player running with the ball
./dataset/00003672.jpg,a large crowd of people
./dataset/00003673.jpg,a man in a uniform
./dataset/00003674.jpg,a man on a field
./dataset/00003675.jpg,a football player is running with the ball
./dataset/00003676.jpg,a group of people standing on a field
./dataset/00003677.jpg,a stadium with a football field and a field
./dataset/00003678.jpg,a man holding a football
./dataset/00003679.jpg,a football player running on the field
./dataset/00003680.jpg,a band marching in a stadium
./dataset/00003681.jpg,a football player running with the ball
./dataset/00003682.jpg,a baseball game is being played in a stadium
./dataset/00003683.jpg,a football player is about to throw the ball
./dataset/00003684.jpg,a football game is being played on a field
./dataset/00003685.jpg,a field with a fence and a field with a field in the background
./dataset/00003686.jpg,a football stadium filled with fans and a field
./dataset/00003687.jpg,a group of young men playing football on a field
./dataset/00003688.jpg,a group of young men playing a game of fr fr fr
./dataset/00003689.jpg,a football game
./dataset/00003690.jpg,michigan state football vs michigan state
./dataset/00003691.jpg,the stanford stanford stanford football team hus before the game
./dataset/00003692.jpg,a black and white photo of a football game
./dataset/00003693.jpg,a soccer game is being played on a television screen
./dataset/00003694.jpg,a group of people playing fr fr fr fr fr fr fr fr fr fr fr fr fr fr
./dataset/00003695.jpg,a football player running with the ball
./dataset/00003696.jpg,seating view for washington redskins at mercedes stadium
./dataset/00003697.jpg,a bulldog dog wearing a red shirt
./dataset/00003698.jpg,a man in a black jacket and a woman in a purple uniform
./dataset/00003699.jpg,a football player running with the ball
./dataset/00003700.jpg,a football game is being played on the field
./dataset/00003701.jpg,a group of young football players running on a field
./dataset/00003702.jpg,a field with a soccer field
./dataset/00003703.jpg,a football player running with the ball
./dataset/00003704.jpg,a man running with a football on a field
./dataset/00003705.jpg,a football player is running with the ball
./dataset/00003706.jpg,a football game is being played on the field
./dataset/00003707.jpg,a man in a white uniform
./dataset/00003708.jpg,a football field
./dataset/00003709.jpg,a football game is being played on the field
./dataset/00003710.jpg,a group of men playing soccer on a field
./dataset/00003711.jpg,a football player is running with the ball
./dataset/00003712.jpg,the jets running back to the colts
./dataset/00003713.jpg,a group of men playing soccer on a field
./dataset/00003714.jpg,a football player is running with the ball
./dataset/00003715.jpg,a group of people playing a game of fr frc
./dataset/00003716.jpg,a group of young football players running on a field
./dataset/00003717.jpg,a football player throwing a ball on the field
./dataset/00003718.jpg,the mascot is dancing on the field
./dataset/00003719.jpg,an aerial view of the new stadium
./dataset/00003720.jpg,the football team is running on the field
./dataset/00003721.jpg,a football game with players on the field
./dataset/00003722.jpg,a football game is being played on the field
./dataset/00003723.jpg,the band is playing on the field
./dataset/00003724.jpg,a man standing in a field
./dataset/00003725.jpg,a football player running with the ball
./dataset/00003726.jpg,a football player is kneeling on the field
./dataset/00003727.jpg,a football game with the ball in the air
./dataset/00003728.jpg,the women's soccer team is celebrating their victory
./dataset/00003729.jpg,a boy catching a ball
./dataset/00003730.jpg,a soccer field with a goal in the middle
./dataset/00003731.jpg,a group of people walking on a field
./dataset/00003732.jpg,a football player running with the ball
./dataset/00003733.jpg,a football player is holding his helmet
./dataset/00003734.jpg,a football game with players on the field
./dataset/00003735.jpg,a football player running with the ball
./dataset/00003736.jpg,a football player throwing a ball during a game
./dataset/00003737.jpg,a group of people standing on a field
./dataset/00003738.jpg,a football player running with the ball
./dataset/00003739.jpg,a football game is being played on the field
./dataset/00003740.jpg,a group of men playing soccer on a field
./dataset/00003741.jpg,a group of people playing a game of football
./dataset/00003742.jpg,a stadium filled with fans
./dataset/00003743.jpg,a football player running with the ball
./dataset/00003744.jpg,a man running with a football
./dataset/00003745.jpg,a man running with a football
./dataset/00003746.jpg,a man in a red shirt is throwing a fr fr
./dataset/00003747.jpg,a football player is running with the ball
./dataset/00003748.jpg,a football player running with the ball
./dataset/00003749.jpg,a man running with a football
./dataset/00003750.jpg,the cheer team is performing in a cheer
./dataset/00003751.jpg,a football game
./dataset/00003752.jpg,a football game with a crowd of people
./dataset/00003753.jpg,a group of people playing a game of fr frc
./dataset/00003754.jpg,a football player is tackled by a defender
./dataset/00003755.jpg,a group of men in uniform playing football
./dataset/00003756.jpg,the cheer team performs during the game
./dataset/00003757.jpg,a group of young men posing for a picture
./dataset/00003758.jpg,a stadium with a green field and a blue sky
./dataset/00003759.jpg,a football game is being played at the stadium
./dataset/00003760.jpg,a football game with the ball in the air
./dataset/00003761.jpg,a large crowd of people
./dataset/00003762.jpg,a football player running with the ball
./dataset/00003763.jpg,penn state football players kneel down after the game
./dataset/00003764.jpg,a football player running on the field
./dataset/00003765.jpg,a football player running with the ball
./dataset/00003766.jpg,a football player is running with the ball
./dataset/00003767.jpg,a field with a flag pole and a building in the background
./dataset/00003768.jpg,a football player running with the ball
./dataset/00003769.jpg,a football player is running with the ball
./dataset/00003770.jpg,a group of players
./dataset/00003771.jpg,a man in uniform
./dataset/00003772.jpg,a football player running with the ball
./dataset/00003773.jpg,a football player running with the ball
./dataset/00003774.jpg,the football team poses for a photo after their game
./dataset/00003775.jpg,a football player running with the ball
./dataset/00003776.jpg,a football game with a player running the ball
./dataset/00003777.jpg,a football game with players on the field
./dataset/00003778.jpg,michigan running back to beat michigan
./dataset/00003779.jpg,the stadium at usc stadium
./dataset/00003780.jpg,a football player running with the ball
./dataset/00003781.jpg,a football game is being played on the field
./dataset/00003782.jpg,a group of people
./dataset/00003783.jpg,the cheerleaders are wearing white boots
./dataset/00003784.jpg,a football game is being played in a stadium
./dataset/00003785.jpg,a football stadium
./dataset/00003786.jpg,a man in a black shirt
./dataset/00003787.jpg,a football game with a player on the ground
./dataset/00003788.jpg,alabama state football
./dataset/00003789.jpg,the football team is running on the field
./dataset/00003790.jpg,a football field
./dataset/00003791.jpg,a football game with a crowd watching
./dataset/00003792.jpg,a field with a soccer field and a soccer goal
./dataset/00003793.jpg,michigan's running back to the big game
./dataset/00003794.jpg,a football player running on the field
./dataset/00003795.jpg,three men in maroon uniforms
./dataset/00003796.jpg,a football player running with the ball
./dataset/00003797.jpg,a football player running on the field
./dataset/00003798.jpg,a young boy in a helmet watches a football game
./dataset/00003799.jpg,a football game with a player running the ball
./dataset/00003800.jpg,a stadium filled with people
./dataset/00003801.jpg,the michigan football team hus during the game
./dataset/00003802.jpg,a man in a uniform holding a jacket
./dataset/00003803.jpg,a football player running with the ball
./dataset/00003804.jpg,a crowd of people
./dataset/00003805.jpg,the players are all in a hut
./dataset/00003806.jpg,a football game is being played on the field
./dataset/00003807.jpg,the chargers are getting their hands on the quarterback
./dataset/00003808.jpg,a football player is running with the ball
./dataset/00003809.jpg,a football game with a crowd of people
./dataset/00003810.jpg,a mascot dressed as a cowboy
./dataset/00003811.jpg,the eagles'offense is not enough for the eagles
./dataset/00003812.jpg,a football player running with the ball
./dataset/00003813.jpg,the football team is walking onto the field
./dataset/00003814.jpg,a football player running with the ball
./dataset/00003815.jpg,a soccer game is being played in a stadium
./dataset/00003816.jpg,a group of people standing on a field
./dataset/00003817.jpg,a man in a green shirt
./dataset/00003818.jpg,the soccer team is standing on the field
./dataset/00003819.jpg,the washington redskins players are celebrating after the game
./dataset/00003820.jpg,a group of people riding bikes down a dirt road
./dataset/00003821.jpg,a man laying on the ground
./dataset/00003822.jpg,ncaa football screens
./dataset/00003823.jpg,a football player running with the ball
./dataset/00003824.jpg,a group of young football players
./dataset/00003825.jpg,the 49ers are in a hut
./dataset/00003826.jpg,a football game is being played on the field
./dataset/00003827.jpg,a football game is being played on the field
./dataset/00003828.jpg,a blue score board
./dataset/00003829.jpg,a young boy in a green and white uniform kicking a soccer ball
./dataset/00003830.jpg,the football team is walking onto the field
./dataset/00003831.jpg,a group of people playing a game of fr fr fr fr fr fr fr fr fr fr fr
./dataset/00003832.jpg,a football game is being played on a field
./dataset/00003833.jpg,a group of men playing soccer on a field
./dataset/00003834.jpg,a football game with the ball in the air
./dataset/00003835.jpg,a football field with a football field and a football field
./dataset/00003836.jpg,a lacrosse player running with the ball
./dataset/00003837.jpg,a football player is tackled by several defenders
./dataset/00003838.jpg,a football player running with the ball
./dataset/00003839.jpg,a football game
./dataset/00003840.jpg,the ravens'defense is a big problem for the ravens
./dataset/00003841.jpg,the football team is playing on the field
./dataset/00003842.jpg,a football player running with the ball
./dataset/00003843.jpg,a football player running with the ball
./dataset/00003844.jpg,a large crowd of people
./dataset/00003845.jpg,a football player running with the ball
./dataset/00003846.jpg,a football stadium filled with fans and a football field
./dataset/00003847.jpg,a football player holding a ball in his hand
./dataset/00003848.jpg,a baseball player swinging a bat at a game
./dataset/00003849.jpg,a group of people
./dataset/00003850.jpg,the football field at the university of michigan
./dataset/00003851.jpg,a football player is walking on the field
./dataset/00003852.jpg,a group of young women playing a game of football
./dataset/00003853.jpg,the view from the top of the field at usc stadium
./dataset/00003854.jpg,a group of people standing on a field
./dataset/00003855.jpg,a football player running with the ball
./dataset/00003856.jpg,a football game is being played
./dataset/00003857.jpg,a football player is running with the ball
./dataset/00003858.jpg,a man running with a frc
./dataset/00003859.jpg,the patriots running the ball during a game
./dataset/00003860.jpg,a man riding a bike down a street
./dataset/00003861.jpg,the football team is standing on the field
./dataset/00003862.jpg,a football game is being played on the field
./dataset/00003863.jpg,a man in a uniform
./dataset/00003864.jpg,a purple and white parking lot
./dataset/00003865.jpg,the view from the end zone at the broncos stadium
./dataset/00003866.jpg,a football player running with the ball
./dataset/00003867.jpg,a young boy is playing with a fr fr fr fr fr fr fr fr fr fr fr fr
./dataset/00003868.jpg,the broncos running back to the broncos
./dataset/00003869.jpg,a football player running with the ball
./dataset/00003870.jpg,a football player is tackled by several other players
./dataset/00003871.jpg,the football players are playing together
./dataset/00003872.jpg,a football player running with the ball
./dataset/00003873.jpg,a group of people standing on a field
./dataset/00003874.jpg,a football player running with the ball
./dataset/00003875.jpg,a group of people posing for a picture
./dataset/00003876.jpg,a group of people playing a game of football
./dataset/00003877.jpg,the cheer team performs during the game
./dataset/00003878.jpg,a group of young men playing football on a field
./dataset/00003879.jpg,the crowd is watching the game
./dataset/00003880.jpg,a large stadium
./dataset/00003881.jpg,a football game with the opposing running
./dataset/00003882.jpg,the crowd at a basketball game
./dataset/00003883.jpg,a baseball field
./dataset/00003884.jpg,a football game with the ball in the air
./dataset/00003885.jpg,a football game with players running on the field
./dataset/00003886.jpg,a man standing on a field
./dataset/00003887.jpg,a crowd of people watching a football game
./dataset/00003888.jpg,a football player running with the ball
./dataset/00003889.jpg,the baltimore ravens hut the new york jets in the first quarter
./dataset/00003890.jpg,a group of cheerleaders
./dataset/00003891.jpg,a football field with a yellow and black field
./dataset/00003892.jpg,a soccer game in a stadium
./dataset/00003893.jpg,a football game with players and fans walking on the field
./dataset/00003894.jpg,a football game is being played on a field
./dataset/00003895.jpg,the football team hus around the field
./dataset/00003896.jpg,a football game with a player running for the ball
./dataset/00003897.jpg,a large white object
./dataset/00003898.jpg,a man in a red shirt
./dataset/00003899.jpg,a football player running with the ball
./dataset/00003900.jpg,the football team hus together on the field
./dataset/00003901.jpg,a football field with a field goal and a field
./dataset/00003902.jpg,the university of virginia's logo is painted on the grass
./dataset/00003903.jpg,a football player is trying to get the ball
./dataset/00003904.jpg,the football team is huddled up on the field
./dataset/00003905.jpg,a football game is being played on the field
./dataset/00003906.jpg,a football game with players running and running
./dataset/00003907.jpg,a group of people playing soccer on a field
./dataset/00003908.jpg,a football player running with the ball
./dataset/00003909.jpg,the new england patriots play against the new england patriots in the afc super bowl game
./dataset/00003910.jpg,a large crowd of people
./dataset/00003911.jpg,a football player running with the ball
./dataset/00003912.jpg,a football player is running with the ball
./dataset/00003913.jpg,a football player running with the ball
./dataset/00003914.jpg,a man throwing a football
./dataset/00003915.jpg,the nfl team is playing football on the field
./dataset/00003916.jpg,a group of women playing volleyball in a gym
./dataset/00003917.jpg,the olympic stadium in vancouver
./dataset/00003918.jpg,a football game is being played on a field
./dataset/00003919.jpg,a man in a white uniform
./dataset/00003920.jpg,the football team is playing on the field
./dataset/00003921.jpg,a football player running with the ball
./dataset/00003922.jpg,a group of young boys playing a game of football
./dataset/00003923.jpg,the football field at the university of alabama
./dataset/00003924.jpg,a football field with a goal post and a football field
./dataset/00003925.jpg,a soccer game with a crowd watching
./dataset/00003926.jpg,the chicago bears celebrate after a touchdown
./dataset/00003927.jpg,the sydney cricket stadium
./dataset/00003928.jpg,a field with a white building in the background
./dataset/00003929.jpg,a football field
./dataset/00003930.jpg,a football player is running with the ball
./dataset/00003931.jpg,a football player running with the ball
./dataset/00003932.jpg,a football player running with the ball
./dataset/00003933.jpg,a man in a white uniform
./dataset/00003934.jpg,a football game with a player throwing the ball
./dataset/00003935.jpg,the stadium at gill field
./dataset/00003936.jpg,the ravens are the only team in the nfl playoffs
./dataset/00003937.jpg,a football game in a stadium with fans
./dataset/00003938.jpg,a soccer field at night
./dataset/00003939.jpg,a crowd of people
./dataset/00003940.jpg,a football player running with the ball
./dataset/00003941.jpg,the football team is huddled on the field
./dataset/00003942.jpg,the football team is celebrating after the game
./dataset/00003943.jpg,a football player running with the ball
./dataset/00003944.jpg,the university of michigan marching team
./dataset/00003945.jpg,a football player running with the ball
./dataset/00003946.jpg,a group of people standing around a soccer field
./dataset/00003947.jpg,a woman is laying on the ground with a ball
./dataset/00003948.jpg,a man in a suit is running on a green field
./dataset/00003949.jpg,the football players are playing on the field
./dataset/00003950.jpg,a football player running with the ball
./dataset/00003951.jpg,a football player is getting ready to block the ball
./dataset/00003952.jpg,a football game is being played on the field
./dataset/00003953.jpg,a football player running with the ball
./dataset/00003954.jpg,a football player is tackled by a player
./dataset/00003955.jpg,a group of people playing a game of football
./dataset/00003956.jpg,the new york jets play the buffalo bills in the first half of the game
./dataset/00003957.jpg,a football player running with the ball
./dataset/00003958.jpg,a football player is running with the ball
./dataset/00003959.jpg,a football player running with the ball
./dataset/00003960.jpg,the browns running back to the dolphins
./dataset/00003961.jpg,a football player running on the field
./dataset/00003962.jpg,a football game is being played on the field
./dataset/00003963.jpg,the new york arena
./dataset/00003964.jpg,a football player running with the ball
./dataset/00003965.jpg,a band of people in white uniforms
./dataset/00003966.jpg,the view from the end zone at met stadium
./dataset/00003967.jpg,a football game is being played on a field
./dataset/00003968.jpg,a football game is being played on the field
./dataset/00003969.jpg,a group of people playing football on a field
./dataset/00003970.jpg,a football player running with the ball
./dataset/00003971.jpg,a red track
./dataset/00003972.jpg,a group of young men playing a game of soccer
./dataset/00003973.jpg,a football field
./dataset/00003974.jpg,a large crowd of people
./dataset/00003975.jpg,a group of people standing on a field
./dataset/00003976.jpg,a football player is falling to the ground
./dataset/00003977.jpg,the cheerleaders perform before the game
./dataset/00003978.jpg,a black and white photo of a soccer match
./dataset/00003979.jpg,a man kneeling on a soccer field
./dataset/00003980.jpg,madden's gameday - pittsburgh steelers vs pittsburgh browns
./dataset/00003981.jpg,the lacrosse team is huddleded up on the field
./dataset/00003982.jpg,a football player running with the ball
./dataset/00003983.jpg,a woman in a red jersey
./dataset/00003984.jpg,the football field at penn stadium
./dataset/00003985.jpg,a man running with a football
./dataset/00003986.jpg,a large balloon is being blown by a crowd
./dataset/00003987.jpg,a football game is being played on a field
./dataset/00003988.jpg,a football player is running with the ball
./dataset/00003989.jpg,a football player running with the ball
./dataset/00003990.jpg,a football player is running with the ball
./dataset/00003991.jpg,a football game is being played on a field
./dataset/00003992.jpg,a man in a uniform
./dataset/00003993.jpg,the football team is walking onto the field
./dataset/00003994.jpg,the football game is being played
./dataset/00003995.jpg,a football game with players on the field
./dataset/00003996.jpg,a football game is being played on the field
./dataset/00003997.jpg,the view from the sidelines at the end zone of the stadium
./dataset/00003998.jpg,a group of people playing football on a field
./dataset/00003999.jpg,a football player is falling off the ground
./dataset/00004000.jpg,a field with a fence and a soccer field
./dataset/00004001.jpg,a football player running with the ball
./dataset/00004002.jpg,a man in a white shirt
./dataset/00004003.jpg,a football game
./dataset/00004004.jpg,a football player running with the ball
./dataset/00004005.jpg,a man running with a football
./dataset/00004006.jpg,a football player is running with the ball
./dataset/00004007.jpg,a fence is in front of a soccer field
./dataset/00004008.jpg,a football player throwing a ball
./dataset/00004009.jpg,a football player is trying to get past the defense
./dataset/00004010.jpg,a football game with the ball in the air
./dataset/00004011.jpg,a soccer field
./dataset/00004012.jpg,the football players are playing on the field
./dataset/00004013.jpg,a football game is being played in a stadium
./dataset/00004014.jpg,a football player running with the ball
./dataset/00004015.jpg,a soccer goal is in the goal net
./dataset/00004016.jpg,a football player is running on the field
./dataset/00004017.jpg,a football game is being played on the field
./dataset/00004018.jpg,a football player is laying on the field
./dataset/00004019.jpg,a football player running with the ball
./dataset/00004020.jpg,a football game with a crowd of people watching
./dataset/00004021.jpg,a football player is running with the ball
./dataset/00004022.jpg,a football game is being played on the field
./dataset/00004023.jpg,a football game is being played on a dark night
./dataset/00004024.jpg,a large crowd of people
./dataset/00004025.jpg,a group of people standing on a blue platform
./dataset/00004026.jpg,a football player running with the ball
./dataset/00004027.jpg,the football team is practicing on the field
./dataset/00004028.jpg,a large stadium filled with people and a football field
./dataset/00004029.jpg,a referee walking across a parking lot
./dataset/00004030.jpg,a football game
./dataset/00004031.jpg,a stadium filled with people watching a football game
./dataset/00004032.jpg,a football player running with the ball
./dataset/00004033.jpg,a soccer game is being played in a stadium
./dataset/00004034.jpg,a glass of beer sitting on a table in front of a stadium
./dataset/00004035.jpg,a football game is being played on a field
./dataset/00004036.jpg,a football game is being played in a stadium
./dataset/00004037.jpg,a football game is being played on a field
./dataset/00004038.jpg,a blue sky
./dataset/00004039.jpg,a group of people on a field playing a game
./dataset/00004040.jpg,a football field
./dataset/00004041.jpg,a man throwing a football
./dataset/00004042.jpg,a group of cheerleaders
./dataset/00004043.jpg,a football stadium with a large crowd
./dataset/00004044.jpg,the football team is playing on the field
./dataset/00004045.jpg,a baseball field with a baseball field and a baseball field
./dataset/00004046.jpg,a football player is running with the ball
./dataset/00004047.jpg,a man in a purple jacket
./dataset/00004048.jpg,two cheerleaders cheer during a football game
./dataset/00004049.jpg,a football player is running with the ball
./dataset/00004050.jpg,a man holding a football
./dataset/00004051.jpg,a field with a soccer goal and a building in the background
./dataset/00004052.jpg,a football game with the players on the field
./dataset/00004053.jpg,a man in a blue shirt
./dataset/00004054.jpg,a football field
./dataset/00004055.jpg,a football player is running with the ball
./dataset/00004056.jpg,a football player is running with the ball
./dataset/00004057.jpg,the marching team performs at the football game
./dataset/00004058.jpg,referee is wearing a blue shirt
./dataset/00004059.jpg,the football players are playing on the field
./dataset/00004060.jpg,a group of young men playing a game of football
./dataset/00004061.jpg,a football game is being played on the field
./dataset/00004062.jpg,a football game is being played on a field
./dataset/00004063.jpg,the football team is running on the field
./dataset/00004064.jpg,a football player running with the ball
./dataset/00004065.jpg,a man in a suit and hat walking on a field
./dataset/00004066.jpg,a football game with a player running with the ball
./dataset/00004067.jpg,the football game is being played
./dataset/00004068.jpg,a football game with a player trying to get the ball
./dataset/00004069.jpg,the bears and the bears are on the field after the game
./dataset/00004070.jpg,the view from the top of the field at the jets stadium
./dataset/00004071.jpg,a football player running with the ball
./dataset/00004072.jpg,the broncos running back to the broncos
./dataset/00004073.jpg,a football player running with the ball
./dataset/00004074.jpg,the players are all huddled up
./dataset/00004075.jpg,a football game is being played on a field
./dataset/00004076.jpg,a football game
./dataset/00004077.jpg,a football player running with the ball
./dataset/00004078.jpg,a football game is being played on the field
./dataset/00004079.jpg,a football player is running with the ball
./dataset/00004080.jpg,a football field
./dataset/00004081.jpg,a football game with the players on the field
./dataset/00004082.jpg,the notres running the ball during a game
./dataset/00004083.jpg,the stadium at the university of notre
./dataset/00004084.jpg,a football game with a crowd of people watching
./dataset/00004085.jpg,a group of people playing a game of football
./dataset/00004086.jpg,the bears are playing in the nfl game
./dataset/00004087.jpg,the team is posing for a photo
./dataset/00004088.jpg,the football team runs the ball during practice
./dataset/00004089.jpg,a football player is on the ground after a tackle
./dataset/00004090.jpg,a stadium with a large green field
./dataset/00004091.jpg,a football game with a crowd of people watching
./dataset/00004092.jpg,a man holding a sign
./dataset/00004093.jpg,a stadium filled with people
./dataset/00004094.jpg,a football game with players on the field
./dataset/00004095.jpg,a football game is being played
./dataset/00004096.jpg,a football field
./dataset/00004097.jpg,the new orleans saints players walk off the field after the game
./dataset/00004098.jpg,a group of men playing soccer on a field
./dataset/00004099.jpg,a field with a small building and a green field
./dataset/00004100.jpg,a football player running on the field
./dataset/00004101.jpg,a view of a baseball field from a plane
./dataset/00004102.jpg,a football player throwing a ball
./dataset/00004103.jpg,a man laying on the grass
./dataset/00004104.jpg,the cheerleaders of the los rams cheer team
./dataset/00004105.jpg,the football team is playing on the field
./dataset/00004106.jpg,a football player is falling off the field
./dataset/00004107.jpg,the washington redskins celebrate their win over the pittsburgh steelers
./dataset/00004108.jpg,a football player is running with the ball
./dataset/00004109.jpg,a football field
./dataset/00004110.jpg,a football game is being played
./dataset/00004111.jpg,a football game with the opposing
./dataset/00004112.jpg,a football game with a player running the ball
./dataset/00004113.jpg,a football game is being played on a field
./dataset/00004114.jpg,a football player running with the ball
./dataset/00004115.jpg,a football game with a player running the ball
./dataset/00004116.jpg,a football player is tackled by a group of defenders
./dataset/00004117.jpg,"the new lamb stadium in lamb stadium, home of the philadelphia eagles"
./dataset/00004118.jpg,a football game is shown in this image
./dataset/00004119.jpg,a large field
./dataset/00004120.jpg,madden's game is coming to the xbox
./dataset/00004121.jpg,a football player catching a ball
./dataset/00004122.jpg,a football player running on the field
./dataset/00004123.jpg,a large screen on the side of a field
./dataset/00004124.jpg,a football player running with the ball
./dataset/00004125.jpg,the carolina panthers cheer team at the carolina stadium
./dataset/00004126.jpg,a football player running with the ball
./dataset/00004127.jpg,a football game is being played in a stadium
./dataset/00004128.jpg,a football game with a crowd watching
./dataset/00004129.jpg,a football player running with the ball
./dataset/00004130.jpg,the football team hus together on the field
./dataset/00004131.jpg,a band is performing on the field
./dataset/00004132.jpg,the football team is running onto the field
./dataset/00004133.jpg,a group of men playing soccer on a field
./dataset/00004134.jpg,a football game with the ball in the air
./dataset/00004135.jpg,a group of people watching a soccer game
./dataset/00004136.jpg,a man standing on a field in a stadium
./dataset/00004137.jpg,a football game is being played on the field
./dataset/00004138.jpg,a group of men playing a game of lacrosse
./dataset/00004139.jpg,a soccer game is being played in a stadium
./dataset/00004140.jpg,two men playing soccer on a field
./dataset/00004141.jpg,the marching team performs at the football game
./dataset/00004142.jpg,the football field at the university of kentucky
./dataset/00004143.jpg,a football game with players and a referee
./dataset/00004144.jpg,a man in a green and yellow shirt
./dataset/00004145.jpg,a football player is holding the ball
./dataset/00004146.jpg,a man in a football uniform on a field
./dataset/00004147.jpg,a man holding a football ball while another man watches
./dataset/00004148.jpg,a man running with a football on a field
./dataset/00004149.jpg,a stadium with a red and white field
./dataset/00004150.jpg,a football player catching a ball in the air
./dataset/00004151.jpg,a football game with the ball in the air
./dataset/00004152.jpg,a football game with a player running the ball
./dataset/00004153.jpg,the cheer team performs during the game
./dataset/00004154.jpg,a group of people standing on a field
./dataset/00004155.jpg,"peyton johnson, denver broncos"
./dataset/00004156.jpg,a football player running on a field
./dataset/00004157.jpg,a football stadium
./dataset/00004158.jpg,a football player running with the ball
./dataset/00004159.jpg,a man in a blue uniform standing on a field
./dataset/00004160.jpg,a football game is being played
./dataset/00004161.jpg,a football game is being played on the field
./dataset/00004162.jpg,a football player is kneeling on the ground
./dataset/00004163.jpg,a football player running with the ball
./dataset/00004164.jpg,the new stadium at gill field
./dataset/00004165.jpg,a football game is being played on the field
./dataset/00004166.jpg,a football player running with the ball
./dataset/00004167.jpg,a football player is running with the ball
./dataset/00004168.jpg,a football player is being restrained by an umpire
./dataset/00004169.jpg,a red and white stadium
./dataset/00004170.jpg,a football game with a player running the ball
./dataset/00004171.jpg,a stadium with a football field and lights
./dataset/00004172.jpg,a crowd of people watching a baseball game
./dataset/00004173.jpg,a group of young football players in a line
./dataset/00004174.jpg,a group of people standing on a field
./dataset/00004175.jpg,a football player is getting ready to run
./dataset/00004176.jpg,a football player running with the ball
./dataset/00004177.jpg,a football player catching a ball in the air
./dataset/00004178.jpg,a stadium with a field and a flag
./dataset/00004179.jpg,the washington redskins running back to the redskins
./dataset/00004180.jpg,a football game with the ball in the air
./dataset/00004181.jpg,a football player is about to throw the ball
./dataset/00004182.jpg,a football player is running with the ball
./dataset/00004183.jpg,the green bay packers stadium
./dataset/00004184.jpg,a football player is about to throw the ball
./dataset/00004185.jpg,the browns'defense is a big problem
./dataset/00004186.jpg,"gill field, section 2, row 2, seat 1"
./dataset/00004187.jpg,a crowd of people
./dataset/00004188.jpg,a football game is being played on the field
./dataset/00004189.jpg,the field at the texas stadium
./dataset/00004190.jpg,a stadium filled with people
./dataset/00004191.jpg,a man running with a football on a field
./dataset/00004192.jpg,a young boy is throwing a football ball
./dataset/00004193.jpg,the football team is running for the ball
./dataset/00004194.jpg,a football player running with the ball
./dataset/00004195.jpg,a football game is being played on the field
./dataset/00004196.jpg,a football game with players running and playing
./dataset/00004197.jpg,a man running with a football
./dataset/00004198.jpg,a young boy running with a football
./dataset/00004199.jpg,a football game with a referee and a referee
./dataset/00004200.jpg,the michigan state football team is playing against michigan state
./dataset/00004201.jpg,a football game with players on the field
./dataset/00004202.jpg,a group of people standing on top of a green field
./dataset/00004203.jpg,the football team is celebrating their victory
./dataset/00004204.jpg,a football player is about to throw the ball
./dataset/00004205.jpg,a football player running with the ball
./dataset/00004206.jpg,the 49ers'quarterbacks are in the nfl playoffs
./dataset/00004207.jpg,a football player is running on the field
./dataset/00004208.jpg,a field with a football field and a field goal
./dataset/00004209.jpg,a crowd of people standing in a stadium
./dataset/00004210.jpg,a group of people riding in a car on a field
./dataset/00004211.jpg,a football player running with the ball
./dataset/00004212.jpg,a group of football players standing on a field
./dataset/00004213.jpg,a football game is being played on a field
./dataset/00004214.jpg,a football player running with the ball
./dataset/00004215.jpg,a stadium with a football field and a crowd
./dataset/00004216.jpg,the football team is playing on the field
./dataset/00004217.jpg,a boy running with a ball
./dataset/00004218.jpg,a football player running with the ball
./dataset/00004219.jpg,a man running with a football
./dataset/00004220.jpg,a football game is being played
./dataset/00004221.jpg,a group of people playing a game of football
./dataset/00004222.jpg,a football player is about to throw the ball
./dataset/00004223.jpg,a football player is running with the ball
./dataset/00004224.jpg,the football team is lined up on the field
./dataset/00004225.jpg,a group of people playing a game of football
./dataset/00004226.jpg,a crowd of people at a football game
./dataset/00004227.jpg,a group of people sitting in a stadium
./dataset/00004228.jpg,a football player running with the ball
./dataset/00004229.jpg,philadelphia eagles running back to beat dallas cowboys
./dataset/00004230.jpg,a football game
./dataset/00004231.jpg,a football player running with the ball
./dataset/00004232.jpg,a soccer field with a soccer goal in the middle
./dataset/00004233.jpg,a football player running with the ball
./dataset/00004234.jpg,a football player running with the ball
./dataset/00004235.jpg,a group of people playing a game of football
./dataset/00004236.jpg,a group of women standing on a field
./dataset/00004237.jpg,a football player is tackled by a football player
./dataset/00004238.jpg,a man running with a football
./dataset/00004239.jpg,a man in a red and white uniform
./dataset/00004240.jpg,the cheerleaders of the dallas cowboys
./dataset/00004241.jpg,a football field
./dataset/00004242.jpg,a football player is running with the ball
./dataset/00004243.jpg,a football player running with the ball
./dataset/00004244.jpg,a football player catching a ball
./dataset/00004245.jpg,a football player running with the ball
./dataset/00004246.jpg,a group of people holding flags on a field
./dataset/00004247.jpg,a football player is running with the ball
./dataset/00004248.jpg,a group of people standing on a field
./dataset/00004249.jpg,a football game is being played on a field
./dataset/00004250.jpg,a football game with the opposing on the field
./dataset/00004251.jpg,a football game with a player throwing the ball
./dataset/00004252.jpg,a football game with players on the field
./dataset/00004253.jpg,a football player running with the ball
./dataset/00004254.jpg,a football player standing on the field
./dataset/00004255.jpg,a football game with a player on the field
./dataset/00004256.jpg,a football game is being played
./dataset/00004257.jpg,a football player running with the ball
./dataset/00004258.jpg,a football player is running with the ball
./dataset/00004259.jpg,a football game is being played on the field
./dataset/00004260.jpg,a group of football players standing on a field
./dataset/00004261.jpg,a football player is tackled by a group of players
./dataset/00004262.jpg,a football game with a player on the field
./dataset/00004263.jpg,a football game is being played on a field
./dataset/00004264.jpg,a football player running with the ball
./dataset/00004265.jpg,a football game
./dataset/00004266.jpg,the football field at the university of wisconsin
./dataset/00004267.jpg,a football game with a player running for the ball
./dataset/00004268.jpg,a football player running with the ball
./dataset/00004269.jpg,the stadium at ohio stadium
./dataset/00004270.jpg,the game is being played
./dataset/00004271.jpg,a football player running on the field
./dataset/00004272.jpg,a baseball player swinging a bat
./dataset/00004273.jpg,a football player throwing a ball
./dataset/00004274.jpg,a football game with the ball in the air
./dataset/00004275.jpg,a football game is being played
./dataset/00004276.jpg,penn's matt williams celebrates his touchdown
./dataset/00004277.jpg,a football player is about to catch the ball
./dataset/00004278.jpg,a group of people sitting on a field
./dataset/00004279.jpg,a football player running with the ball
./dataset/00004280.jpg,a group of people playing a game of football
./dataset/00004281.jpg,a football game is being played on a field
./dataset/00004282.jpg,a football player running with the ball
./dataset/00004283.jpg,a football player running with the ball
./dataset/00004284.jpg,a football player running with the ball
./dataset/00004285.jpg,the washington redskins players are standing on the field
./dataset/00004286.jpg,the empty stadium
./dataset/00004287.jpg,a man in a uniform throwing a football
./dataset/00004288.jpg,a football game is being played on the field
./dataset/00004289.jpg,the football field at usc stadium
./dataset/00004290.jpg,the football stadium in the middle of the stadium
./dataset/00004291.jpg,a football player running with the ball
./dataset/00004292.jpg,madden's new york jets game will be played in the nfl
./dataset/00004293.jpg,a couple of people standing in front of a stadium
./dataset/00004294.jpg,a football player is about to throw the ball
./dataset/00004295.jpg,a football game with a crowd watching
./dataset/00004296.jpg,a football game with players on the field
./dataset/00004297.jpg,a football player is about to throw the ball
./dataset/00004298.jpg,the view from the end zone at gill field
./dataset/00004299.jpg,a large stadium
./dataset/00004300.jpg,a baseball stadium
./dataset/00004301.jpg,a football game in the early 1960s
./dataset/00004302.jpg,a football game is being played on the field
./dataset/00004303.jpg,a football game with a player getting ready to block the ball
./dataset/00004304.jpg,a football player catching a ball on the field
./dataset/00004305.jpg,a football player running with the ball
./dataset/00004306.jpg,a football game is being played on the field
./dataset/00004307.jpg,a group of young people playing a game of rugby
./dataset/00004308.jpg,a stadium full of people
./dataset/00004309.jpg,a football player is running with the ball
./dataset/00004310.jpg,a stadium with a red and green field
./dataset/00004311.jpg,the nfl team is playing on the field
./dataset/00004312.jpg,the football team is running on the field
./dataset/00004313.jpg,the bears'defense is a big problem for the bears
./dataset/00004314.jpg,a football game is being played on a sunny day
./dataset/00004315.jpg,a football game
./dataset/00004316.jpg,a football stadium
./dataset/00004317.jpg,a group of people standing on a field
./dataset/00004318.jpg,a large green field
./dataset/00004319.jpg,a football game is being played on the field
./dataset/00004320.jpg,a football player running with the ball
./dataset/00004321.jpg,a group of people
./dataset/00004322.jpg,the football team is running onto the field
./dataset/00004323.jpg,the patriots are playing in the nfl game
./dataset/00004324.jpg,a football player is running with the ball
./dataset/00004325.jpg,a man in a uniform
./dataset/00004326.jpg,a football game is being played on the field
./dataset/00004327.jpg,cheerleaders perform during the game
./dataset/00004328.jpg,a group of people playing a game of football
./dataset/00004329.jpg,a group of people playing a game of fr frc
./dataset/00004330.jpg,a crowd of people walking around a field
./dataset/00004331.jpg,a soccer player in action
./dataset/00004332.jpg,the field at the university of virginia stadium
./dataset/00004333.jpg,the washington redskins running for the ball
./dataset/00004334.jpg,a football player running with the ball
./dataset/00004335.jpg,a football game with a player running the ball
./dataset/00004336.jpg,"penn football players take the field for the start of the game against penn on saturday, sept 15"
./dataset/00004337.jpg,a football game is being played on the field
./dataset/00004338.jpg,a football game with a player running for the ball
./dataset/00004339.jpg,a football game is being played on the field
./dataset/00004340.jpg,a stadium with a football field and a skylight
./dataset/00004341.jpg,a football game is being played on the field
./dataset/00004342.jpg,a group of men standing on top of a soccer field
./dataset/00004343.jpg,a group of people playing soccer on a field
./dataset/00004344.jpg,the green bay packers are the only team in the nfl draft game
./dataset/00004345.jpg,a baseball stadium
./dataset/00004346.jpg,two young men running on a soccer field
./dataset/00004347.jpg,a football game with a player running for the ball
./dataset/00004348.jpg,a man in a red shirt
./dataset/00004349.jpg,a soccer field
./dataset/00004350.jpg,a group of young children playing football
./dataset/00004351.jpg,a football stadium
./dataset/00004352.jpg,a football player is running with the ball
./dataset/00004353.jpg,the view from the upper level of heinz stadium
./dataset/00004354.jpg,a man and woman standing in front of a football field
./dataset/00004355.jpg,a football game with players running on the field
./dataset/00004356.jpg,the michigan state football team is playing against michigan state
./dataset/00004357.jpg,a football game is being played on the field
./dataset/00004358.jpg,the giants are in the nfl playoffs
./dataset/00004359.jpg,a football game is being played on the field
./dataset/00004360.jpg,a football player catching a ball
./dataset/00004361.jpg,a baseball field
./dataset/00004362.jpg,a football player running with the ball
./dataset/00004363.jpg,a football game with players on the field
./dataset/00004364.jpg,a football game is being played on the field
./dataset/00004365.jpg,a football game is being played on the field
./dataset/00004366.jpg,a football game with a player running the ball
./dataset/00004367.jpg,a football game with players running on the field
./dataset/00004368.jpg,a group of people playing a game on a field
./dataset/00004369.jpg,a football game is being played on the field
./dataset/00004370.jpg,a football game with a player running the ball
./dataset/00004371.jpg,a football player running with the ball
./dataset/00004372.jpg,a football player running with the ball
./dataset/00004373.jpg,a football player running with the ball
./dataset/00004374.jpg,a football player running with the ball
./dataset/00004375.jpg,a football player running with the ball
./dataset/00004376.jpg,a young boy in a football uniform holding a ball
./dataset/00004377.jpg,a football game with many players on the field
./dataset/00004378.jpg,usc football vs usc
./dataset/00004379.jpg,a football game is being played in a stadium
./dataset/00004380.jpg,a man running with a football
./dataset/00004381.jpg,a football game with a player running the ball
./dataset/00004382.jpg,the michigan marching team at michigan's football game
./dataset/00004383.jpg,a soccer player
./dataset/00004384.jpg,a football player running with the ball
./dataset/00004385.jpg,a football game is being played on a field
./dataset/00004386.jpg,a man kneeling on the field
./dataset/00004387.jpg,the view from the end zone at soldier stadium
./dataset/00004388.jpg,a football player running with the ball
./dataset/00004389.jpg,a football game is being played on the field
./dataset/00004390.jpg,a group of young children playing football on a field
./dataset/00004391.jpg,a football player is about to throw the ball
./dataset/00004392.jpg,a large crowd of people
./dataset/00004393.jpg,a football game is being played on the field
./dataset/00004394.jpg,a football game is being played on a field
./dataset/00004395.jpg,a football player running with the ball
./dataset/00004396.jpg,a football game with players on the field
./dataset/00004397.jpg,a football game with players on the field
./dataset/00004398.jpg,the football field at the university of michigan
./dataset/00004399.jpg,the football players are running on the field
./dataset/00004400.jpg,a soccer player in the air
./dataset/00004401.jpg,a football player in a red and white uniform
./dataset/00004402.jpg,the football field at stanford stadium
./dataset/00004403.jpg,a football player running with the ball
./dataset/00004404.jpg,a football player catching a ball during a game
./dataset/00004405.jpg,a football game is being played on a field
./dataset/00004406.jpg,the green bay packers are the best team in the nfl
./dataset/00004407.jpg,a football player running with the ball
./dataset/00004408.jpg,a stadium filled with people
./dataset/00004409.jpg,the girls are playing soccer
./dataset/00004410.jpg,a football player is running with the ball
./dataset/00004411.jpg,the football team is getting ready to take on the field
./dataset/00004412.jpg,a group of people playing a game of football
./dataset/00004413.jpg,a man kicking a football
./dataset/00004414.jpg,a football player is making a tackle
./dataset/00004415.jpg,a football game with players on the field
./dataset/00004416.jpg,a football stadium
./dataset/00004417.jpg,a football field with a field and trees in the background
./dataset/00004418.jpg,a football player is running with the ball
./dataset/00004419.jpg,a man and a woman standing on a field
./dataset/00004420.jpg,a football game is being played on the field
./dataset/00004421.jpg,a football stadium with a field and a field
./dataset/00004422.jpg,a football player is running with the ball
./dataset/00004423.jpg,a football player is tackled by a player
./dataset/00004424.jpg,a stadium with a football field and a large screen
./dataset/00004425.jpg,a football player running with the ball
./dataset/00004426.jpg,the huskies football team runs onto the field
./dataset/00004427.jpg,a group of young people standing on a field
./dataset/00004428.jpg,a football card with a player running on it
./dataset/00004429.jpg,a football player is about to throw the ball
./dataset/00004430.jpg,a football player running with the ball
./dataset/00004431.jpg,a football game
./dataset/00004432.jpg,a group of people playing football on a field
./dataset/00004433.jpg,the university of michigan football team rug rug
./dataset/00004434.jpg,a football game with the ball being thrown
./dataset/00004435.jpg,a football game with players on the field
./dataset/00004436.jpg,a crowd of people
./dataset/00004437.jpg,a group of young boys playing football on a field
./dataset/00004438.jpg,a football player running with the ball
./dataset/00004439.jpg,a football player is tackled by another player
./dataset/00004440.jpg,a group of young men playing soccer on a field
./dataset/00004441.jpg,a football game is being played on the field
./dataset/00004442.jpg,a football player running with the ball
./dataset/00004443.jpg,a soccer game is being played on a soccer field
./dataset/00004444.jpg,a football player is running with the ball
./dataset/00004445.jpg,a football player is running with the ball
./dataset/00004446.jpg,the football players are playing on the field
./dataset/00004447.jpg,a football player running with the ball
./dataset/00004448.jpg,a group of people playing a game of football
./dataset/00004449.jpg,a football player is getting ready to throw the ball
./dataset/00004450.jpg,a man kneeling on a football field
./dataset/00004451.jpg,a football player is catching the ball
./dataset/00004452.jpg,a football player running with the ball
./dataset/00004453.jpg,a football player is running with the ball
./dataset/00004454.jpg,a football player is trying to catch the ball
./dataset/00004455.jpg,a stadium with a football field and a crowd
./dataset/00004456.jpg,a football player catching a ball
./dataset/00004457.jpg,a group of people playing a game of fr frc
./dataset/00004458.jpg,a football game in black and white
./dataset/00004459.jpg,a stadium with a lot of seats
./dataset/00004460.jpg,a football game with a player running for the ball
./dataset/00004461.jpg,the football field at the university of michigan
./dataset/00004462.jpg,a football player is tackled by a bunch of defenders
./dataset/00004463.jpg,a football player running with the ball
./dataset/00004464.jpg,a football stadium with a large crowd
./dataset/00004465.jpg,a man standing on a field with a football ball
./dataset/00004466.jpg,a crowd of people
./dataset/00004467.jpg,a group of people on a field
./dataset/00004468.jpg,a football game is being played on a large screen
./dataset/00004469.jpg,a man in a uniform
./dataset/00004470.jpg,a large crowd of people
./dataset/00004471.jpg,a field with trees and a red house in the background
./dataset/00004472.jpg,a football game with a player getting ready to block the ball
./dataset/00004473.jpg,a soccer field
./dataset/00004474.jpg,a baseball field with a fence and a ball
./dataset/00004475.jpg,a football player running with the ball
./dataset/00004476.jpg,a football player is making a tackle
./dataset/00004477.jpg,a football player running with the ball
./dataset/00004478.jpg,a football player running with the ball
./dataset/00004479.jpg,the cardinals are getting ready for the game
./dataset/00004480.jpg,a man in a white uniform
./dataset/00004481.jpg,a football game is being played on the field
./dataset/00004482.jpg,a football player running with the ball
./dataset/00004483.jpg,the football team is playing on the field
./dataset/00004484.jpg,a football player is running with the ball
./dataset/00004485.jpg,a football player is running with the ball
./dataset/00004486.jpg,the player is jumping
./dataset/00004487.jpg,a football player running with the ball
./dataset/00004488.jpg,a group of people running on a muddy track
./dataset/00004489.jpg,a football player is running with the ball
./dataset/00004490.jpg,a football game with a player running for the ball
./dataset/00004491.jpg,a football game with the ball in the air
./dataset/00004492.jpg,a group of people standing on a field
./dataset/00004493.jpg,a football player running with the ball
./dataset/00004494.jpg,a football player running with the ball
./dataset/00004495.jpg,a football game is being played on a sunny day
./dataset/00004496.jpg,a football player is running with the ball
./dataset/00004497.jpg,a football field
./dataset/00004498.jpg,a football game with players on the field
./dataset/00004499.jpg,a man in a red uniform running with a football
./dataset/00004500.jpg,a group of football players
./dataset/00004501.jpg,the football field at the stadium
./dataset/00004502.jpg,madden's game of the week
./dataset/00004503.jpg,a football game with a player running the ball
./dataset/00004504.jpg,the football field at the university of michigan
./dataset/00004505.jpg,a football player is running with the ball
./dataset/00004506.jpg,a football player is tackled by a defender
./dataset/00004507.jpg,a football game is being played on the field
./dataset/00004508.jpg,a group of young men playing football on a field
./dataset/00004509.jpg,a group of young men playing football on a field
./dataset/00004510.jpg,a group of young women standing in a circle
./dataset/00004511.jpg,a football player holding a ball on a field
./dataset/00004512.jpg,the broncos football team runs the ball during a game
./dataset/00004513.jpg,the field at the cleveland stadium
./dataset/00004514.jpg,a group of men playing soccer on a field
./dataset/00004515.jpg,a crowd of people watching a football game
./dataset/00004516.jpg,a football game is being played on the field
./dataset/00004517.jpg,a man running with a football
./dataset/00004518.jpg,two pictures of a person running on a field
./dataset/00004519.jpg,a snowy scene of a football field
./dataset/00004520.jpg,a group of people playing soccer on a field
./dataset/00004521.jpg,the colts play in the nfc game
./dataset/00004522.jpg,a football player is tackled by two defenders
./dataset/00004523.jpg,a football game with players running on the field
./dataset/00004524.jpg,a group of people standing on a field
./dataset/00004525.jpg,a football player is tackled by a group of defenders
./dataset/00004526.jpg,the cheer team is performing at the football game
./dataset/00004527.jpg,a football game is being played on a field
./dataset/00004528.jpg,a group of young men playing football on a field
./dataset/00004529.jpg,a soccer field
./dataset/00004530.jpg,a football field
./dataset/00004531.jpg,a field with a baseball field and a baseball field
./dataset/00004532.jpg,a football game is being played in a stadium
./dataset/00004533.jpg,a football game is being played on the field
./dataset/00004534.jpg,a football game with a player running for the ball
./dataset/00004535.jpg,the football team is playing on the field
./dataset/00004536.jpg,a large crowd of people in red shirts
./dataset/00004537.jpg,a football player throwing a ball
./dataset/00004538.jpg,a group of young people standing on a field
./dataset/00004539.jpg,a football game in the early 1960s
./dataset/00004540.jpg,the eagles are looking to make their roster
./dataset/00004541.jpg,a large stadium
./dataset/00004542.jpg,a football player running with the ball
./dataset/00004543.jpg,a stadium with a football field
./dataset/00004544.jpg,a man running on a field
./dataset/00004545.jpg,a field of grass
./dataset/00004546.jpg,a man running with a football
./dataset/00004547.jpg,a football player running with the ball
./dataset/00004548.jpg,a woman holding a sign at a football game
./dataset/00004549.jpg,a football game is being played on the field
./dataset/00004550.jpg,a football game with a group of players on the field
./dataset/00004551.jpg,a stadium with a soccer field and a soccer field
./dataset/00004552.jpg,a man in a referee's uniform
./dataset/00004553.jpg,two players in uniform
./dataset/00004554.jpg,the marching team at the football game
./dataset/00004555.jpg,a football player is running with the ball
./dataset/00004556.jpg,green bay coach mike kelly walks the field
./dataset/00004557.jpg,a football player is kneeling on the field
./dataset/00004558.jpg,a young man standing in a baseball field
./dataset/00004559.jpg,a man in a black shirt
./dataset/00004560.jpg,a man holding a football
./dataset/00004561.jpg,a football game is being played on the field
./dataset/00004562.jpg,a football game is being played on a field
./dataset/00004563.jpg,a group of young men playing a game of lacrosse
./dataset/00004564.jpg,a football game is being played on a field
./dataset/00004565.jpg,a football game is being played on a field
./dataset/00004566.jpg,the football field at the university of michigan
./dataset/00004567.jpg,the stadium is empty
./dataset/00004568.jpg,a group of young boys playing football on a field
./dataset/00004569.jpg,the players are walking on the field
./dataset/00004570.jpg,the football team is playing on the field
./dataset/00004571.jpg,the giants'defense is a big problem for the giants
./dataset/00004572.jpg,the washington redskins running the ball
./dataset/00004573.jpg,a football player is throwing the ball
./dataset/00004574.jpg,a football player is about to throw the ball
./dataset/00004575.jpg,a football player running with the ball
./dataset/00004576.jpg,a football game
./dataset/00004577.jpg,a group of people on a field
./dataset/00004578.jpg,a football stadium
./dataset/00004579.jpg,a football player is laying on the field
./dataset/00004580.jpg,a group of people playing football on a field
./dataset/00004581.jpg,a football player running with the ball
./dataset/00004582.jpg,the view from the end zone at the stadium
./dataset/00004583.jpg,a football player running with the ball
./dataset/00004584.jpg,"the university of minnesota campus in minneapolis, minnesota"
./dataset/00004585.jpg,a football game with a player running the ball
./dataset/00004586.jpg,a group of young children running on a field
./dataset/00004587.jpg,the football field at the university of notre
./dataset/00004588.jpg,the football player is running with the ball
./dataset/00004589.jpg,the redskins'quarterbacks are running for the ball
./dataset/00004590.jpg,a football game is being played in a stadium
./dataset/00004591.jpg,a group of men playing a game of frc
./dataset/00004592.jpg,a football player is hugging another player
./dataset/00004593.jpg,a view of a football field through a window
./dataset/00004594.jpg,a football game is being played on the field
./dataset/00004595.jpg,a large stadium
./dataset/00004596.jpg,a group of people playing soccer in a field
./dataset/00004597.jpg,the football field at texas stadium
./dataset/00004598.jpg,a football player is trying to get past a defender
./dataset/00004599.jpg,a group of football players on a field
./dataset/00004600.jpg,a football game is being played on the field
./dataset/00004601.jpg,a football player running with the ball
./dataset/00004602.jpg,a group of people standing on a field
./dataset/00004603.jpg,a football game with a referee and players
./dataset/00004604.jpg,a large metal sculpture
./dataset/00004605.jpg,"texas stadium, section 2, row 2, seat 10"
./dataset/00004606.jpg,a football player running with the ball
./dataset/00004607.jpg,a group of young men playing football on a field
./dataset/00004608.jpg,a football game with a player running the ball
./dataset/00004609.jpg,a man in a uniform
./dataset/00004610.jpg,a group of people standing around a lake
./dataset/00004611.jpg,a football player standing on the field
./dataset/00004612.jpg,the football team is running on the field
./dataset/00004613.jpg,a man running on a track
./dataset/00004614.jpg,a football stadium
./dataset/00004615.jpg,a football player running with the ball
./dataset/00004616.jpg,a football player is running on the field
./dataset/00004617.jpg,a group of people on a field playing baseball
./dataset/00004618.jpg,a football game with a player throwing the ball
./dataset/00004619.jpg,a stadium with a lot of people watching a football game
./dataset/00004620.jpg,the college football game
./dataset/00004621.jpg,a soccer player jumping up to head the ball
./dataset/00004622.jpg,a football game is being played
./dataset/00004623.jpg,a football player is running with the ball
./dataset/00004624.jpg,a football player is running with the ball
./dataset/00004625.jpg,a woman in a white uniform
./dataset/00004626.jpg,a football player in a field
./dataset/00004627.jpg,a football game is being played on the field
./dataset/00004628.jpg,the washington redskins and the washington redskins play in the nfc game
./dataset/00004629.jpg,a man standing in a stadium
./dataset/00004630.jpg,the football field at night
./dataset/00004631.jpg,a football stadium with a large crowd
./dataset/00004632.jpg,a young man running with a soccer ball
./dataset/00004633.jpg,a person is standing in a field with a fron
./dataset/00004634.jpg,the view from inside the stadium
./dataset/00004635.jpg,a football game with a player running for the ball
./dataset/00004636.jpg,a football player throwing a ball during a game
./dataset/00004637.jpg,a football player is running with the ball
./dataset/00004638.jpg,a football player is running with the ball
./dataset/00004639.jpg,a football player walking on the field
./dataset/00004640.jpg,a group of young men playing soccer on a field
./dataset/00004641.jpg,the football players are playing in the field
./dataset/00004642.jpg,a group of people standing on a field
./dataset/00004643.jpg,a group of young people playing football on a field
./dataset/00004644.jpg,a field with a soccer field and a soccer field
./dataset/00004645.jpg,a football player running with the ball
./dataset/00004646.jpg,a football game with a player running on the field
./dataset/00004647.jpg,the football stadium in the city of charlotte
./dataset/00004648.jpg,a group of people playing a game of football
./dataset/00004649.jpg,a football player is trying to get the ball
./dataset/00004650.jpg,a football player is running with the ball
./dataset/00004651.jpg,a football stadium
./dataset/00004652.jpg,the football field at night
./dataset/00004653.jpg,a view of a football stadium from the stands
./dataset/00004654.jpg,the football field at the university of california
./dataset/00004655.jpg,a football game with a player running the ball
./dataset/00004656.jpg,a baseball player pitching a ball on a baseball field
./dataset/00004657.jpg,a group of young people standing on a field
./dataset/00004658.jpg,a football player catching a ball on a field
./dataset/00004659.jpg,a soccer player is running after the ball
./dataset/00004660.jpg,a football player is tackled by a player
./dataset/00004661.jpg,a group of young football players
./dataset/00004662.jpg,a football game is being played on a rainy day
./dataset/00004663.jpg,a football player running with the ball
./dataset/00004664.jpg,a football player is tackled by a defender
./dataset/00004665.jpg,a man running with a football
./dataset/00004666.jpg,a football player is catching the ball
./dataset/00004667.jpg,a group of people on a field playing soccer
./dataset/00004668.jpg,a football player running with the ball
./dataset/00004669.jpg,a football player running with the ball
./dataset/00004670.jpg,a group of people standing around a referee
./dataset/00004671.jpg,a football field
./dataset/00004672.jpg,"adrian thomas, minnesota vikings"
./dataset/00004673.jpg,the marching team performs at the football game
./dataset/00004674.jpg,a football player throwing a ball
./dataset/00004675.jpg,a football player is running on the field
./dataset/00004676.jpg,a man running with a football
./dataset/00004677.jpg,a man in a uniform
./dataset/00004678.jpg,a football player running with the ball
./dataset/00004679.jpg,a football player is conged by his teammates
./dataset/00004680.jpg,a large crowd of people
./dataset/00004681.jpg,a stadium with a large crowd of people
./dataset/00004682.jpg,a football game is being played on a sunny day
./dataset/00004683.jpg,a crowd of people
./dataset/00004684.jpg,the cheerleaders are all in pink
./dataset/00004685.jpg,the football field
./dataset/00004686.jpg,a football player running with the ball
./dataset/00004687.jpg,a football game with a player running after the ball
./dataset/00004688.jpg,the washington redskins hut
./dataset/00004689.jpg,a football player is running with the ball
./dataset/00004690.jpg,a football player running on the field
./dataset/00004691.jpg,a baseball field
./dataset/00004692.jpg,the football team is running on the field
./dataset/00004693.jpg,the green bay packers are running for the ball
./dataset/00004694.jpg,a mascot is standing on the field
./dataset/00004695.jpg,a football game with players on the field
./dataset/00004696.jpg,a field with a house in the background
./dataset/00004697.jpg,a football player running with the ball
./dataset/00004698.jpg,the football team is getting ready to play
./dataset/00004699.jpg,a group of people playing a game of fr fr fr fr fr fr fr fr fr fr fr
./dataset/00004700.jpg,the football team is huddled in a hut
./dataset/00004701.jpg,a football player running with the ball
./dataset/00004702.jpg,a football game is being played in a stadium
./dataset/00004703.jpg,a group of people standing on a field
./dataset/00004704.jpg,the football team is playing on the field
./dataset/00004705.jpg,a football game is being played on the field
./dataset/00004706.jpg,a football game with the ball in the air
./dataset/00004707.jpg,a group of players
./dataset/00004708.jpg,a football player running with the ball
./dataset/00004709.jpg,a man in a white shirt
./dataset/00004710.jpg,a group of players playing a game on a field
./dataset/00004711.jpg,two young girls in cheer uniforms standing on a field
./dataset/00004712.jpg,a group of people playing football on a field
./dataset/00004713.jpg,a football game with a crowd of people watching
./dataset/00004714.jpg,a man is taking a picture of a group of people playing frc
./dataset/00004715.jpg,a field with a football game
./dataset/00004716.jpg,the football team is lined up on the field
./dataset/00004717.jpg,a football game is being played on the field
./dataset/00004718.jpg,a football player running with the ball
./dataset/00004719.jpg,a crowd of people watching a football game
./dataset/00004720.jpg,a football player is running with the ball
./dataset/00004721.jpg,a man in a helmet and a football uniform
./dataset/00004722.jpg,a football game
./dataset/00004723.jpg,a football player is running with the ball
./dataset/00004724.jpg,a crowd of people watching a football game
./dataset/00004725.jpg,"lincoln field, section 2, row 2, seat 10"
./dataset/00004726.jpg,a football player is running with the ball
./dataset/00004727.jpg,a group of people standing on a field
./dataset/00004728.jpg,green bay packers running back to the end zone
./dataset/00004729.jpg,a football game with a player running with the ball
./dataset/00004730.jpg,a football game is being played on the field
./dataset/00004731.jpg,a football game is being played on the field
./dataset/00004732.jpg,a stadium filled with people
./dataset/00004733.jpg,the football game is being played
./dataset/00004734.jpg,a football player running with the ball
./dataset/00004735.jpg,a football game
./dataset/00004736.jpg,a football game is being played on a field
./dataset/00004737.jpg,the stadium at the soccer stadium in the rain
./dataset/00004738.jpg,a football player running with the ball
./dataset/00004739.jpg,a football player running with the ball
./dataset/00004740.jpg,a football player running on a field
./dataset/00004741.jpg,the football game is being played
./dataset/00004742.jpg,the football team is playing in the rain
./dataset/00004743.jpg,a stadium with a soccer field and a cup
./dataset/00004744.jpg,the browns'quarterback is running with the ball
./dataset/00004745.jpg,a field with a red and white line
./dataset/00004746.jpg,a group of young people playing a game of football
./dataset/00004747.jpg,a football team is huddled up on the field
./dataset/00004748.jpg,the atlanta falcons running back to the receiver
./dataset/00004749.jpg,a football game is being played on the field
./dataset/00004750.jpg,a football player is trying to block a ball
./dataset/00004751.jpg,a football game with players on the field
./dataset/00004752.jpg,a football game is being played on a cloudy day
./dataset/00004753.jpg,a football stadium filled with fans and a field
./dataset/00004754.jpg,a man in a black suit and hat is standing on a field
./dataset/00004755.jpg,a football game with a player running for the ball
./dataset/00004756.jpg,a group of people playing a game of fr frc
./dataset/00004757.jpg,a stadium filled with people and a football field
./dataset/00004758.jpg,a football stadium
./dataset/00004759.jpg,the football field at the university of alabama
./dataset/00004760.jpg,a group of people playing frc
./dataset/00004761.jpg,a football player is running with the ball
./dataset/00004762.jpg,a football player is diving for the ball
./dataset/00004763.jpg,two football players are playing on the field
./dataset/00004764.jpg,a football field
./dataset/00004765.jpg,the stadium is shown in this image
./dataset/00004766.jpg,a football field
./dataset/00004767.jpg,a large crowd of people
./dataset/00004768.jpg,a football game with a referee and a referee
./dataset/00004769.jpg,a football field with the number 50 on it
./dataset/00004770.jpg,a crowd of people
./dataset/00004771.jpg,two football players running on a field
./dataset/00004772.jpg,a football game is being played on the field
./dataset/00004773.jpg,a football player in a green and white uniform
./dataset/00004774.jpg,a football game with players on the field
./dataset/00004775.jpg,the saints are celebrating their team's championship win
./dataset/00004776.jpg,a baseball field
./dataset/00004777.jpg,a woman in a purple shirt
./dataset/00004778.jpg,a group of people playing frc
./dataset/00004779.jpg,a football player running on the field
./dataset/00004780.jpg,a football game with a player running the ball
./dataset/00004781.jpg,a group of people playing soccer on a field
./dataset/00004782.jpg,a football game with a referee and referee
./dataset/00004783.jpg,the north carolina football team hus before a game
./dataset/00004784.jpg,a football field
./dataset/00004785.jpg,a football player throwing a ball
./dataset/00004786.jpg,the football team is playing on the field
./dataset/00004787.jpg,a football game is being played in a stadium
./dataset/00004788.jpg,the football team poses for a photo after winning the championship
./dataset/00004789.jpg,a football game with a player running the ball
./dataset/00004790.jpg,a football game with the ball in the air
./dataset/00004791.jpg,a map of a soccer field with a large white ball
./dataset/00004792.jpg,a man in a white uniform
./dataset/00004793.jpg,a man holding a scarf in front of a soccer field
./dataset/00004794.jpg,a football game is being played on the field
./dataset/00004795.jpg,a football game is being played
./dataset/00004796.jpg,a man and woman posing for a photo at a football game
./dataset/00004797.jpg,a football player is running with the ball
./dataset/00004798.jpg,a group of people standing on a field
./dataset/00004799.jpg,a group of people playing soccer on a field
./dataset/00004800.jpg,a football player running with the ball
./dataset/00004801.jpg,a football game with a player running the ball
./dataset/00004802.jpg,a group of people in suits and helmets on a field
./dataset/00004803.jpg,a man kicking a soccer ball on a field
./dataset/00004804.jpg,a football field with many people on it
./dataset/00004805.jpg,a football player running with the ball
./dataset/00004806.jpg,a football game with a player running the ball
./dataset/00004807.jpg,a man in a black jacket
./dataset/00004808.jpg,a group of young football players running on a field
./dataset/00004809.jpg,a football game
./dataset/00004810.jpg,a football player is running with the ball
./dataset/00004811.jpg,a football player in a uniform
./dataset/00004812.jpg,a group of people standing on a field
./dataset/00004813.jpg,a football player running with the ball
./dataset/00004814.jpg,a group of people standing on a field
./dataset/00004815.jpg,a man in a uniform
./dataset/00004816.jpg,a football game with a player running for the ball
./dataset/00004817.jpg,a football game is being played on the field
./dataset/00004818.jpg,a football player is tackled by a player
./dataset/00004819.jpg,a football player catching a ball on the field
./dataset/00004820.jpg,a soccer field with a flag on it
./dataset/00004821.jpg,a soccer field with a goal and a goal
./dataset/00004822.jpg,a football game is being played on a field
./dataset/00004823.jpg,the soccer team is celebrating after the game
./dataset/00004824.jpg,a group of people playing a game of soccer
./dataset/00004825.jpg,a football game is being played on the field
./dataset/00004826.jpg,a stadium at night
./dataset/00004827.jpg,a large crowd of people
./dataset/00004828.jpg,a football field
./dataset/00004829.jpg,a football player is running with the ball
./dataset/00004830.jpg,a football player running with a ball
./dataset/00004831.jpg,the crowd at the stadium with conta conta conta conta conta conta con
./dataset/00004832.jpg,a football player running with the ball
./dataset/00004833.jpg,a football game is being played on the field
./dataset/00004834.jpg,a football player running with the ball
./dataset/00004835.jpg,a football player running with the ball
./dataset/00004836.jpg,a football game is being played on the field
./dataset/00004837.jpg,the view from inside the stadium
./dataset/00004838.jpg,a large crowd of people
./dataset/00004839.jpg,a football game with a player running the ball
./dataset/00004840.jpg,a group of young children playing football
./dataset/00004841.jpg,a crowd of people watching a football game
./dataset/00004842.jpg,a football player running with the ball
./dataset/00004843.jpg,a football game with the ball in the air
./dataset/00004844.jpg,a football player running with the ball
./dataset/00004845.jpg,a football game with a player running on the field
./dataset/00004846.jpg,a football player running with the ball
./dataset/00004847.jpg,a group of soccer players celebrating a goal
./dataset/00004848.jpg,the football team is huddled up on the field
./dataset/00004849.jpg,a football player is catching the ball
./dataset/00004850.jpg,a football game with a player running for the ball
./dataset/00004851.jpg,a soccer field with a goal and goal posts
./dataset/00004852.jpg,a football stadium
./dataset/00004853.jpg,the football players are running on the field
./dataset/00004854.jpg,the sun sets over the field at michigan's memorial stadium
./dataset/00004855.jpg,a football player is trying to block the ball
./dataset/00004856.jpg,a football game is being played on the field
./dataset/00004857.jpg,a football player throwing a ball
./dataset/00004858.jpg,a football player is running with the ball
./dataset/00004859.jpg,a football game with a player running for the ball
./dataset/00004860.jpg,a man standing on a field
./dataset/00004861.jpg,a soccer player in action on the field
./dataset/00004862.jpg,a football field
./dataset/00004863.jpg,the green bay packers are the best team in the nfl
./dataset/00004864.jpg,a football game is being played on a large field
./dataset/00004865.jpg,a football stadium
./dataset/00004866.jpg,a soccer player is standing in front of the goal
./dataset/00004867.jpg,a group of people playing a game of football
./dataset/00004868.jpg,a group of young people playing a game of football
./dataset/00004869.jpg,a soccer field with a soccer goal and a soccer goal
./dataset/00004870.jpg,a football game is being played on a field
./dataset/00004871.jpg,a football game with a player running for the ball
./dataset/00004872.jpg,a man in a uniform
./dataset/00004873.jpg,a football game with players on the field
./dataset/00004874.jpg,a football player running with the ball
./dataset/00004875.jpg,a beer glass sitting on top of a table
./dataset/00004876.jpg,a football player is running with the ball
./dataset/00004877.jpg,a group of young boys playing football on a field
./dataset/00004878.jpg,a football player running with the ball
./dataset/00004879.jpg,a man holding a white fr fr fr
./dataset/00004880.jpg,a football field
./dataset/00004881.jpg,a baseball stadium
./dataset/00004882.jpg,a football player running with the ball
./dataset/00004883.jpg,a football field
./dataset/00004884.jpg,a man running with a football
./dataset/00004885.jpg,a football game is being played
./dataset/00004886.jpg,a football player is running with the ball
./dataset/00004887.jpg,a soccer field with a flag on it
./dataset/00004888.jpg,a crowd of people watching a football game
./dataset/00004889.jpg,fifa soccer 2012 - screenshote
./dataset/00004890.jpg,a football game is being played on the field
./dataset/00004891.jpg,a football player running on the field
./dataset/00004892.jpg,a football game is being played in a stadium
./dataset/00004893.jpg,the washington redskins players are all smiles after the game
./dataset/00004894.jpg,the man is wearing a helmet
./dataset/00004895.jpg,a football game with a referee and a referee
./dataset/00004896.jpg,a view of a football stadium with a crowd
./dataset/00004897.jpg,a band playing on a field
./dataset/00004898.jpg,a football player running with the ball
./dataset/00004899.jpg,a woman in a uniform
./dataset/00004900.jpg,a couple of people
./dataset/00004901.jpg,a football game is being played on a field
./dataset/00004902.jpg,a man running with a football
./dataset/00004903.jpg,a group of people playing soccer on a field
./dataset/00004904.jpg,a football game with a crowd watching
./dataset/00004905.jpg,a football player running with the ball
./dataset/00004906.jpg,the detroit lions football field
./dataset/00004907.jpg,a group of people standing on a field
./dataset/00004908.jpg,a football player running with the ball
./dataset/00004909.jpg,a football player is running with the ball
./dataset/00004910.jpg,the proposed stadium for the 202 202 202 202 202 202 202 202 202 202 202 202 202 202
./dataset/00004911.jpg,a football field with the numbers 20 and 20 on it
./dataset/00004912.jpg,a stadium with a green field and a blue sky
./dataset/00004913.jpg,a football game is being played on the field
./dataset/00004914.jpg,a group of people are playing on a field
./dataset/00004915.jpg,a group of men standing on a field
./dataset/00004916.jpg,a football game is being played on the field
./dataset/00004917.jpg,a man in a uniform
./dataset/00004918.jpg,a group of people standing on a field
./dataset/00004919.jpg,a person holding a flag on a field
./dataset/00004920.jpg,a football player running with the ball
./dataset/00004921.jpg,a football game with a player running the ball
./dataset/00004922.jpg,the broncos football team playing on the field
./dataset/00004923.jpg,a group of people playing football on a field
./dataset/00004924.jpg,the redskins'defense is a big problem
./dataset/00004925.jpg,a football player is tackled by another players
./dataset/00004926.jpg,a football player running with the ball
./dataset/00004927.jpg,the football field at west virginia stadium
./dataset/00004928.jpg,a football team is on the field
./dataset/00004929.jpg,a football game is being played on the field
./dataset/00004930.jpg,a group of people standing around a boy
./dataset/00004931.jpg,a football player running with the ball
./dataset/00004932.jpg,a football field
./dataset/00004933.jpg,a blue sky
./dataset/00004934.jpg,a group of football players running on a field
./dataset/00004935.jpg,a football player is getting ready to throw the ball
./dataset/00004936.jpg,the football team is running on the field
./dataset/00004937.jpg,a football player running with the ball
./dataset/00004938.jpg,a field with a red and white field
./dataset/00004939.jpg,an aerial view of the football field at the university of washington
./dataset/00004940.jpg,a man in a football uniform
./dataset/00004941.jpg,a football game is being played in a stadium
./dataset/00004942.jpg,a football player running with the ball
./dataset/00004943.jpg,a group of men walking across a soccer field
./dataset/00004944.jpg,a football field
./dataset/00004945.jpg,a football player is hugging another player
./dataset/00004946.jpg,a football game with the team running on the field
./dataset/00004947.jpg,a rendering of a football stadium
./dataset/00004948.jpg,a group of people playing a game of volleyball
./dataset/00004949.jpg,a football stadium
./dataset/00004950.jpg,a football game is being played on the field
./dataset/00004951.jpg,a football game is being played on a field
./dataset/00004952.jpg,the football field at the university of virginia
./dataset/00004953.jpg,the football field
./dataset/00004954.jpg,an old photo of a baseball field with a crowd
./dataset/00004955.jpg,a football game is being played
./dataset/00004956.jpg,a man throwing a football
./dataset/00004957.jpg,a football game is being played in a stadium
./dataset/00004958.jpg,a football game is being played on the field
./dataset/00004959.jpg,a football game with a player running the ball
./dataset/00004960.jpg,a football player running with the ball
./dataset/00004961.jpg,a football player running with the ball
./dataset/00004962.jpg,a football game is being played on the field
./dataset/00004963.jpg,a football player is running with the ball
./dataset/00004964.jpg,a football player running with the ball
./dataset/00004965.jpg,a man in a uniform
./dataset/00004966.jpg,the cheer team is performing on the field
./dataset/00004967.jpg,a group of people playing a game of fr fr fr fr fr fr fr fr fr fr fr
./dataset/00004968.jpg,a man is laying on the ground
./dataset/00004969.jpg,a football field with a red and white field
./dataset/00004970.jpg,a football game with a crowd watching
./dataset/00004971.jpg,the new stadium at soldier stadium
./dataset/00004972.jpg,a man running with a football
./dataset/00004973.jpg,a group of people standing on a field
./dataset/00004974.jpg,a football game is being played on a field
./dataset/00004975.jpg,a young boy throwing a football ball
./dataset/00004976.jpg,a football player walking on the field
./dataset/00004977.jpg,a band of people standing on a field
./dataset/00004978.jpg,a football game is being played on the field
./dataset/00004979.jpg,a football game with the ball in the air
./dataset/00004980.jpg,a football player running with the ball
./dataset/00004981.jpg,a football player running with the ball
./dataset/00004982.jpg,a group of people on a field playing football
./dataset/00004983.jpg,the view from the end zone at lamb stadium
./dataset/00004984.jpg,a man throwing a football
./dataset/00004985.jpg,the football field at the university of michigan
./dataset/00004986.jpg,a group of young girls playing soccer on a field
./dataset/00004987.jpg,an aerial view of the proposed tennis courts
./dataset/00004988.jpg,a stadium with a football field and a stadium
./dataset/00004989.jpg,a man in a blue shirt
./dataset/00004990.jpg,a group of people standing on a field
./dataset/00004991.jpg,a football game with a player running the ball
./dataset/00004992.jpg,"the clemson stadium in clemson, where clemson is the home of the clemson football team"
./dataset/00004993.jpg,a football player running with a ball
./dataset/00004994.jpg,a group of men playing soccer on a field
./dataset/00004995.jpg,a group of young men sitting on a stage
./dataset/00004996.jpg,a group of young men playing a game of rugby
./dataset/00004997.jpg,a view of a field from a building
./dataset/00004998.jpg,a football game with the players running for the ball
./dataset/00004999.jpg,a football player running with the ball
./dataset/00005000.jpg,a man in a uniform
